"","coef_D1_std_1se.169.44","coef_D1_std_1se.169.440343145091","coef_D1_std_1se.4","coef_D1_std_cv.0.27","coef_D1_std_cv.0.269527477626208","coef_D1_std_cv.23"
"1",-0.00617828553318003,169.440343145091,4,-0.0289784014501752,0.269527477626208,23
"2",-0.00617828554337521,169.440343145091,4,-0.0289784014501343,0.269527477626208,23
"3",-0.00617828548850156,169.440343145091,4,-0.0289784014493937,0.269527477626208,23
"4",-0.00617828557965863,169.440343145091,4,-0.0289784014501146,0.269527477626208,23
"5",-0.00617828528933274,169.440343145091,4,-0.0289784014474236,0.269527477626208,23
"6",-0.00617828559784591,169.440343145091,4,-0.0289784014509598,0.269527477626208,23
"7",-0.00617828540151715,169.440343145091,4,-0.0289784014480461,0.269527477626208,23
"8",-0.00617828528188437,169.440343145091,4,-0.0289784014472922,0.269527477626208,23
"9",-0.00617828518501491,169.440343145091,4,-0.028978401447757,0.269527477626208,23
"10",-0.00617828540616554,169.440343145091,4,-0.028978401449119,0.269527477626208,23
"11",-0.00617828577467101,169.440343145091,4,-0.0289784014521664,0.269527477626208,23
"12",-0.00617828520228575,169.440343145091,4,-0.0289784014474413,0.269527477626208,23
"13",-0.0061782851841231,169.440343145091,4,-0.0289784014473801,0.269527477626208,23
"14",-0.00617828512339371,169.440343145091,4,-0.0289784014472973,0.269527477626208,23
"15",-0.00617828612792345,169.440343145091,4,-0.0289784014543081,0.269527477626208,23
"16",-0.00617828526150583,169.440343145091,4,-0.0289784014487798,0.269527477626208,23
"17",-0.00617828546123358,169.440343145091,4,-0.0289784014495976,0.269527477626208,23
"18",-0.00617828549424419,169.440343145091,4,-0.0289784014504437,0.269527477626208,23
"19",-0.00617828489489353,169.440343145091,4,-0.0289784014471841,0.269527477626208,23
"20",-0.00617828537404537,169.440343145091,4,-0.0289784014487579,0.269527477626208,23
"21",-0.00617828498523269,169.440343145091,4,-0.028978401447715,0.269527477626208,23
"22",-0.00617828506879907,169.440343145091,4,-0.0289784014478195,0.269527477626208,23
"23",-0.00617828569100953,169.440343145091,4,-0.0289784014502384,0.269527477626208,23
"24",-0.00617828599002591,169.440343145091,4,-0.0289784014507659,0.269527477626208,23
"25",-0.00617828508207611,169.440343145091,4,-0.0289784014484681,0.269527477626208,23
"26",-0.00617828549749959,169.440343145091,4,-0.0289784014489076,0.269527477626208,23
"27",-0.00617828523959479,169.440343145091,4,-0.0289784014487946,0.269527477626208,23
"28",-0.00617828489419285,169.440343145091,4,-0.0289784014480863,0.269527477626208,23
"29",-0.00617828563750985,169.440343145091,4,-0.0289784014498674,0.269527477626208,23
"30",-0.00617828525184418,169.440343145091,4,-0.0289784014489456,0.269527477626208,23
"31",-0.00617828560832699,169.440343145091,4,-0.0289784014497867,0.269527477626208,23
"32",-0.00617828516150097,169.440343145091,4,-0.0289784014486075,0.269527477626208,23
"33",-0.00617828637223687,169.440343145091,4,-0.0289784014527058,0.269527477626208,23
"34",-0.00617828406822344,169.440343145091,4,-0.0289784014448413,0.269527477626208,23
"35",-0.00617828511060571,169.440343145091,4,-0.0289784014486142,0.269527477626208,23
"36",-0.00617828715345498,169.440343145091,4,-0.0289784014541787,0.269527477626208,23
"37",-0.00617828465821399,169.440343145091,4,-0.028978401446892,0.269527477626208,23
"38",-0.00617828555179781,169.440343145091,4,-0.0289784014498549,0.269527477626208,23
"39",-0.00617828538609066,169.440343145091,4,-0.0289784014492268,0.269527477626208,23
"40",-0.00617828681289687,169.440343145091,4,-0.0289784014535556,0.269527477626208,23
"41",-0.00617828482857708,169.440343145091,4,-0.028978401446802,0.269527477626208,23
"42",-0.00617828633989452,169.440343145091,4,-0.0289784014521313,0.269527477626208,23
"43",-0.00617828415880919,169.440343145091,4,-0.0289784014460154,0.269527477626208,23
"44",-0.00617828556743563,169.440343145091,4,-0.0289784014495488,0.269527477626208,23
"45",-0.00617828560049798,169.440343145091,4,-0.0289784014511997,0.269527477626208,23
"46",-0.00617828467899291,169.440343145091,4,-0.0289784014483125,0.269527477626208,23
"47",-0.00617828635776823,169.440343145091,4,-0.0289784014528231,0.269527477626208,23
"48",-0.00617828439102492,169.440343145091,4,-0.0289784014468031,0.269527477626208,23
"49",-0.00617828526002068,169.440343145091,4,-0.0289784014502025,0.269527477626208,23
"50",-0.00617828770207184,169.440343145091,4,-0.0289784014563736,0.269527477626208,23
"51",-0.00617828627479586,169.440343145091,4,-0.0289784014530327,0.269527477626208,23
"52",-0.0061782871038435,169.440343145091,4,-0.0289784014540678,0.269527477626208,23
"53",-0.00617828453123415,169.440343145091,4,-0.0289784014485856,0.269527477626208,23
"54",-0.00617828431137078,169.440343145091,4,-0.0289784014482049,0.269527477626208,23
"55",-0.00617828653992361,169.440343145091,4,-0.028978401452785,0.269527477626208,23
"56",-0.00617828330355559,169.440343145091,4,-0.0289784014457545,0.269527477626208,23
"57",-0.00617828540927258,169.440343145091,4,-0.0289784014504375,0.269527477626208,23
"58",-0.00617828847579512,169.440343145091,4,-0.0289784014574859,0.269527477626208,23
"59",-0.00617828457430289,169.440343145091,4,-0.0289784014481831,0.269527477626208,23
"60",-0.00617828314750359,169.440343145091,4,-0.0289784014455457,0.269527477626208,23
"61",-0.00617828666054535,169.440343145091,4,-0.0289784014532921,0.269527477626208,23
"62",-0.00617828505522606,169.440343145091,4,-0.0289784014491359,0.269527477626208,23
"63",-0.00617828400540551,169.440343145091,4,-0.0289784014469689,0.269527477626208,23
"64",-0.00617828144359323,169.440343145091,4,-0.0289784014414158,0.269527477626208,23
"65",-0.00617828807265537,169.440343145091,4,-0.028978401455609,0.269527477626208,23
"66",-0.00617828769386228,169.440343145091,4,-0.0289784014563364,0.269527477626208,23
"67",-0.00617828557390292,169.440343145091,4,-0.0289784014496101,0.269527477626208,23
"68",-0.00617828358953638,169.440343145091,4,-0.0289784014440239,0.269527477626208,23
"69",-0.00617828401835385,169.440343145091,4,-0.0289784014453655,0.269527477626208,23
"70",-0.00617828230804447,169.440343145091,4,-0.0289784014409339,0.269527477626208,23
"71",-0.00617828559558048,169.440343145091,4,-0.0289784014508119,0.269527477626208,23
"72",-0.00617828717656542,169.440343145091,4,-0.0289784014557249,0.269527477626208,23
"73",-0.0061782863968925,169.440343145091,4,-0.0289784014462793,0.269527477626208,23
"74",-0.00617828603402574,169.440343145091,4,-0.0289784014438499,0.269527477626208,23
"75",-0.00617828406791884,169.440343145091,4,-0.0289784014571122,0.269527477626208,23
"76",-0.00617828795895203,169.440343145091,4,-0.028978401448806,0.269527477626208,23
"77",-0.00617828417081002,169.440343145091,4,0.0103631575693367,0.269527477626208,23
"78",-0.00617828527481768,169.440343145091,4,0.0103631575642847,0.269527477626208,23
"79",-0.00617828639201432,169.440343145091,4,0.0103631575619581,0.269527477626208,23
"80",-0.00617828588117516,169.440343145091,4,0.0103631575663741,0.269527477626208,23
"81",-0.00617827965046147,169.440343145091,4,0.010363157583032,0.269527477626208,23
"82",-0.00617828408671943,169.440343145091,4,0.01036315756924,0.269527477626208,23
"83",-0.00617828677615025,169.440343145091,4,0.0103631575626284,0.269527477626208,23
"84",-0.0061782892366399,169.440343145091,4,0.0103631575564827,0.269527477626208,23
"85",-0.00617828436046182,169.440343145091,4,0.0103631575676091,0.269527477626208,23
"86",-0.00617828495960478,169.440343145091,4,0.010363157566928,0.269527477626208,23
"87",-0.00617828477944497,169.440343145091,4,0.010363157566586,0.269527477626208,23
"88",-0.00617828319634147,169.440343145091,4,0.0103631575705556,0.269527477626208,23
"89",-0.00617828438275754,169.440343145091,4,0.0103631575682026,0.269527477626208,23
"90",-0.00617828623339108,169.440343145091,4,0.0103631575642848,0.269527477626208,23
"91",-0.00617828442186908,169.440343145091,4,0.0103631575681362,0.269527477626208,23
"92",-0.00617828662586915,169.440343145091,4,0.0103631575623128,0.269527477626208,23
"93",-0.00617828326374444,169.440343145091,4,0.0103631575697476,0.269527477626208,23
"94",-0.00617828679352129,169.440343145091,4,0.0103631575622096,0.269527477626208,23
"95",-0.00617828488450759,169.440343145091,4,0.0103631575653194,0.269527477626208,23
"96",-0.00617828524304444,169.440343145091,4,0.0103631575684158,0.269527477626208,23
"97",-0.00617828506158145,169.440343145091,4,0.010363157568769,0.269527477626208,23
"98",-0.00617828374946773,169.440343145091,4,0.0103631575652566,0.269527477626208,23
"99",-0.00617828682852492,169.440343145091,4,0.0103631575694742,0.269527477626208,23
"100",-0.00617828542085719,169.440343145091,4,0.0103631575629755,0.269527477626208,23
"101",-0.00617828377913333,169.440343145091,4,0.0103631575686645,0.269527477626208,23
"102",-0.00617828386317849,169.440343145091,4,0.0103631575660214,0.269527477626208,23
"103",-0.00617828389288449,169.440343145091,4,0.0103631575670746,0.269527477626208,23
"104",-0.0061782858141806,169.440343145091,4,0.0103631575637362,0.269527477626208,23
"105",-0.00617828623057573,169.440343145091,4,0.0103631575629066,0.269527477626208,23
"106",-0.00617829150367688,169.440343145091,4,0.0103631575528839,0.269527477626208,23
"107",-0.00617828332490847,169.440343145091,4,0.0103631575670724,0.269527477626208,23
"108",-0.00617828702705475,169.440343145091,4,0.0103631575616445,0.269527477626208,23
"109",-0.00617828457858989,169.440343145091,4,0.0103631575653031,0.269527477626208,23
"110",-0.00617828941797543,169.440343145091,4,0.0103631575574704,0.269527477626208,23
"111",-0.00617828389683486,169.440343145091,4,0.0103631575650978,0.269527477626208,23
"112",-0.00617827939495152,169.440343145091,4,0.0103631575729578,0.269527477626208,23
"113",-0.00617828770410971,169.440343145091,4,0.0103631575594396,0.269527477626208,23
"114",-0.00617828445463678,169.440343145091,4,0.0103631575652424,0.269527477626208,23
"115",-0.00617828462669441,169.440343145091,4,0.0103631575648977,0.269527477626208,23
"116",-0.00617828796304603,169.440343145091,4,0.0103631575588748,0.269527477626208,23
"117",-0.00617828196276404,169.440343145091,4,0.0103631575676553,0.269527477626208,23
"118",-0.00617828085123832,169.440343145091,4,0.010363157565169,0.269527477626208,23
"119",-0.00617828458929048,169.440343145091,4,0.0103631575692413,0.269527477626208,23
"120",-0.00617828572221578,169.440343145091,4,0.0103631575637189,0.269527477626208,23
"121",-0.0061782876973409,169.440343145091,4,0.010363157567429,0.269527477626208,23
"122",-0.00617828536555671,169.440343145091,4,0.0103631575617815,0.269527477626208,23
"123",-0.00617829033234407,169.440343145091,4,0.010363157556018,0.269527477626208,23
"124",-0.00617828976553519,169.440343145091,4,0.0103631575577625,0.269527477626208,23
"125",-0.00617828684722574,169.440343145091,4,0.0103631575616594,0.269527477626208,23
"126",-0.00617828577889357,169.440343145091,4,0.0103631575623982,0.269527477626208,23
"127",-0.00617828226626721,169.440343145091,4,0.010363157569335,0.269527477626208,23
"128",-0.00617828818326558,169.440343145091,4,0.010363157560218,0.269527477626208,23
"129",-0.00617828364648999,169.440343145091,4,0.0103631575650345,0.269527477626208,23
"130",-0.00617828273004638,169.440343145091,4,0.0103631575683079,0.269527477626208,23
"131",-0.00617829078893309,169.440343145091,4,0.0103631575609052,0.269527477626208,23
"132",-0.0061782850842607,169.440343145091,4,0.0103631575671215,0.269527477626208,23
"133",-0.0061782797958013,169.440343145091,4,0.0103631575610593,0.269527477626208,23
"134",-0.00617828685658632,169.440343145091,4,0.0103631575574384,0.269527477626208,23
"135",-0.00617827868356816,169.440343145091,4,0.0103631575644987,0.269527477626208,23
"136",-0.00617828345224525,169.440343145091,4,0.0103631575625275,0.269527477626208,23
"137",-0.00617828432402135,169.440343145091,4,0.0103631575631657,0.269527477626208,23
"138",-0.0061782849084759,169.440343145091,4,0.0103631575596026,0.269527477626208,23
"139",-0.00617828680087658,169.440343145091,4,0.0103631575616228,0.269527477626208,23
"140",-0.00617828552029401,169.440343145091,4,0.0103631575592112,0.269527477626208,23
"141",-0.00617828117321575,169.440343145091,4,0.01036315756974,0.269527477626208,23
"142",-0.00617828146341702,169.440343145091,4,0.0103631575686519,0.269527477626208,23
"143",-0.00617828537097109,169.440343145091,4,0.010363157563014,0.269527477626208,23
"144",-0.00617828552140498,169.440343145091,4,0.0103631575653137,0.269527477626208,23
"145",-0.00617828315650317,169.440343145091,4,0.0103631575663372,0.269527477626208,23
"146",-0.00617828642637831,169.440343145091,4,0.0103631575638795,0.269527477626208,23
"147",-0.00617828740287962,169.440343145091,4,0.0103631575618237,0.269527477626208,23
"148",-0.00617828208784038,169.440343145091,4,0.0103631575664768,0.269527477626208,23
"149",-0.00617828582048833,169.440343145091,4,0.0103631575646763,0.269527477626208,23
"150",-0.00617828925673725,169.440343145091,4,0.0103631575624092,0.269527477626208,23
"151",-0.00617828448289199,169.440343145091,4,0.0103631575647784,0.269527477626208,23
"152",-0.00617828268956186,169.440343145091,4,0.0103631575660244,0.269527477626208,23
"153",-0.00617828500031072,169.440343145091,4,0.0103631575650096,0.269527477626208,23
"154",-0.00617828277886507,169.440343145091,4,0.0103631575633023,0.269527477626208,23
"155",-0.0061782842360687,169.440343145091,4,0.010363157566868,0.269527477626208,23
"156",-0.00617828686065774,169.440343145091,4,0.010363157565811,0.269527477626208,23
"157",-0.00617828747630053,169.440343145091,4,0.0103631575639616,0.269527477626208,23
"158",-0.00617828949998558,169.440343145091,4,0.0103631575628974,0.269527477626208,23
"159",-0.00617827623413423,169.440343145091,4,0.0103631575723337,0.269527477626208,23
"160",-0.00617829006715967,169.440343145091,4,0.0103631575631395,0.269527477626208,23
"161",-0.00617828355002573,169.440343145091,4,0.0103631575658305,0.269527477626208,23
"162",-0.0061782791504696,169.440343145091,4,0.0103631575703627,0.269527477626208,23
"163",-0.00617828763955354,169.440343145091,4,0.0103631575626288,0.269527477626208,23
"164",-0.0061782846595081,169.440343145091,4,0.0103631575663332,0.269527477626208,23
"165",-0.00617828366599073,169.440343145091,4,0.0103631575672493,0.269527477626208,23
"166",-0.00617828540599733,169.440343145091,4,0.0103631575662174,0.269527477626208,23
"167",-0.00617828675847732,169.440343145091,4,0.0103631575657453,0.269527477626208,23
"168",-0.00617828955912692,169.440343145091,4,0.0103631575520833,0.269527477626208,23
"169",-0.00617828183691239,169.440343145091,4,0.0103631575663433,0.269527477626208,23
"170",-0.00617828905946361,169.440343145091,4,0.0103631575604916,0.269527477626208,23
"171",-0.00617828148330311,169.440343145091,4,0.0103631575652967,0.269527477626208,23
"172",-0.0061782858338348,169.440343145091,4,0.0103631575655726,0.269527477626208,23
"173",-0.00617828367822438,169.440343145091,4,0.010363157566154,0.269527477626208,23
"174",-0.0061782869808721,169.440343145091,4,0.0103631575618629,0.269527477626208,23
"175",-0.00617828526673287,169.440343145091,4,0.0103631575683342,0.269527477626208,23
"176",-0.00617829012287274,169.440343145091,4,0.0103631575634034,0.269527477626208,23
"177",-0.00617828394982061,169.440343145091,4,0.0103631575688323,0.269527477626208,23
"178",-0.0061782879719616,169.440343145091,4,0.0103631575592396,0.269527477626208,23
"179",-0.00617828506182,169.440343145091,4,0.0103631575677291,0.269527477626208,23
"180",-0.00617828797297189,169.440343145091,4,0.010363157558945,0.269527477626208,23
"181",-0.00617829197299443,169.440343145091,4,0.0103631575610919,0.269527477626208,23
"182",-0.00617827949684413,169.440343145091,4,0.0103631575670126,0.269527477626208,23
"183",-0.00617828580621756,169.440343145091,4,0.0103631575637538,0.269527477626208,23
"184",-0.00617828020940389,169.440343145091,4,0.0103631575683909,0.269527477626208,23
"185",-0.00617828656936929,169.440343145091,4,0.0103631575637176,0.269527477626208,23
"186",-0.00617827934328821,169.440343145091,4,0.0103631575684397,0.269527477626208,23
"187",-0.00617829001759949,169.440343145091,4,0.0103631575618473,0.269527477626208,23
"188",-0.0061782910034689,169.440343145091,4,0.0103631575631675,0.269527477626208,23
"189",-0.00617829078869519,169.440343145091,4,0.0103631575594767,0.269527477626208,23
"190",-0.0061782870404177,169.440343145091,4,0.0103631575640721,0.269527477626208,23
"191",-0.00617828562864957,169.440343145091,4,0.0103631575645722,0.269527477626208,23
"192",-0.00617828091944096,169.440343145091,4,0.0103631575646723,0.269527477626208,23
"193",-0.00617828910254645,169.440343145091,4,0.010363157561585,0.269527477626208,23
"194",-0.00617828032355281,169.440343145091,4,0.0103631575613848,0.269527477626208,23
"195",-0.00617829327682536,169.440343145091,4,0.0103631575617001,0.269527477626208,23
"196",-0.00617828449544788,169.440343145091,4,0.0103631575646555,0.269527477626208,23
"197",-0.00617828807718504,169.440343145091,4,0.0103631575655885,0.269527477626208,23
"198",-0.00617828615901073,169.440343145091,4,0.0103631575641682,0.269527477626208,23
"199",-0.00617828567244202,169.440343145091,4,0.0103631575617846,0.269527477626208,23
"200",-0.00617828051820993,169.440343145091,4,0.0103631575649083,0.269527477626208,23
"201",-0.00617828839182398,169.440343145091,4,0.0103631575629475,0.269527477626208,23
"202",-0.00617828677668742,169.440343145091,4,0.0103631575642194,0.269527477626208,23
"203",-0.00617828623625645,169.440343145091,4,0.0103631575669337,0.269527477626208,23
"204",-0.0061782905754742,169.440343145091,4,0.0103631575663208,0.269527477626208,23
"205",-0.00617828226910177,169.440343145091,4,0.0103631575640299,0.269527477626208,23
"206",-0.00617828960039402,169.440343145091,4,0.0103631575621979,0.269527477626208,23
"207",-0.00617829107887322,169.440343145091,4,0.0103631575646746,0.269527477626208,23
"208",-0.00617828119228977,169.440343145091,4,0.0103631575649503,0.269527477626208,23
"209",-0.00617828717537167,169.440343145091,4,0.0103631575655819,0.269527477626208,23
"210",-0.00617828446473624,169.440343145091,4,0.0103631575650128,0.269527477626208,23
"211",-0.00617828112117091,169.440343145091,4,0.0103631575622265,0.269527477626208,23
"212",-0.00617828266105044,169.440343145091,4,0.010363157564062,0.269527477626208,23
"213",0.00382476828325642,169.440343145091,4,0.0103631575644323,0.269527477626208,23
"214",0.00382476599081282,169.440343145091,4,0.0103631575649517,0.269527477626208,23
"215",0.00382476809674863,169.440343145091,4,0.0103631575658741,0.269527477626208,23
"216",0.00382476525377055,169.440343145091,4,0.0103631575663275,0.269527477626208,23
"217",0.00382477186278374,169.440343145091,4,0.0103631575642439,0.269527477626208,23
"218",0.00382475966808649,169.440343145091,4,0.0103631575667546,0.269527477626208,23
"219",0.00382477146240475,169.440343145091,4,0.0103631575633647,0.269527477626208,23
"220",0.00382476794450369,169.440343145091,4,0.0103631575616912,0.269527477626208,23
"221",0.00382476546537842,169.440343145091,4,0.0103631575629009,0.269527477626208,23
"222",0.0038247648171635,169.440343145091,4,0.0103631575645219,0.269527477626208,23
"223",0.00382477256875669,169.440343145091,4,0.0103631575611933,0.269527477626208,23
"224",0.0038247622602864,169.440343145091,4,0.0103631575668606,0.269527477626208,23
"225",0.0038247665492173,169.440343145091,4,0.0103631575624869,0.269527477626208,23
"226",0.00382476928208657,169.440343145091,4,0.0103631575595101,0.269527477626208,23
"227",0.00382476936650006,169.440343145091,4,0.0103631575617874,0.269527477626208,23
"228",0.00382476120591366,169.440343145091,4,0.0103631575675678,0.269527477626208,23
"229",0.00382476883566405,169.440343145091,4,0.0103631575660008,0.269527477626208,23
"230",0.00382476663051377,169.440343145091,4,0.0103631575648811,0.269527477626208,23
"231",0.00382476700274758,169.440343145091,4,0.0103631575645131,0.269527477626208,23
"232",0.00382477038377596,169.440343145091,4,0.0103631575642302,0.269527477626208,23
"233",0.00382476081363002,169.440343145091,4,0.0103631575592169,0.269527477626208,23
"234",0.00382477078336447,169.440343145091,4,0.0103631575655331,0.269527477626208,23
"235",0.00382476301374333,169.440343145091,4,0.0103631575707788,0.269527477626208,23
"236",0.00382476823741259,169.440343145091,4,0.0103631575602983,0.269527477626208,23
"237",0.00382476302339245,169.440343145091,4,-0.0599750503504885,0.269527477626208,23
"238",0.00382476490579465,169.440343145091,4,-0.0599750503423201,0.269527477626208,23
"239",0.00382476505291156,169.440343145091,4,-0.0599750503464581,0.269527477626208,23
"240",0.00382476647955994,169.440343145091,4,-0.0599750503462003,0.269527477626208,23
"241",0.00382476679278773,169.440343145091,4,-0.0599750503476754,0.269527477626208,23
"242",0.00382476580416906,169.440343145091,4,-0.0599750503438486,0.269527477626208,23
"243",0.00382476895402411,169.440343145091,4,-0.0599750503536826,0.269527477626208,23
"244",0.00382476583950023,169.440343145091,4,-0.0599750503457178,0.269527477626208,23
"245",0.0038247666475063,169.440343145091,4,-0.0599750503465717,0.269527477626208,23
"246",0.00382476973823337,169.440343145091,4,-0.0599750503519688,0.269527477626208,23
"247",0.00382476887927211,169.440343145091,4,-0.0599750503507815,0.269527477626208,23
"248",0.00382476379859323,169.440343145091,4,-0.0599750503444167,0.269527477626208,23
"249",0.00382476455342502,169.440343145091,4,-0.059975050346726,0.269527477626208,23
"250",0.00382476539159001,169.440343145091,4,-0.0599750503433948,0.269527477626208,23
"251",0.0038247675913881,169.440343145091,4,-0.0599750503489384,0.269527477626208,23
"252",0.00382476550583433,169.440343145091,4,-0.0599750503435349,0.269527477626208,23
"253",0.00382477358115456,169.440343145091,4,-0.059975050354463,0.269527477626208,23
"254",0.00382476570905035,169.440343145091,4,-0.0599750503479939,0.269527477626208,23
"255",0.00382476340696365,169.440343145091,4,-0.0599750503443456,0.269527477626208,23
"256",0.00382476682564428,169.440343145091,4,-0.0599750503471553,0.269527477626208,23
"257",0.00382477126332729,169.440343145091,4,-0.0599750503485093,0.269527477626208,23
"258",0.00382476165591843,169.440343145091,4,-0.0599750503439762,0.269527477626208,23
"259",0.00382476469190836,169.440343145091,4,-0.059975050346028,0.269527477626208,23
"260",0.00382476499100368,169.440343145091,4,-0.0599750503459856,0.269527477626208,23
"261",0.00382476792231976,169.440343145091,4,-0.0599750503478568,0.269527477626208,23
"262",0.00382476504834667,169.440343145091,4,-0.059975050347137,0.269527477626208,23
"263",0.00382476321258884,169.440343145091,4,-0.0599750503465854,0.269527477626208,23
"264",0.00382476833888801,169.440343145091,4,-0.0599750503478581,0.269527477626208,23
"265",0.0038247688481759,169.440343145091,4,-0.0599750503473473,0.269527477626208,23
"266",0.00382477176215806,169.440343145091,4,-0.059975050346415,0.269527477626208,23
"267",0.003824766172309,169.440343145091,4,-0.0599750503486712,0.269527477626208,23
"268",0.00382476530167586,169.440343145091,4,-0.0599750503493886,0.269527477626208,23
"269",0.00382477091778601,169.440343145091,4,-0.059975050343777,0.269527477626208,23
"270",0.00382477025538175,169.440343145091,4,-0.0599750503468157,0.269527477626208,23
"271",0.00382476870061454,169.440343145091,4,-0.0599750503455515,0.269527477626208,23
"272",0.00382476395997853,169.440343145091,4,-0.0599750503493677,0.269527477626208,23
"273",0.0038247680307204,169.440343145091,4,-0.059975050346906,0.269527477626208,23
"274",0.00382476738435481,169.440343145091,4,-0.059975050347261,0.269527477626208,23
"275",0.00382476339025688,169.440343145091,4,-0.0599750503507298,0.269527477626208,23
"276",0.00382476678438925,169.440343145091,4,-0.0599750503477186,0.269527477626208,23
"277",0.00382476490702911,169.440343145091,4,-0.0599750503481576,0.269527477626208,23
"278",0.00382476690782093,169.440343145091,4,-0.0599750503486701,0.269527477626208,23
"279",0.0038247611331651,169.440343145091,4,-0.0599750503544006,0.269527477626208,23
"280",0.00382476742730303,169.440343145091,4,-0.0599750503458292,0.269527477626208,23
"281",0.00382476699613164,169.440343145091,4,-0.0599750503452053,0.269527477626208,23
"282",0.00382476732772124,169.440343145091,4,-0.0599750503456269,0.269527477626208,23
"283",0.00382476231185346,169.440343145091,4,-0.0599750503544574,0.269527477626208,23
"284",0.00382476275049798,169.440343145091,4,-0.0599750503534067,0.269527477626208,23
"285",0.0038247629563389,169.440343145091,4,-0.0599750503533695,0.269527477626208,23
"286",0.00382476258556614,169.440343145091,4,-0.0599750503539908,0.269527477626208,23
"287",0.00382477130388882,169.440343145091,4,-0.0599750503383934,0.269527477626208,23
"288",0.00382476141405111,169.440343145091,4,-0.059975050356663,0.269527477626208,23
"289",0.00382476664641669,169.440343145091,4,-0.0599750503465059,0.269527477626208,23
"290",0.00382476734475202,169.440343145091,4,-0.0599750503466058,0.269527477626208,23
"291",0.00382476926499642,169.440343145091,4,-0.0599750503412528,0.269527477626208,23
"292",0.00382477076635252,169.440343145091,4,-0.0599750503405823,0.269527477626208,23
"293",0.00382476820533447,169.440343145091,4,-0.0599750503445086,0.269527477626208,23
"294",0.00382476950246911,169.440343145091,4,-0.0599750503430278,0.269527477626208,23
"295",0.00382476426565451,169.440343145091,4,-0.0599750503480782,0.269527477626208,23
"296",0.00382476668956379,169.440343145091,4,-0.0599750503473107,0.269527477626208,23
"297",0.00382476704877695,169.440343145091,4,-0.059975050344793,0.269527477626208,23
"298",0.00382476919013307,169.440343145091,4,-0.0599750503444662,0.269527477626208,23
"299",0.00382476658867462,169.440343145091,4,-0.0599750503449352,0.269527477626208,23
"300",0.00382476878095255,169.440343145091,4,-0.0599750503444326,0.269527477626208,23
"301",0.00382476354478148,169.440343145091,4,-0.0599750503520712,0.269527477626208,23
"302",0.0038247646332113,169.440343145091,4,-0.0599750503530556,0.269527477626208,23
"303",0.00382476396895216,169.440343145091,4,-0.0599750503540157,0.269527477626208,23
"304",0.00382476575483345,169.440343145091,4,-0.0599750503497832,0.269527477626208,23
"305",0.00382476913498707,169.440343145091,4,-0.0599750503381799,0.269527477626208,23
"306",0.0038247650638792,169.440343145091,4,-0.0599750503484065,0.269527477626208,23
"307",0.00382476932544646,169.440343145091,4,-0.059975050339493,0.269527477626208,23
"308",0.00382477065034485,169.440343145091,4,-0.0599750503411947,0.269527477626208,23
"309",0.00382477158216617,169.440343145091,4,-0.059975050351386,0.269527477626208,23
"310",0.00382476871651474,169.440343145091,4,0.0693061169949502,0.269527477626208,23
"311",0.00382476420171722,169.440343145091,4,0.0693061169985693,0.269527477626208,23
"312",0.003824762095555,169.440343145091,4,0.0693061169921025,0.269527477626208,23
"313",0.00382476645503365,169.440343145091,4,0.0693061169891116,0.269527477626208,23
"314",0.00382476367245338,169.440343145091,4,0.0693061169979799,0.269527477626208,23
"315",0.00382476347359983,169.440343145091,4,0.0693061169833324,0.269527477626208,23
"316",0.00382476561038791,169.440343145091,4,0.0693061169898215,0.269527477626208,23
"317",0.00382476283041088,169.440343145091,4,0.0693061169896926,0.269527477626208,23
"318",0.00382476298019481,169.440343145091,4,0.0693061169884014,0.269527477626208,23
"319",0.00382476948787138,169.440343145091,4,0.0693061169925596,0.269527477626208,23
"320",0.00382476833675907,169.440343145091,4,0.0693061169932929,0.269527477626208,23
"321",0.00382476577437104,169.440343145091,4,0.0693061169913566,0.269527477626208,23
"322",0.00382476677154538,169.440343145091,4,0.0693061169925161,0.269527477626208,23
"323",0.00382476861398701,169.440343145091,4,0.0693061169950005,0.269527477626208,23
"324",0.00382476237919823,169.440343145091,4,0.069306116988474,0.269527477626208,23
"325",0.00382476163052354,169.440343145091,4,0.0693061169898561,0.269527477626208,23
"326",0.00382476679963961,169.440343145091,4,0.0693061169916516,0.269527477626208,23
"327",0.00382476829323986,169.440343145091,4,0.0693061169937102,0.269527477626208,23
"328",0.00382476634183493,169.440343145091,4,0.069306116994762,0.269527477626208,23
"329",0.00382477224214433,169.440343145091,4,0.0693061169942039,0.269527477626208,23
"330",0.00382476418741325,169.440343145091,4,0.0693061169906845,0.269527477626208,23
"331",0.00382476827947916,169.440343145091,4,0.0693061169935599,0.269527477626208,23
"332",0.00382476449477995,169.440343145091,4,0.0693061169914118,0.269527477626208,23
"333",0.00382476527700288,169.440343145091,4,0.0693061169924913,0.269527477626208,23
"334",0.00382476786163587,169.440343145091,4,0.0693061169935075,0.269527477626208,23
"335",0.00382476674007193,169.440343145091,4,0.0693061169920803,0.269527477626208,23
"336",0.00382476450989288,169.440343145091,4,0.0693061169916142,0.269527477626208,23
"337",0.00382476611956081,169.440343145091,4,0.0693061169920095,0.269527477626208,23
"338",0.00382476912552608,169.440343145091,4,0.0693061169923077,0.269527477626208,23
"339",0.00382477114020483,169.440343145091,4,0.0693061169930924,0.269527477626208,23
"340",0.00382476696765716,169.440343145091,4,0.0693061169916514,0.269527477626208,23
"341",0.00382476648507943,169.440343145091,4,0.0693061169921713,0.269527477626208,23
"342",0.00382477170496038,169.440343145091,4,0.0693061169937277,0.269527477626208,23
"343",0.00382476613885574,169.440343145091,4,0.0693061169911198,0.269527477626208,23
"344",0.00382476922802846,169.440343145091,4,0.0693061169921855,0.269527477626208,23
"345",0.00382476968036852,169.440343145091,4,0.069306116991986,0.269527477626208,23
"346",0.00382476619511097,169.440343145091,4,0.0693061169913939,0.269527477626208,23
"347",0.00382476474348528,169.440343145091,4,0.069306116991706,0.269527477626208,23
"348",0.00382476962298901,169.440343145091,4,0.0693061169914735,0.269527477626208,23
"349",0.00382476735262096,169.440343145091,4,0.0693061169917479,0.269527477626208,23
"350",0.00382476231005625,169.440343145091,4,0.0693061169920111,0.269527477626208,23
"351",0.00382476709980502,169.440343145091,4,0.0693061169915779,0.269527477626208,23
"352",0.00382476482884818,169.440343145091,4,0.0693061169921294,0.269527477626208,23
"353",0.00382476398545659,169.440343145091,4,0.0693061169921099,0.269527477626208,23
"354",0.00382476603433138,169.440343145091,4,0.0693061169920155,0.269527477626208,23
"355",0.00382476729459468,169.440343145091,4,0.0693061169915635,0.269527477626208,23
"356",0.00382476624388378,169.440343145091,4,0.0693061169915544,0.269527477626208,23
"357",0.00382476045972254,169.440343145091,4,0.0693061169935173,0.269527477626208,23
"358",0.00382476474137759,169.440343145091,4,0.0693061169919176,0.269527477626208,23
"359",0.00382476472309316,169.440343145091,4,0.0693061169921705,0.269527477626208,23
"360",0.00382476348252878,169.440343145091,4,0.0693061169927712,0.269527477626208,23
"361",0.00382476382498896,169.440343145091,4,0.0693061169912316,0.269527477626208,23
"362",0.00382477146303469,169.440343145091,4,0.0693061169915024,0.269527477626208,23
"363",0.00382476564335959,169.440343145091,4,0.0693061169901644,0.269527477626208,23
"364",0.00382476408924774,169.440343145091,4,0.0693061169925062,0.269527477626208,23
"365",0.00382476690400917,169.440343145091,4,0.0693061169904948,0.269527477626208,23
"366",0.00382476654203197,169.440343145091,4,0.0693061169912646,0.269527477626208,23
"367",0.0038247631765528,169.440343145091,4,0.0693061169921034,0.269527477626208,23
"368",0.00382476542141709,169.440343145091,4,0.0693061169924803,0.269527477626208,23
"369",0.00382476745024431,169.440343145091,4,0.0693061169908497,0.269527477626208,23
"370",0.00382476870847239,169.440343145091,4,0.0693061169881234,0.269527477626208,23
"371",0.00382477041087829,169.440343145091,4,0.0693061169869265,0.269527477626208,23
"372",0.00382477004575543,169.440343145091,4,0.0693061169883256,0.269527477626208,23
"373",0.00382476564569857,169.440343145091,4,0.0693061169927052,0.269527477626208,23
"374",0.00382476366827713,169.440343145091,4,0.0693061169936121,0.269527477626208,23
"375",0.00382476545926091,169.440343145091,4,0.0693061169919883,0.269527477626208,23
"376",0.00382476913317885,169.440343145091,4,0.0693061169865299,0.269527477626208,23
"377",0.00382476321224122,169.440343145091,4,0.0693061169966593,0.269527477626208,23
"378",0.00382476576423799,169.440343145091,4,0.0693061169914966,0.269527477626208,23
"379",0.00382476526628727,169.440343145091,4,0.0693061169932658,0.269527477626208,23
"380",0.00382476603506368,169.440343145091,4,0.0693061169908636,0.269527477626208,23
"381",0.00382476715558852,169.440343145091,4,0.0693061169909784,0.269527477626208,23
"382",0.00382476513214961,169.440343145091,4,0.0693061169932084,0.269527477626208,23
"383",0.00382476811948419,169.440343145091,4,0.0693061169894632,0.269527477626208,23
"384",0.00382476915878148,169.440343145091,4,0.0693061169905972,0.269527477626208,23
"385",0.00382476169985565,169.440343145091,4,0.0693061169913246,0.269527477626208,23
"386",0.00382477045436575,169.440343145091,4,0.0693061169894054,0.269527477626208,23
"387",0.00382476903484563,169.440343145091,4,0.0693061169876557,0.269527477626208,23
"388",0.00382476764936995,169.440343145091,4,0.0693061169903302,0.269527477626208,23
"389",0.00382476527493794,169.440343145091,4,0.069306116993652,0.269527477626208,23
"390",0.00382476894820734,169.440343145091,4,0.069306116986127,0.269527477626208,23
"391",0.0038247657378393,169.440343145091,4,0.0693061169952336,0.269527477626208,23
"392",0.00382476812586524,169.440343145091,4,0.0693061169895791,0.269527477626208,23
"393",0.00382476626404252,169.440343145091,4,0.0693061169925842,0.269527477626208,23
"394",0.00382476780679219,169.440343145091,4,0.0693061169908806,0.269527477626208,23
"395",0.00382476799023299,169.440343145091,4,0.0693061169899505,0.269527477626208,23
"396",0.00382476853339632,169.440343145091,4,0.0693061169882752,0.269527477626208,23
"397",0.00382476808504179,169.440343145091,4,0.0693061169897664,0.269527477626208,23
"398",0.00382476514059315,169.440343145091,4,0.0693061169935931,0.269527477626208,23
"399",0.00382476387752978,169.440343145091,4,0.0693061169988674,0.269527477626208,23
"400",0.00382476593522152,169.440343145091,4,0.0693061169921716,0.269527477626208,23
"401",0.00382476575082319,169.440343145091,4,0.0693061169926696,0.269527477626208,23
"402",0.00382476750970093,169.440343145091,4,0.0693061169896368,0.269527477626208,23
"403",0.0038247660248572,169.440343145091,4,0.0693061169940201,0.269527477626208,23
"404",0.00382476583642136,169.440343145091,4,0.0693061169906522,0.269527477626208,23
"405",0.00382476774828798,169.440343145091,4,0.0693061169907604,0.269527477626208,23
"406",0.0038247693411932,169.440343145091,4,0.0693061169872406,0.269527477626208,23
"407",0.00382476796633396,169.440343145091,4,0.0693061169916865,0.269527477626208,23
"408",0.00382476652206246,169.440343145091,4,0.0693061169933196,0.269527477626208,23
"409",0.00382476506286947,169.440343145091,4,0.069306116995268,0.269527477626208,23
"410",0.00382476357254245,169.440343145091,4,0.069306116998075,0.269527477626208,23
"411",0.00382476736956377,169.440343145091,4,0.0693061169885098,0.269527477626208,23
"412",0.00382476895111691,169.440343145091,4,0.069306116985053,0.269527477626208,23
"413",0.00382476425831692,169.440343145091,4,0.0693061169972589,0.269527477626208,23
"414",0.00382476924551355,169.440343145091,4,0.0693061169838088,0.269527477626208,23
"415",0.00382476911039313,169.440343145091,4,0.0693061169855137,0.269527477626208,23
"416",0.00382476536561882,169.440343145091,4,0.069306116993622,0.269527477626208,23
"417",0.00382476487739643,169.440343145091,4,0.0693061169933164,0.269527477626208,23
"418",0.00382476707801782,169.440343145091,4,0.0693061169849995,0.269527477626208,23
"419",0.00382476717410412,169.440343145091,4,0.0693061169877309,0.269527477626208,23
"420",0.00382476870597043,169.440343145091,4,0.0693061169839138,0.269527477626208,23
"421",0.00382476608567437,169.440343145091,4,0.0693061169923624,0.269527477626208,23
"422",0.00382476706848854,169.440343145091,4,0.069306116992047,0.269527477626208,23
"423",0.00382476674640006,169.440343145091,4,0.0693061169892294,0.269527477626208,23
"424",0.00382476901923388,169.440343145091,4,0.0693061169831267,0.269527477626208,23
"425",0.0038247658693319,169.440343145091,4,0.0693061169935428,0.269527477626208,23
"426",0.0038247668743069,169.440343145091,4,0.0693061169925547,0.269527477626208,23
"427",0.00382476654031077,169.440343145091,4,0.0693061169896877,0.269527477626208,23
"428",0.00382476492711696,169.440343145091,4,0.0693061169971023,0.269527477626208,23
"429",0.00382476687260282,169.440343145091,4,0.0693061169910226,0.269527477626208,23
"430",0.00382476746986566,169.440343145091,4,0.0693061169851149,0.269527477626208,23
"431",0.00382476980044516,169.440343145091,4,0.0693061169778327,0.269527477626208,23
"432",0.00382476701998739,169.440343145091,4,0.069306116992037,0.269527477626208,23
"433",0.00382476567673431,169.440343145091,4,0.0693061169974064,0.269527477626208,23
"434",0.00382476320775751,169.440343145091,4,0.0693061170015184,0.269527477626208,23
"435",0.00382476529878423,169.440343145091,4,0.0693061169969242,0.269527477626208,23
"436",0.00382476648959898,169.440343145091,4,0.069306116990464,0.269527477626208,23
"437",0.00382476392631916,169.440343145091,4,0.0693061170001792,0.269527477626208,23
"438",0.0038247681764447,169.440343145091,4,0.0693061169845499,0.269527477626208,23
"439",0.00382476503013672,169.440343145091,4,0.0693061169993215,0.269527477626208,23
"440",0.00382476491128524,169.440343145091,4,0.069306117002091,0.269527477626208,23
"441",0.00382476609195347,169.440343145091,4,0.0693061169946973,0.269527477626208,23
"442",0.00382476662243253,169.440343145091,4,0.0693061169948113,0.269527477626208,23
"443",0.00382476608844913,169.440343145091,4,0.0693061170002889,0.269527477626208,23
"444",0.00382476720631509,169.440343145091,4,-0.0577559506682634,0.269527477626208,23
"445",0.00382476595204793,169.440343145091,4,-0.0577559506691719,0.269527477626208,23
"446",0.00382476740348169,169.440343145091,4,-0.057755950663018,0.269527477626208,23
"447",0.00382476740834088,169.440343145091,4,-0.0577559506739795,0.269527477626208,23
"448",0.00382476615639046,169.440343145091,4,-0.0577559506697647,0.269527477626208,23
"449",0.00382476600702383,169.440343145091,4,-0.057755950666569,0.269527477626208,23
"450",0.00382476750837446,169.440343145091,4,-0.0577559506747625,0.269527477626208,23
"451",0.00382476733671691,169.440343145091,4,-0.0577559506699901,0.269527477626208,23
"452",0.00382476646397766,169.440343145091,4,-0.057755950669497,0.269527477626208,23
"453",0.00382476693401801,169.440343145091,4,-0.0577559506713699,0.269527477626208,23
"454",0.00382476717952375,169.440343145091,4,-0.0577559506714906,0.269527477626208,23
"455",0.00382476673024613,169.440343145091,4,-0.0577559506696254,0.269527477626208,23
"456",0.00382476542575521,169.440343145091,4,-0.0577559506632464,0.269527477626208,23
"457",0.00382476553142849,169.440343145091,4,-0.0577559506655554,0.269527477626208,23
"458",0.00382476542415643,169.440343145091,4,-0.0577559506643338,0.269527477626208,23
"459",0.0038247641515344,169.440343145091,4,-0.0577559506590433,0.269527477626208,23
"460",0.00382476693487016,169.440343145091,4,-0.0577559506677635,0.269527477626208,23
"461",0.0038247665092595,169.440343145091,4,-0.0577559506693224,0.269527477626208,23
"462",0.00382476607840662,169.440343145091,4,-0.0577559506674167,0.269527477626208,23
"463",0.00382476608132187,169.440343145091,4,-0.0577559506669152,0.269527477626208,23
"464",0.00382476715417647,169.440343145091,4,-0.0577559506716773,0.269527477626208,23
"465",0.00382476523391577,169.440343145091,4,-0.0577559506650341,0.269527477626208,23
"466",0.00382476825038556,169.440343145091,4,-0.0577559506756213,0.269527477626208,23
"467",0.00382476613536028,169.440343145091,4,-0.0577559506680321,0.269527477626208,23
"468",0.00382476667724556,169.440343145091,4,-0.0577559506697661,0.269527477626208,23
"469",0.0038247656484721,169.440343145091,4,-0.0577559506658027,0.269527477626208,23
"470",0.00382476634011456,169.440343145091,4,-0.0577559506661603,0.269527477626208,23
"471",0.0038247664332012,169.440343145091,4,-0.0577559506674329,0.269527477626208,23
"472",0.00382476450931885,169.440343145091,4,-0.0577559506607112,0.269527477626208,23
"473",0.00382476633100493,169.440343145091,4,-0.0577559506708615,0.269527477626208,23
"474",0.00382476645460939,169.440343145091,4,-0.0577559506688256,0.269527477626208,23
"475",0.00382476655108068,169.440343145091,4,-0.0577559506674622,0.269527477626208,23
"476",0.00382476694423308,169.440343145091,4,-0.0577559506708016,0.269527477626208,23
"477",0.00382476748285003,169.440343145091,4,-0.057755950672891,0.269527477626208,23
"478",0.00382476620706406,169.440343145091,4,-0.0577559506698768,0.269527477626208,23
"479",0.00382476584313484,169.440343145091,4,-0.0577559506643932,0.269527477626208,23
"480",0.00382476627223627,169.440343145091,4,-0.0577559506684163,0.269527477626208,23
"481",0.00382476721903006,169.440343145091,4,-0.0577559506702507,0.269527477626208,23
"482",0.00382476714970621,169.440343145091,4,-0.0577559506733944,0.269527477626208,23
"483",0.00382476635530517,169.440343145091,4,-0.0577559506696658,0.269527477626208,23
"484",0.00382476719008309,169.440343145091,4,-0.0577559506700748,0.269527477626208,23
"485",0.00382476670084835,169.440343145091,4,-0.0577559506694401,0.269527477626208,23
"486",0.00382476715232768,169.440343145091,4,-0.0577559506728024,0.269527477626208,23
"487",0.00382476683882568,169.440343145091,4,-0.0577559506708346,0.269527477626208,23
"488",0.00382476667587403,169.440343145091,4,-0.0577559506723931,0.269527477626208,23
"489",0.00382476681227667,169.440343145091,4,-0.0577559506714731,0.269527477626208,23
"490",0.00382476579836505,169.440343145091,4,-0.0577559506655989,0.269527477626208,23
"491",0.00382476700607053,169.440343145091,4,-0.0577559506726764,0.269527477626208,23
"492",0.00382476659379058,169.440343145091,4,-0.0577559506698417,0.269527477626208,23
"493",0.00382476640701329,169.440343145091,4,-0.0577559506687519,0.269527477626208,23
"494",0.00382476647653218,169.440343145091,4,-0.057755950669732,0.269527477626208,23
"495",0.00382476662582335,169.440343145091,4,-0.057755950670158,0.269527477626208,23
"496",0.00382476612591508,169.440343145091,4,-0.0577559506678896,0.269527477626208,23
"497",0.00382476602819582,169.440343145091,4,-0.0577559506688853,0.269527477626208,23
"498",0.00382476619616299,169.440343145091,4,-0.0577559506686812,0.269527477626208,23
"499",0.00382476635786929,169.440343145091,4,-0.057755950669682,0.269527477626208,23
"500",0.00382476643038658,169.440343145091,4,-0.0577559506697154,0.269527477626208,23
"501",0.00382476637749291,169.440343145091,4,-0.057755950669136,0.269527477626208,23
"502",0.00382476642314684,169.440343145091,4,-0.0577559506692688,0.269527477626208,23
"503",0.00382476635764528,169.440343145091,4,-0.0577559506693182,0.269527477626208,23
"504",0.00382476648781301,169.440343145091,4,-0.0577559506691309,0.269527477626208,23
"505",0.00382476649694245,169.440343145091,4,-0.0577559506688775,0.269527477626208,23
"506",0.00382476647197595,169.440343145091,4,-0.0577559506690006,0.269527477626208,23
"507",0.00382476660311593,169.440343145091,4,-0.0577559506693436,0.269527477626208,23
"508",0.00382476670460067,169.440343145091,4,-0.0577559506699729,0.269527477626208,23
"509",0.00382476640397432,169.440343145091,4,-0.0577559506674232,0.269527477626208,23
"510",0.0038247663938089,169.440343145091,4,-0.0577559506683375,0.269527477626208,23
"511",0.00382476646413323,169.440343145091,4,-0.0577559506675881,0.269527477626208,23
"512",0.00382476655542722,169.440343145091,4,-0.0577559506680482,0.269527477626208,23
"513",0.003824766562519,169.440343145091,4,-0.05775595066831,0.269527477626208,23
"514",0.00382476662320116,169.440343145091,4,-0.0577559506689949,0.269527477626208,23
"515",0.0038247668489347,169.440343145091,4,-0.0577559506712934,0.269527477626208,23
"516",0.003824766757553,169.440343145091,4,-0.0577559506688317,0.269527477626208,23
"517",0.00382476703740504,169.440343145091,4,-0.0577559506716786,0.269527477626208,23
"518",0.00382476694682461,169.440343145091,4,-0.0577559506700161,0.269527477626208,23
"519",0.00382476631599435,169.440343145091,4,-0.0577559506673708,0.269527477626208,23
"520",0.00382476589284713,169.440343145091,4,-0.0577559506657176,0.269527477626208,23
"521",0.00382476670186681,169.440343145091,4,-0.057755950667516,0.269527477626208,23
"522",0.00382476601689699,169.440343145091,4,-0.0577559506657185,0.269527477626208,23
"523",0.00382476622874631,169.440343145091,4,-0.0577559506683439,0.269527477626208,23
"524",0.00382476719142429,169.440343145091,4,-0.0577559506693356,0.269527477626208,23
"525",0.00382476633661495,169.440343145091,4,-0.0577559506673019,0.269527477626208,23
"526",0.00382476537551834,169.440343145091,4,-0.057755950657975,0.269527477626208,23
"527",0.0038247660250893,169.440343145091,4,-0.057755950666097,0.269527477626208,23
"528",0.00382476633317378,169.440343145091,4,-0.0577559506694766,0.269527477626208,23
"529",0.0038247663186739,169.440343145091,4,-0.0577559506714017,0.269527477626208,23
"530",0.00382476714735417,169.440343145091,4,-0.0577559506734029,0.269527477626208,23
"531",0.00382476633516183,169.440343145091,4,-0.0577559506707857,0.269527477626208,23
"532",0.00382476647759152,169.440343145091,4,-0.0577559506718142,0.269527477626208,23
"533",0.00382476621269861,169.440343145091,4,-0.0577559506704068,0.269527477626208,23
"534",0.00382476733565995,169.440343145091,4,-0.057755950672516,0.269527477626208,23
"535",0.00382476630779742,169.440343145091,4,-0.0577559506710739,0.269527477626208,23
"536",0.00382476649517478,169.440343145091,4,-0.0577559506713466,0.269527477626208,23
"537",0.0038247664281202,169.440343145091,4,-0.0577559506712373,0.269527477626208,23
"538",0.00382476599844481,169.440343145091,4,-0.05775595066791,0.269527477626208,23
"539",0.00382476650400207,169.440343145091,4,-0.0577559506692686,0.269527477626208,23
"540",0.00382476621548918,169.440343145091,4,-0.0577559506677146,0.269527477626208,23
"541",0.00382476660010192,169.440343145091,4,-0.0577559506698807,0.269527477626208,23
"542",0.00382476748419743,169.440343145091,4,-0.0577559506734859,0.269527477626208,23
"543",0.00382476731577644,169.440343145091,4,-0.0577559506731974,0.269527477626208,23
"544",0.00382476661212534,169.440343145091,4,-0.0577559506650742,0.269527477626208,23
"545",0.0038247657892036,169.440343145091,4,-0.0577559506691216,0.269527477626208,23
"546",0.00382476731728309,169.440343145091,4,-0.0577559506700058,0.269527477626208,23
"547",0.00382476713780353,169.440343145091,4,-0.0577559506719889,0.269527477626208,23
"548",0.00382476687130725,169.440343145091,4,-0.0577559506720372,0.269527477626208,23
"549",0.00382476449846484,169.440343145091,4,-0.057755950658839,0.269527477626208,23
"550",0.00382476588376708,169.440343145091,4,-0.0577559506676865,0.269527477626208,23
"551",0.00382476648030204,169.440343145091,4,-0.0577559506681325,0.269527477626208,23
"552",0.00382476470784306,169.440343145091,4,-0.0577559506643497,0.269527477626208,23
"553",0.00382476647985659,169.440343145091,4,-0.0577559506707933,0.269527477626208,23
"554",0.00382476612001112,169.440343145091,4,-0.0577559506675164,0.269527477626208,23
"555",0.003824765754645,169.440343145091,4,-0.0577559506668218,0.269527477626208,23
"556",0.00382476623507615,169.440343145091,4,-0.0577559506688484,0.269527477626208,23
"557",0.00382476499717826,169.440343145091,4,-0.0577559506664014,0.269527477626208,23
"558",0.00382476736354825,169.440343145091,4,-0.0577559506733658,0.269527477626208,23
"559",0.00382476794349668,169.440343145091,4,-0.057755950673752,0.269527477626208,23
"560",0.0038247661412273,169.440343145091,4,-0.0577559506704752,0.269527477626208,23
"561",0.00382476449790987,169.440343145091,4,-0.0577559506604488,0.269527477626208,23
"562",0.00382476892802498,169.440343145091,4,-0.0577559506769908,0.269527477626208,23
"563",0.00382476721287946,169.440343145091,4,-0.0577559506695059,0.269527477626208,23
"564",0.00382476719464128,169.440343145091,4,-0.0577559506716857,0.269527477626208,23
"565",0.00382476691173083,169.440343145091,4,-0.057755950684622,0.269527477626208,23
"566",0.00382476670548549,169.440343145091,4,-0.0577559506696447,0.269527477626208,23
"567",0.00382476629405535,169.440343145091,4,-0.0577559506682622,0.269527477626208,23
"568",0.00382476549137146,169.440343145091,4,-0.0577559506717143,0.269527477626208,23
"569",0.0038247659138361,169.440343145091,4,-0.057755950677312,0.269527477626208,23
"570",0.00382476577170192,169.440343145091,4,-0.0577559506624413,0.269527477626208,23
"571",0.00382476622232785,169.440343145091,4,-0.0577559506677084,0.269527477626208,23
"572",0.0038247676850026,169.440343145091,4,0.0720044250045885,0.269527477626208,23
"573",0.00382476471951885,169.440343145091,4,0.0720044250104737,0.269527477626208,23
"574",0.00382476765003578,169.440343145091,4,0.0720044250065461,0.269527477626208,23
"575",0.00382476720099812,169.440343145091,4,0.0720044250076749,0.269527477626208,23
"576",0.00382477136763557,169.440343145091,4,0.0720044250072999,0.269527477626208,23
"577",0.00382476421878896,169.440343145091,4,0.0720044250106874,0.269527477626208,23
"578",0.00382476767997425,169.440343145091,4,0.072004425009881,0.269527477626208,23
"579",0.00382476625481665,169.440343145091,4,0.0720044250167722,0.269527477626208,23
"580",0.0038247657536924,169.440343145091,4,0.0720044250057018,0.269527477626208,23
"581",0.00382476977585324,169.440343145091,4,0.0720044250153703,0.269527477626208,23
"582",0.0038247680811599,169.440343145091,4,0.0720044250051413,0.269527477626208,23
"583",0.00382476742910159,169.440343145091,4,0.0720044250091189,0.269527477626208,23
"584",0.00382476207963741,169.440343145091,4,0.0720044250191925,0.269527477626208,23
"585",0.00382476765821477,169.440343145091,4,0.0720044250042265,0.269527477626208,23
"586",0.00382476659007904,169.440343145091,4,0.0720044250148046,0.269527477626208,23
"587",0.00382476570644911,169.440343145091,4,0.0720044250071164,0.269527477626208,23
"588",0.00382477046857866,169.440343145091,4,0.0720044250197667,0.269527477626208,23
"589",0.00382476718012523,169.440343145091,4,0.072004424996684,0.269527477626208,23
"590",0.00382476750226535,169.440343145091,4,0.0720044250084116,0.269527477626208,23
"591",0.00382476802764273,169.440343145091,4,0.072004425008723,0.269527477626208,23
"592",0.00382476703023575,169.440343145091,4,0.0720044250081097,0.269527477626208,23
"593",0.00382476412632836,169.440343145091,4,0.072004425016776,0.269527477626208,23
"594",0.00382476775913676,169.440343145091,4,0.0720044250106473,0.269527477626208,23
"595",0.00382476559595314,169.440343145091,4,0.0720044250126685,0.269527477626208,23
"596",0.00382476500577668,169.440343145091,4,0.0720044250124922,0.269527477626208,23
"597",0.00382477028088188,169.440343145091,4,0.072004425005534,0.269527477626208,23
"598",0.00382476592891106,169.440343145091,4,0.072004425009692,0.269527477626208,23
"599",0.00382476852146105,169.440343145091,4,0.0720044250088485,0.269527477626208,23
"600",0.00382476674004471,169.440343145091,4,0.0720044250122573,0.269527477626208,23
"601",0.00382476744274427,169.440343145091,4,0.0720044250076808,0.269527477626208,23
"602",0.00382476699159445,169.440343145091,4,0.0720044250105085,0.269527477626208,23
"603",0.00382476360866057,169.440343145091,4,0.0720044250119688,0.269527477626208,23
"604",0.00382476670368532,169.440343145091,4,0.0720044250094641,0.269527477626208,23
"605",0.00382476974640925,169.440343145091,4,0.0720044250089318,0.269527477626208,23
"606",0.00382476682706826,169.440343145091,4,0.0720044250099696,0.269527477626208,23
"607",0.00382476624971845,169.440343145091,4,0.0720044250097378,0.269527477626208,23
"608",0.00382476705687096,169.440343145091,4,0.072004425010134,0.269527477626208,23
"609",0.00382476756056398,169.440343145091,4,0.0720044250104249,0.269527477626208,23
"610",0.00382476609356711,169.440343145091,4,0.0720044250113213,0.269527477626208,23
"611",0.00382476937429417,169.440343145091,4,0.0720044250074599,0.269527477626208,23
"612",0.00382476527667846,169.440343145091,4,0.0720044250111161,0.269527477626208,23
"613",0.00382476962951663,169.440343145091,4,0.0720044250069433,0.269527477626208,23
"614",0.0038247641778164,169.440343145091,4,0.0720044250132947,0.269527477626208,23
"615",0.00382476575387846,169.440343145091,4,0.0720044250091166,0.269527477626208,23
"616",0.00382476766173472,169.440343145091,4,0.0720044250093211,0.269527477626208,23
"617",0.00382476888708637,169.440343145091,4,0.0720044250080204,0.269527477626208,23
"618",0.00382476566473925,169.440343145091,4,0.0720044250104222,0.269527477626208,23
"619",0.00382476501688673,169.440343145091,4,0.0720044250117441,0.269527477626208,23
"620",0.00382476381195225,169.440343145091,4,0.0720044250123401,0.269527477626208,23
"621",0.00382476603565118,169.440343145091,4,0.072004425011715,0.269527477626208,23
"622",0.00382477025410619,169.440343145091,4,0.0720044250079549,0.269527477626208,23
"623",0.00382476325887946,169.440343145091,4,0.0720044250117133,0.269527477626208,23
"624",0.00382476615980115,169.440343145091,4,0.0720044250114239,0.269527477626208,23
"625",0.00382476605546212,169.440343145091,4,0.0720044250107542,0.269527477626208,23
"626",0.00382476383304595,169.440343145091,4,0.0720044250102551,0.269527477626208,23
"627",0.00382476383747897,169.440343145091,4,0.0720044250107049,0.269527477626208,23
"628",0.0038247638695051,169.440343145091,4,0.072004425010214,0.269527477626208,23
"629",0.00382476240980453,169.440343145091,4,0.0720044250111643,0.269527477626208,23
"630",0.00382476686712794,169.440343145091,4,0.0720044250096019,0.269527477626208,23
"631",0.00382475829520934,169.440343145091,4,0.0720044250111055,0.269527477626208,23
"632",0.00382476691288954,169.440343145091,4,0.0720044250103695,0.269527477626208,23
"633",0.00382476731846201,169.440343145091,4,0.0720044250098627,0.269527477626208,23
"634",0.00382476636424,169.440343145091,4,0.0720044250102587,0.269527477626208,23
"635",0.00382476697470406,169.440343145091,4,0.0720044250114046,0.269527477626208,23
"636",0.00382476648469776,169.440343145091,4,0.0720044250101882,0.269527477626208,23
"637",0.0038247694560128,169.440343145091,4,0.0720044250098339,0.269527477626208,23
"638",0.00382477051233595,169.440343145091,4,0.0720044250092854,0.269527477626208,23
"639",0.00382476613787631,169.440343145091,4,0.0720044250082747,0.269527477626208,23
"640",0.00382476532709221,169.440343145091,4,0.0720044250104549,0.269527477626208,23
"641",0.00382476565205927,169.440343145091,4,0.0720044250096269,0.269527477626208,23
"642",0.00382477201870089,169.440343145091,4,0.0720044250107058,0.269527477626208,23
"643",0.00382476896947444,169.440343145091,4,0.0720044250113202,0.269527477626208,23
"644",0.00382476389940457,169.440343145091,4,0.0720044250130508,0.269527477626208,23
"645",0.0038247647808839,169.440343145091,4,0.0720044250120239,0.269527477626208,23
"646",0.0038247672991847,169.440343145091,4,0.0720044250105427,0.269527477626208,23
"647",0.00382476427246892,169.440343145091,4,0.0720044250066495,0.269527477626208,23
"648",0.003824770208775,169.440343145091,4,0.0720044250073623,0.269527477626208,23
"649",0.00382476327228106,169.440343145091,4,0.0720044250110561,0.269527477626208,23
"650",0.00382475929256291,169.440343145091,4,0.0720044250092654,0.269527477626208,23
"651",0.00382476637421279,169.440343145091,4,0.0720044250099189,0.269527477626208,23
"652",0.00382476262564421,169.440343145091,4,0.0720044250036736,0.269527477626208,23
"653",0.00382476688766629,169.440343145091,4,0.0720044250082054,0.269527477626208,23
"654",0.00382476512681629,169.440343145091,4,0.0720044250038169,0.269527477626208,23
"655",0.00382476602674007,169.440343145091,4,0.0720044250130893,0.269527477626208,23
"656",0.00382477146442294,169.440343145091,4,0.0720044250129175,0.269527477626208,23
"657",0.00382476909045619,169.440343145091,4,0.0720044250077743,0.269527477626208,23
"658",0.00382477162994015,169.440343145091,4,0.0720044250085431,0.269527477626208,23
"659",0.00382476235757575,169.440343145091,4,0.0720044250091586,0.269527477626208,23
"660",0.00382476388231863,169.440343145091,4,0.0720044250096299,0.269527477626208,23
"661",0.00382476732843683,169.440343145091,4,-0.0435986189227136,0.269527477626208,23
"662",0.00382476880366016,169.440343145091,4,-0.0435986189115222,0.269527477626208,23
"663",0.00382476206180438,169.440343145091,4,-0.0435986189247672,0.269527477626208,23
"664",0.00382476838066075,169.440343145091,4,-0.043598618924724,0.269527477626208,23
"665",0.00382476985193165,169.440343145091,4,-0.0435986189230808,0.269527477626208,23
"666",0.00382476835730838,169.440343145091,4,-0.0435986189221995,0.269527477626208,23
"667",0.00382476690268814,169.440343145091,4,-0.0435986189175201,0.269527477626208,23
"668",0.00281928330103137,169.440343145091,4,-0.0435986189250925,0.269527477626208,23
"669",0.00281928607553469,169.440343145091,4,-0.0435986189196397,0.269527477626208,23
"670",0.00281928071348696,169.440343145091,4,-0.0435986189263041,0.269527477626208,23
"671",0.0028192885787456,169.440343145091,4,-0.0435986189135753,0.269527477626208,23
"672",0.00281928542261796,169.440343145091,4,-0.0435986189162065,0.269527477626208,23
"673",0.00281928805320087,169.440343145091,4,-0.043598618915428,0.269527477626208,23
"674",0.00281928575876605,169.440343145091,4,-0.0435986189169991,0.269527477626208,23
"675",0.00281928545940791,169.440343145091,4,-0.0435986189192542,0.269527477626208,23
"676",0.00281928675027596,169.440343145091,4,-0.043598618922624,0.269527477626208,23
"677",0.00281928246648117,169.440343145091,4,-0.0435986189224885,0.269527477626208,23
"678",0.00281928823990674,169.440343145091,4,-0.0435986189206654,0.269527477626208,23
"679",0.00281928159230368,169.440343145091,4,-0.0435986189259052,0.269527477626208,23
"680",0.00281927926799144,169.440343145091,4,-0.0435986189242292,0.269527477626208,23
"681",0.00281927935531671,169.440343145091,4,-0.0435986189249593,0.269527477626208,23
"682",0.00281928867113036,169.440343145091,4,-0.0435986189176775,0.269527477626208,23
"683",0.00281928753455792,169.440343145091,4,-0.043598618921957,0.269527477626208,23
"684",0.00281928617177151,169.440343145091,4,-0.0435986189213804,0.269527477626208,23
"685",0.00281928664895995,169.440343145091,4,-0.0435986189215239,0.269527477626208,23
"686",0.00281928602243547,169.440343145091,4,-0.0435986189200774,0.269527477626208,23
"687",0.00281928975812573,169.440343145091,4,-0.0435986189204378,0.269527477626208,23
"688",0.00281928433394911,169.440343145091,4,-0.0435986189210966,0.269527477626208,23
"689",0.00281928442624817,169.440343145091,4,-0.0435986189206417,0.269527477626208,23
"690",0.00281928149698652,169.440343145091,4,-0.043598618921073,0.269527477626208,23
"691",0.00281928980274032,169.440343145091,4,-0.0435986189222517,0.269527477626208,23
"692",0.00281928566313707,169.440343145091,4,-0.0435986189223236,0.269527477626208,23
"693",0.00281928043521004,169.440343145091,4,-0.0435986189219483,0.269527477626208,23
"694",0.00281928435606804,169.440343145091,4,-0.0435986189218082,0.269527477626208,23
"695",0.00281928644464238,169.440343145091,4,-0.0435986189217965,0.269527477626208,23
"696",0.00281928150255132,169.440343145091,4,-0.0435986189215827,0.269527477626208,23
"697",0.00281928769109148,169.440343145091,4,-0.0435986189220238,0.269527477626208,23
"698",0.00281928211302486,169.440343145091,4,-0.0435986189215787,0.269527477626208,23
"699",0.00281928419029745,169.440343145091,4,-0.0435986189213568,0.269527477626208,23
"700",0.00281927955462983,169.440343145091,4,-0.0435986189189448,0.269527477626208,23
"701",0.0028192837187337,169.440343145091,4,-0.0435986189196506,0.269527477626208,23
"702",0.00281928633641329,169.440343145091,4,-0.0435986189230148,0.269527477626208,23
"703",0.00281927876218697,169.440343145091,4,-0.0435986189178858,0.269527477626208,23
"704",0.00281928142629206,169.440343145091,4,-0.0435986189199725,0.269527477626208,23
"705",0.00281928746771672,169.440343145091,4,-0.0435986189231504,0.269527477626208,23
"706",0.00281928339724707,169.440343145091,4,-0.0435986189215006,0.269527477626208,23
"707",0.00281928418440416,169.440343145091,4,-0.0435986189196566,0.269527477626208,23
"708",0.0028192827896424,169.440343145091,4,-0.0435986189187548,0.269527477626208,23
"709",0.00281927794489177,169.440343145091,4,-0.0435986189120987,0.269527477626208,23
"710",0.0028192900791132,169.440343145091,4,-0.0435986189246281,0.269527477626208,23
"711",0.00281928694905257,169.440343145091,4,-0.0435986189205469,0.269527477626208,23
"712",0.00281927812641194,169.440343145091,4,-0.0435986189161183,0.269527477626208,23
"713",0.00281928778799943,169.440343145091,4,-0.0435986189238427,0.269527477626208,23
"714",0.00281928745137267,169.440343145091,4,-0.0435986189219727,0.269527477626208,23
"715",0.00281928758751171,169.440343145091,4,-0.043598618923662,0.269527477626208,23
"716",0.00281928347321783,169.440343145091,4,-0.0435986189210103,0.269527477626208,23
"717",0.00281928195356895,169.440343145091,4,-0.0435986189205088,0.269527477626208,23
"718",0.00281928672806189,169.440343145091,4,-0.0435986189228131,0.269527477626208,23
"719",0.00281928687113972,169.440343145091,4,-0.043598618921768,0.269527477626208,23
"720",0.00281928241310273,169.440343145091,4,-0.0435986189207704,0.269527477626208,23
"721",0.00281928694125636,169.440343145091,4,-0.0435986189208613,0.269527477626208,23
"722",0.00281928463629599,169.440343145091,4,-0.0435986189205539,0.269527477626208,23
"723",0.00281928423418824,169.440343145091,4,-0.0435986189205147,0.269527477626208,23
"724",0.00281928390172218,169.440343145091,4,-0.0435986189197397,0.269527477626208,23
"725",0.00281928661326643,169.440343145091,4,-0.0435986189206838,0.269527477626208,23
"726",0.00281928231693041,169.440343145091,4,-0.0435986189216732,0.269527477626208,23
"727",0.00281928552006823,169.440343145091,4,-0.0435986189202673,0.269527477626208,23
"728",0.0028192857088637,169.440343145091,4,-0.0435986189209958,0.269527477626208,23
"729",0.00281928395730007,169.440343145091,4,-0.043598618921105,0.269527477626208,23
"730",0.00281928354712025,169.440343145091,4,-0.0435986189216574,0.269527477626208,23
"731",0.00281928670771416,169.440343145091,4,-0.0435986189218901,0.269527477626208,23
"732",0.00281928394380397,169.440343145091,4,-0.0435986189240358,0.269527477626208,23
"733",0.0028192876191665,169.440343145091,4,-0.0435986189164826,0.269527477626208,23
"734",0.00281928193294887,169.440343145091,4,-0.0435986189214228,0.269527477626208,23
"735",0.00281928228368103,169.440343145091,4,-0.0435986189221977,0.269527477626208,23
"736",0.0028192862577152,169.440343145091,4,-0.043598618921039,0.269527477626208,23
"737",0.0028192884405119,169.440343145091,4,-0.0435986189201969,0.269527477626208,23
"738",0.00281928438712217,169.440343145091,4,-0.043598618920629,0.269527477626208,23
"739",0.00281928563265901,169.440343145091,4,-0.0435986189212669,0.269527477626208,23
"740",0.00281927998641968,169.440343145091,4,-0.043598618920425,0.269527477626208,23
"741",0.00281928552596161,169.440343145091,4,-0.0435986189186345,0.269527477626208,23
"742",0.00281928587187535,169.440343145091,4,-0.0435986189228101,0.269527477626208,23
"743",0.00281928332000805,169.440343145091,4,-0.043598618920893,0.269527477626208,23
"744",0.00281928691769958,169.440343145091,4,-0.0435986189203135,0.269527477626208,23
"745",0.00281928490379872,169.440343145091,4,-0.043598618924471,0.269527477626208,23
"746",0.0028192799693372,169.440343145091,4,-0.0435986189205678,0.269527477626208,23
"747",0.00281928552462862,169.440343145091,4,-0.0435986189183864,0.269527477626208,23
"748",0.00281928435977949,169.440343145091,4,-0.0435986189191661,0.269527477626208,23
"749",0.0028192848711862,169.440343145091,4,-0.0435986189135104,0.269527477626208,23
"750",0.00281928592321943,169.440343145091,4,-0.043598618920404,0.269527477626208,23
"751",0.00281928566798959,169.440343145091,4,-0.0435986189243047,0.269527477626208,23
"752",0.0028192880057958,169.440343145091,4,-0.0435986189172469,0.269527477626208,23
"753",0.0028192830334991,169.440343145091,4,0.0916054621056092,0.269527477626208,23
"754",0.00281928859652028,169.440343145091,4,0.0916054620988504,0.269527477626208,23
"755",0.00281928232799639,169.440343145091,4,0.091605462109187,0.269527477626208,23
"756",0.00281928490514418,169.440343145091,4,0.0916054621037522,0.269527477626208,23
"757",0.00281928142005082,169.440343145091,4,0.0916054621088754,0.269527477626208,23
"758",0.00281928379426586,169.440343145091,4,0.0916054620991959,0.269527477626208,23
"759",0.00281928650611435,169.440343145091,4,0.0916054621058939,0.269527477626208,23
"760",0.00281928750700236,169.440343145091,4,0.0916054621002584,0.269527477626208,23
"761",0.00281928666644771,169.440343145091,4,0.0916054621054911,0.269527477626208,23
"762",0.00281928434970262,169.440343145091,4,0.0916054621016581,0.269527477626208,23
"763",0.00281928677349566,169.440343145091,4,0.0916054621083942,0.269527477626208,23
"764",0.00281928547005581,169.440343145091,4,0.0916054621029918,0.269527477626208,23
"765",0.00281928244093623,169.440343145091,4,0.0916054621095378,0.269527477626208,23
"766",0.00281928374218771,169.440343145091,4,0.0916054621064026,0.269527477626208,23
"767",0.0028192813745013,169.440343145091,4,0.091605462107044,0.269527477626208,23
"768",0.00281928050354162,169.440343145091,4,0.0916054621078528,0.269527477626208,23
"769",0.00281928502900434,169.440343145091,4,0.0916054621064766,0.269527477626208,23
"770",0.00281928752909796,169.440343145091,4,0.0916054621051753,0.269527477626208,23
"771",0.00281928347808588,169.440343145091,4,0.0916054621054325,0.269527477626208,23
"772",0.00281928022170828,169.440343145091,4,0.0916054621026669,0.269527477626208,23
"773",0.00281928294477811,169.440343145091,4,0.0916054621016072,0.269527477626208,23
"774",0.00281928670037973,169.440343145091,4,0.0916054621004746,0.269527477626208,23
"775",0.00281928564766841,169.440343145091,4,0.0916054621066106,0.269527477626208,23
"776",0.00281928548275645,169.440343145091,4,0.0265063518199063,0.269527477626208,23
"777",0.00281928593723639,169.440343145091,4,0.0265063518062969,0.269527477626208,23
"778",0.00281928551304801,169.440343145091,4,0.0265063518139598,0.269527477626208,23
"779",0.00281928689312745,169.440343145091,4,0.0265063518157149,0.269527477626208,23
"780",0.00281928335618087,169.440343145091,4,0.0265063518092777,0.269527477626208,23
"781",0.00281928587703457,169.440343145091,4,0.026506351812634,0.269527477626208,23
"782",0.0028192885288504,169.440343145091,4,0.0265063518181262,0.269527477626208,23
"783",0.00281928467424786,169.440343145091,4,0.0265063518133998,0.269527477626208,23
"784",0.00281928188338864,169.440343145091,4,0.0265063518084735,0.269527477626208,23
"785",0.00281928373498609,169.440343145091,4,0.02650635181184,0.269527477626208,23
"786",0.0028192860281896,169.440343145091,4,0.0265063518237148,0.269527477626208,23
"787",-0.000226214498086196,169.440343145091,4,0.0265063518136827,0.269527477626208,23
"788",-0.000226207738078817,169.440343145091,4,0.0210510000726776,0.269527477626208,23
"789",-0.00022621040642657,169.440343145091,4,0.0210510000773176,0.269527477626208,23
"790",-0.000226209013231398,169.440343145091,4,0.0210510000786185,0.269527477626208,23
"791",-0.000226213943596023,169.440343145091,4,0.0210510000779569,0.269527477626208,23
"792",-0.000226210581213606,169.440343145091,4,0.0210510000772651,0.269527477626208,23
"793",-0.000226211120517272,169.440343145091,4,0.0210510000723378,0.269527477626208,23
"794",-0.000226207594029751,169.440343145091,4,0.0210510000738019,0.269527477626208,23
"795",-0.000226206013272494,169.440343145091,4,0.0210510000775858,0.269527477626208,23
"796",-0.000226207194296963,169.440343145091,4,0.0210510000736547,0.269527477626208,23
"797",-0.000226208573812993,169.440343145091,4,-0.0470859644205032,0.269527477626208,23
"798",-0.000226210125711346,169.440343145091,4,-0.0470859644205357,0.269527477626208,23
"799",-0.000226212618833941,169.440343145091,4,-0.0470859644190762,0.269527477626208,23
"800",-0.000226212797086095,169.440343145091,4,-0.0470859644234812,0.269527477626208,23
"801",-0.000226210735354735,169.440343145091,4,-0.0470859644206703,0.269527477626208,23
"802",-0.000226211279821562,169.440343145091,4,-0.0470859644221361,0.269527477626208,23
"803",-0.000226208122095037,169.440343145091,4,-0.0470859644192291,0.269527477626208,23
"804",-0.000226201936647744,169.440343145091,4,-0.0470859644093333,0.269527477626208,23
"805",-0.000226211342846052,169.440343145091,4,-0.0470859644249577,0.269527477626208,23
"806",-0.00022621523528457,169.440343145091,4,-0.0470859644257754,0.269527477626208,23
"807",-0.000226202909825135,169.440343145091,4,-0.0470859644110719,0.269527477626208,23
"808",-0.000226210392199555,169.440343145091,4,-0.0470859644184671,0.269527477626208,23
"809",-0.000226212186296672,169.440343145091,4,-0.0470859644204781,0.269527477626208,23
"810",-0.000226211141165819,169.440343145091,4,-0.0470859644160724,0.269527477626208,23
"811",-0.000226209700053022,169.440343145091,4,-0.0470859644187703,0.269527477626208,23
"812",-0.000226207117842132,169.440343145091,4,-0.0470859644184429,0.269527477626208,23
"813",-0.000226209971626088,169.440343145091,4,-0.0470859644150475,0.269527477626208,23
"814",-0.00022620683593499,169.440343145091,4,-0.0470859644197936,0.269527477626208,23
"815",-0.000226209976921385,169.440343145091,4,-0.0470859644167953,0.269527477626208,23
"816",-0.000226210494661281,169.440343145091,4,-0.0470859644209572,0.269527477626208,23
"817",-0.0002262104466105,169.440343145091,4,-0.047085964415383,0.269527477626208,23
"818",-0.000226206677249056,169.440343145091,4,-0.0470859644195759,0.269527477626208,23
"819",-0.000226211618433747,169.440343145091,4,-0.0470859644177745,0.269527477626208,23
"820",-0.000226215287607271,169.440343145091,4,-0.047085964415896,0.269527477626208,23
"821",-0.000226209587042566,169.440343145091,4,-0.0470859644221087,0.269527477626208,23
"822",-0.000226210028605317,169.440343145091,4,-0.0470859644206749,0.269527477626208,23
"823",-0.000226207354354861,169.440343145091,4,-0.0470859644248748,0.269527477626208,23
"824",-0.000226211034079363,169.440343145091,4,-0.0470859644135039,0.269527477626208,23
"825",-0.000226208702717741,169.440343145091,4,-0.0470859644204729,0.269527477626208,23
"826",-0.000226210524137538,169.440343145091,4,0.0165690388289188,0.269527477626208,23
"827",-0.000226210011905338,169.440343145091,4,0.0165690388368187,0.269527477626208,23
"828",-0.000226212119076051,169.440343145091,4,0.0165690388330617,0.269527477626208,23
"829",-0.000226210186045075,169.440343145091,4,0.0165690388332755,0.269527477626208,23
"830",-0.000226206054423844,169.440343145091,4,0.0165690388269431,0.269527477626208,23
"831",-0.000226207847970534,169.440343145091,4,0.0165690388322046,0.269527477626208,23
"832",-0.000226214367097998,169.440343145091,4,0.0165690388261071,0.269527477626208,23
"833",-0.000226210264693558,169.440343145091,4,0.0165690388278175,0.269527477626208,23
"834",-0.000226209475440381,169.440343145091,4,0.0165690388280095,0.269527477626208,23
"835",-0.000226210189227797,169.440343145091,4,0.0165690388303818,0.269527477626208,23
"836",-0.000226208197071247,169.440343145091,4,-0.00357987724969767,0.269527477626208,23
"837",-0.000226208226666761,169.440343145091,4,-0.00357987724994305,0.269527477626208,23
"838",-0.000226210301581765,169.440343145091,4,-0.00357987724882194,0.269527477626208,23
"839",-0.000226208541749327,169.440343145091,4,-0.0035798772471858,0.269527477626208,23
"840",-0.000226210504092691,169.440343145091,4,-0.0035798772476183,0.269527477626208,23
"841",-0.000226210852513614,169.440343145091,4,-0.00357987725105908,0.269527477626208,23
"842",-0.000226213332289918,169.440343145091,4,-0.00357987724415062,0.269527477626208,23
"843",-0.00022620542390118,169.440343145091,4,-0.0035798772511643,0.269527477626208,23
"844",-0.000226208984868906,169.440343145091,4,-0.00357987724962201,0.269527477626208,23
"845",-0.000226212039961625,169.440343145091,4,-0.00357987724184116,0.269527477626208,23
"846",-0.000226209341757787,169.440343145091,4,-0.00357987725179046,0.269527477626208,23
"847",-0.000226213660018954,169.440343145091,4,-0.00357987725103761,0.269527477626208,23
"848",-0.000226209161287124,169.440343145091,4,-0.00357987724982105,0.269527477626208,23
"849",-0.000226210977676116,169.440343145091,4,-0.00357987725099026,0.269527477626208,23
"850",-0.000226209093300739,169.440343145091,4,-0.00357987725296701,0.269527477626208,23
"851",-0.000226210666425,169.440343145091,4,-0.00357987725317047,0.269527477626208,23
"852",-0.00022620954432208,169.440343145091,4,-0.00357987725175867,0.269527477626208,23
"853",-0.000226209184955854,169.440343145091,4,-0.00357987724844711,0.269527477626208,23
"854",-0.000226210148778028,169.440343145091,4,-0.00357987724744321,0.269527477626208,23
"855",-0.000226211988199902,169.440343145091,4,-0.00357987725080736,0.269527477626208,23
"856",-0.000226208843143176,169.440343145091,4,-0.00357987724657665,0.269527477626208,23
"857",-0.000226208334455168,169.440343145091,4,-0.00357987724978421,0.269527477626208,23
"858",-0.000226210250126202,169.440343145091,4,-0.0035798772523056,0.269527477626208,23
"859",-0.000226209429319336,169.440343145091,4,-0.0035798772526385,0.269527477626208,23
"860",-0.000226208613769036,169.440343145091,4,-0.00357987725168581,0.269527477626208,23
"861",-0.000226211178161489,169.440343145091,4,-0.00357987725273523,0.269527477626208,23
"862",-0.000226209708848956,169.440343145091,4,-0.0035798772433695,0.269527477626208,23
"863",-0.000226207811452741,169.440343145091,4,-0.00357987724793078,0.269527477626208,23
"864",-0.00022620890329936,169.440343145091,4,-0.00357987725158134,0.269527477626208,23
"865",-0.000226206831235362,169.440343145091,4,-0.00357987724748932,0.269527477626208,23
"866",-0.000226209723740457,169.440343145091,4,-0.00357987725064679,0.269527477626208,23
"867",-0.000226208500368184,169.440343145091,4,-0.00357987725803031,0.269527477626208,23
"868",-0.000226210486727574,169.440343145091,4,-0.0486300626802404,0.269527477626208,23
"869",-0.000226211111328236,169.440343145091,4,-0.0672335707246229,0.269527477626208,23
"870",-0.000226211137328681,169.440343145091,4,-0.0672335707303414,0.269527477626208,23
"871",-0.00022621035506536,169.440343145091,4,-0.0672335707261344,0.269527477626208,23
"872",-0.000226209876534596,169.440343145091,4,-0.0672335707334542,0.269527477626208,23
"873",-0.000226206908666153,169.440343145091,4,-0.0672335707228176,0.269527477626208,23
"874",-0.000226208991156041,169.440343145091,4,-0.0672335707272474,0.269527477626208,23
"875",-0.000226207648703959,169.440343145091,4,-0.0672335707297953,0.269527477626208,23
"876",-0.000226210890841721,169.440343145091,4,-0.0672335707282726,0.269527477626208,23
"877",-0.000226210438688612,169.440343145091,4,-0.0672335707321753,0.269527477626208,23
"878",-0.000226210736825001,169.440343145091,4,-0.0672335707297399,0.269527477626208,23
"879",-0.0002262109409964,169.440343145091,4,-0.0672335707277984,0.269527477626208,23
"880",-0.000226209366091757,169.440343145091,4,-0.0672335707291161,0.269527477626208,23
"881",-0.000226209348375941,169.440343145091,4,-0.0672335707281072,0.269527477626208,23
"882",-0.000226209361503486,169.440343145091,4,-0.0672335707275255,0.269527477626208,23
"883",-0.000226207142086705,169.440343145091,4,-0.0672335707370573,0.269527477626208,23
"884",-0.000226209243407956,169.440343145091,4,-0.0672335707292722,0.269527477626208,23
"885",-0.000226209044628227,169.440343145091,4,-0.0672335707236554,0.269527477626208,23
"886",-0.000226210150889293,169.440343145091,4,0.0385271746229373,0.269527477626208,23
"887",-0.000226210774016522,169.440343145091,4,0.0385271746271516,0.269527477626208,23
"888",-0.000226210023559053,169.440343145091,4,0.0385271746243003,0.269527477626208,23
"889",-0.000226209476437595,169.440343145091,4,0.0385271746279402,0.269527477626208,23
"890",-0.000226211270719091,169.440343145091,4,0.0385271746258538,0.269527477626208,23
"891",-0.00022621069614586,169.440343145091,4,0.03852717461619,0.269527477626208,23
"892",-0.000226210999728617,169.440343145091,4,0.0385271746219045,0.269527477626208,23
"893",-0.000226209934681641,169.440343145091,4,0.0385271746193126,0.269527477626208,23
"894",-0.000226210617283369,169.440343145091,4,0.0385271746231214,0.269527477626208,23
"895",-0.000226211029537891,169.440343145091,4,0.0385271746305247,0.269527477626208,23
"896",-0.000226211262911648,169.440343145091,4,0.0385271746290266,0.269527477626208,23
"897",-0.000226209446965195,169.440343145091,4,0.0385271746315958,0.269527477626208,23
"898",-0.000226210967790584,169.440343145091,4,0.0385271746198811,0.269527477626208,23
"899",-0.000226211984009249,169.440343145091,4,0.142138077743975,0.269527477626208,23
"900",-0.000226211296682219,169.440343145091,4,0.142138077735972,0.269527477626208,23
"901",-0.000226209024001279,169.440343145091,4,0.14213807773623,0.269527477626208,23
"902",-0.000226211029754434,169.440343145091,4,0.14213807773781,0.269527477626208,23
"903",-0.000226207978992981,169.440343145091,4,0.142138077744275,0.269527477626208,23
"904",-0.000226207893764783,169.440343145091,4,0.142138077737103,0.269527477626208,23
"905",-0.000226209675051064,169.440343145091,4,0.142138077735947,0.269527477626208,23
"906",-0.000226209368861814,169.440343145091,4,0.142138077739621,0.269527477626208,23
"907",-0.00022620849036041,169.440343145091,4,0.14213807773596,0.269527477626208,23
"908",-0.000226208787685191,169.440343145091,4,0.142138077742362,0.269527477626208,23
"909",-0.000226211091834471,169.440343145091,4,0.1421380777421,0.269527477626208,23
"910",-0.000226210698896448,169.440343145091,4,-0.0145160365264856,0.269527477626208,23
"911",-0.000226210640830826,169.440343145091,4,-0.0145160365193837,0.269527477626208,23
"912",-0.00022621060223479,169.440343145091,4,-0.0145160365264159,0.269527477626208,23
"913",-0.0002262099560328,169.440343145091,4,-0.0145160365296015,0.269527477626208,23
"914",-0.000226209208047887,169.440343145091,4,-0.0145160365255327,0.269527477626208,23
"915",-0.00022620894502345,169.440343145091,4,-0.0145160365251863,0.269527477626208,23
"916",-0.000226208413362015,169.440343145091,4,-0.014516036529878,0.269527477626208,23
"917",-0.000226207601908156,169.440343145091,4,-0.0145160365213749,0.269527477626208,23
"918",-0.000226209575836727,169.440343145091,4,-0.0145160365227867,0.269527477626208,23
"919",-0.000226209276135196,169.440343145091,4,-0.0145160365231524,0.269527477626208,23
"920",-0.000226209502974659,169.440343145091,4,-0.01451603652572,0.269527477626208,23
"921",-0.000226209122355769,169.440343145091,4,-0.0145160365317821,0.269527477626208,23
"922",-0.000226209358799458,169.440343145091,4,-0.0145160365260244,0.269527477626208,23
"923",-0.000226210491367335,169.440343145091,4,-0.0145160365267443,0.269527477626208,23
"924",-0.000226207483989284,169.440343145091,4,-0.0145160365250717,0.269527477626208,23
"925",-0.000226208929545654,169.440343145091,4,-0.014516036524577,0.269527477626208,23
"926",-0.000226207878604697,169.440343145091,4,-0.0145160365241443,0.269527477626208,23
"927",-0.000226208614658618,169.440343145091,4,-0.0145160365269551,0.269527477626208,23
"928",-0.000226209880583626,169.440343145091,4,-0.0145160365329438,0.269527477626208,23
"929",-0.000226210606112018,169.440343145091,4,-0.0145160365130858,0.269527477626208,23
"930",-0.000226210935959302,169.440343145091,4,-0.0145160365202945,0.269527477626208,23
"931",-0.000226210803391498,169.440343145091,4,-0.0145160365313159,0.269527477626208,23
"932",-0.000226213032333592,169.440343145091,4,-0.0145160365221302,0.269527477626208,23
"933",-0.000226211629142638,169.440343145091,4,-0.0145160365261835,0.269527477626208,23
"934",-0.000226210138673279,169.440343145091,4,-0.01451603652499,0.269527477626208,23
"935",-0.000226209851381309,169.440343145091,4,-0.0145160365256054,0.269527477626208,23
"936",-0.000226209292938375,169.440343145091,4,-0.0145160365301838,0.269527477626208,23
"937",-0.000226208700270803,169.440343145091,4,-0.0145160365226109,0.269527477626208,23
"938",-0.00022621046832552,169.440343145091,4,-0.0145160365208171,0.269527477626208,23
"939",-0.000226210910033489,169.440343145091,4,-0.0145160365208841,0.269527477626208,23
"940",-0.000226207854642789,169.440343145091,4,-0.0145160365261109,0.269527477626208,23
"941",-0.000226208090414229,169.440343145091,4,-0.0145160365279675,0.269527477626208,23
"942",-0.000226208974597053,169.440343145091,4,-0.0145160365262473,0.269527477626208,23
"943",-0.000226210262151548,169.440343145091,4,-0.0145160365209182,0.269527477626208,23
"944",-0.000226211034946318,169.440343145091,4,-0.0145160365239293,0.269527477626208,23
"945",-0.000226208171051026,169.440343145091,4,-0.0769034814934585,0.269527477626208,23
"946",-0.00022620876629376,169.440343145091,4,-0.0769034814936275,0.269527477626208,23
"947",-0.000226208425024734,169.440343145091,4,-0.0769034814918632,0.269527477626208,23
"948",-0.00022620919008832,169.440343145091,4,-0.076903481487515,0.269527477626208,23
"949",-0.000226208978396469,169.440343145091,4,-0.0769034814833425,0.269527477626208,23
"950",-0.00022621167482146,169.440343145091,4,-0.076903481486653,0.269527477626208,23
"951",-0.00022621263276653,169.440343145091,4,-0.0769034814858684,0.269527477626208,23
"952",-0.000226209603783685,169.440343145091,4,-0.0769034814895389,0.269527477626208,23
"953",-0.000226210495745718,169.440343145091,4,-0.0769034814882589,0.269527477626208,23
"954",-0.000226208901488497,169.440343145091,4,-0.076903481496592,0.269527477626208,23
"955",-0.00022620816321184,169.440343145091,4,-0.0769034814852203,0.269527477626208,23
"956",-0.000226207915040972,169.440343145091,4,-0.0769034814906442,0.269527477626208,23
"957",-0.00022620878345804,169.440343145091,4,-0.024507294371109,0.269527477626208,23
"958",-0.0002262086917947,169.440343145091,4,-0.0245072943802377,0.269527477626208,23
"959",-0.000226210002810915,169.440343145091,4,-0.0245072943719262,0.269527477626208,23
"960",-0.000226210972494881,169.440343145091,4,-0.0245072943779326,0.269527477626208,23
"961",-0.000226208921204648,169.440343145091,4,-0.0245072943742051,0.269527477626208,23
"962",-0.000226210549151166,169.440343145091,4,-0.0245072943747227,0.269527477626208,23
"963",-0.000226205472254896,169.440343145091,4,-0.0245072943669188,0.269527477626208,23
"964",-0.000226211201996366,169.440343145091,4,-0.0245072943761819,0.269527477626208,23
"965",-0.000226211113834807,169.440343145091,4,-0.0245072943772153,0.269527477626208,23
"966",-0.000226209072153467,169.440343145091,4,-0.024507294377938,0.269527477626208,23
"967",-0.00022621326355717,169.440343145091,4,-0.0245072943855078,0.269527477626208,23
"968",-0.000226209195348885,169.440343145091,4,-0.0245072943665858,0.269527477626208,23
"969",-0.000226210540159576,169.440343145091,4,0.0547383599090322,0.269527477626208,23
"970",-0.000226209033776173,169.440343145091,4,0.0547383599040051,0.269527477626208,23
"971",-0.000226212096341467,169.440343145091,4,0.0547383598970474,0.269527477626208,23
"972",-0.000226209190249494,169.440343145091,4,0.0547383599124553,0.269527477626208,23
"973",-0.000226209249831959,169.440343145091,4,0.0547383599078947,0.269527477626208,23
"974",-0.000226212768523783,169.440343145091,4,0.0547383599061124,0.269527477626208,23
"975",-0.000226211823991981,169.440343145091,4,0.0547383599073828,0.269527477626208,23
"976",-0.000226205082056206,169.440343145091,4,0.0547383599033625,0.269527477626208,23
"977",-0.000226210474034867,169.440343145091,4,0.0547383599063028,0.269527477626208,23
"978",-0.000226208796404584,169.440343145091,4,0.0547383599038824,0.269527477626208,23
"979",-0.000226209440848619,169.440343145091,4,0.0547383599057963,0.269527477626208,23
"980",-0.000226211676177931,169.440343145091,4,0.054738359915312,0.269527477626208,23
"981",-0.000226209639822757,169.440343145091,4,0.054738359908074,0.269527477626208,23
"982",-0.000226209057829658,169.440343145091,4,0.00429797223234752,0.269527477626208,23
"983",-0.00022621004162643,169.440343145091,4,0.00429797222526487,0.269527477626208,23
"984",-0.000226208527022954,169.440343145091,4,0.00429797222293106,0.269527477626208,23
"985",-0.000226206140341265,169.440343145091,4,0.00429797222792332,0.269527477626208,23
"986",-0.000226213589531952,169.440343145091,4,0.00429797222775331,0.269527477626208,23
"987",-0.00022620934210776,169.440343145091,4,0.00429797223266549,0.269527477626208,23
"988",-0.000226210451226698,169.440343145091,4,0.00429797222694607,0.269527477626208,23
"989",-0.000226210626875164,169.440343145091,4,0.00429797222879564,0.269527477626208,23
"990",-0.000226212115945531,169.440343145091,4,0.00429797222742032,0.269527477626208,23
"991",-0.000226211329458964,169.440343145091,4,0.00429797222949471,0.269527477626208,23
"992",-0.000226208947493754,169.440343145091,4,0.00429797222510873,0.269527477626208,23
"993",-0.000226204090565833,169.440343145091,4,0.00429797223183806,0.269527477626208,23
"994",-0.000226206908026067,169.440343145091,4,0.0179996388015807,0.269527477626208,23
"995",-0.000226214476222774,169.440343145091,4,0.017999638797078,0.269527477626208,23
"996",-0.000226209413871456,169.440343145091,4,0.0179996388086664,0.269527477626208,23
"997",-0.00022620752430151,169.440343145091,4,0.0179996388063689,0.269527477626208,23
"998",-0.000226213583668415,169.440343145091,4,0.0179996387983889,0.269527477626208,23
"999",-0.0002262079944033,169.440343145091,4,0.0179996388027155,0.269527477626208,23
"1000",-0.000226212337117473,169.440343145091,4,0.0179996388086359,0.269527477626208,23
