"","coef_D2_1se.819.465","coef_D2_1se.819.465269450502","coef_D2_1se.2","coef_D2_cv.0.013","coef_D2_cv.0.0134196977865739","coef_D2_cv.39"
"1",-0.813649754779215,819.465269450502,2,-2.8774693622438,0.0134196977865739,39
"2",-0.810939469073958,819.465269450502,2,-2.80595125988959,0.0134196977865739,39
"3",-0.808229183038257,819.465269450502,2,-2.73443315753532,0.0134196977865739,39
"4",-0.805518897536372,819.465269450502,2,-2.66291505518135,0.0134196977865739,39
"5",-0.802808611567562,819.465269450502,2,-2.59139695282836,0.0134196977865739,39
"6",-0.800098325861828,819.465269450502,2,-2.51987885047596,0.0134196977865739,39
"7",-0.797388039479284,819.465269450502,2,-2.44836074812372,0.0134196977865739,39
"8",-0.794677753881956,819.465269450502,2,-2.37684264577212,0.0134196977865739,39
"9",-0.791967468064586,819.465269450502,2,-2.30532454342026,0.0134196977865739,39
"10",-0.789257181952746,819.465269450502,2,-2.23380644106826,0.0134196977865739,39
"11",-0.786546896007236,819.465269450502,2,-2.16228833871646,0.0134196977865739,39
"12",-0.78383661041267,819.465269450502,2,-2.09077023636422,0.0134196977865739,39
"13",-0.781126324552647,819.465269450502,2,-2.01925213401217,0.0134196977865739,39
"14",-0.778416038185913,819.465269450502,2,-1.94773403166,0.0134196977865739,39
"15",-0.775705752136973,819.465269450502,2,-1.87621592930834,0.0134196977865739,39
"16",-0.772995466272262,819.465269450502,2,-1.80469782695628,0.0134196977865739,39
"17",-0.770285180578036,819.465269450502,2,-1.73317972460491,0.0134196977865739,39
"18",-0.76757489510797,819.465269450502,2,-1.66166162225323,0.0134196977865739,39
"19",-0.764864608630529,819.465269450502,2,-1.63600999763836,0.0134196977865739,39
"20",-0.762154323636191,819.465269450502,2,-1.61035837302515,0.0134196977865739,39
"21",-0.759444036825363,819.465269450502,2,-1.58470674841043,0.0134196977865739,39
"22",-0.756733753006733,819.465269450502,2,-1.55905512379693,0.0134196977865739,39
"23",-0.754023465532164,819.465269450502,2,-1.53340349918248,0.0134196977865739,39
"24",-0.751313179957344,819.465269450502,2,-1.50775187456752,0.0134196977865739,39
"25",-0.748602893939915,819.465269450502,2,-1.48210024995248,0.0134196977865739,39
"26",-0.745892608556274,819.465269450502,2,-1.45644862533715,0.0134196977865739,39
"27",-0.743182321668147,819.465269450502,2,-1.43079700072226,0.0134196977865739,39
"28",-0.740472035877194,819.465269450502,2,-1.4051453761075,0.0134196977865739,39
"29",-0.737761750505524,819.465269450502,2,-1.37949375149327,0.0134196977865739,39
"30",-0.735051464481746,819.465269450502,2,-1.35384212687841,0.0134196977865739,39
"31",-0.7323411788942,819.465269450502,2,-1.32819050226364,0.0134196977865739,39
"32",-0.72963089271468,819.465269450502,2,-1.30253887764997,0.0134196977865739,39
"33",-0.726920606841804,819.465269450502,2,-1.27688725303585,0.0134196977865739,39
"34",-0.72421032140616,819.465269450502,2,-1.25123562842182,0.0134196977865739,39
"35",-0.721500035048845,819.465269450502,2,-1.22558400380779,0.0134196977865739,39
"36",-0.718789749126134,819.465269450502,2,-1.19993237919382,0.0134196977865739,39
"37",-0.716079464106741,819.465269450502,2,-1.17428075457978,0.0134196977865739,39
"38",-0.713369177563542,819.465269450502,2,-1.14862912996581,0.0134196977865739,39
"39",-0.710658891211782,819.465269450502,2,-1.12297750535194,0.0134196977865739,39
"40",-0.707948606064003,819.465269450502,2,-1.097325880738,0.0134196977865739,39
"41",-0.70523832134365,819.465269450502,2,-1.07167425612389,0.0134196977865739,39
"42",-0.702528033416452,819.465269450502,2,-1.0460226315103,0.0134196977865739,39
"43",-0.699817746652841,819.465269450502,2,-1.02037100689658,0.0134196977865739,39
"44",-0.697107462011956,819.465269450502,2,-0.994719382282891,0.0134196977865739,39
"45",-0.694397175757399,819.465269450502,2,-0.969067757669182,0.0134196977865739,39
"46",-0.691686889853759,819.465269450502,2,-0.943416133053804,0.0134196977865739,39
"47",-0.688976604131424,819.465269450502,2,-0.91776450843999,0.0134196977865739,39
"48",-0.686266318264006,819.465269450502,2,-0.892112883826568,0.0134196977865739,39
"49",-0.683556032473324,819.465269450502,2,-0.866461259213297,0.0134196977865739,39
"50",-0.680845747680748,819.465269450502,2,-0.840809634599679,0.0134196977865739,39
"51",-0.678135460812031,819.465269450502,2,-0.815158009986329,0.0134196977865739,39
"52",-0.67542517466406,819.465269450502,2,-0.789506385373297,0.0134196977865739,39
"53",-0.672714888841241,819.465269450502,2,-0.763854760759931,0.0134196977865739,39
"54",-0.670004602587537,819.465269450502,2,-0.738203136146752,0.0134196977865739,39
"55",-0.667294317405188,819.465269450502,2,-0.712551511533747,0.0134196977865739,39
"56",-0.66458403194534,819.465269450502,2,-0.686899886920135,0.0134196977865739,39
"57",-0.661873745815764,819.465269450502,2,-0.661248262306631,0.0134196977865739,39
"58",-0.65916346033507,819.465269450502,2,-0.635596637692846,0.0134196977865739,39
"59",-0.656453173353732,819.465269450502,2,-0.609945013079555,0.0134196977865739,39
"60",-0.653742887177876,819.465269450502,2,-0.584293388465939,0.0134196977865739,39
"61",-0.651032603193117,819.465269450502,2,-0.558641763851939,0.0134196977865739,39
"62",-0.648322316528562,819.465269450502,2,-0.532990139238488,0.0134196977865739,39
"63",-0.64561203057301,819.465269450502,2,-0.507338514624922,0.0134196977865739,39
"64",-0.642901744888223,819.465269450502,2,-0.481686890011829,0.0134196977865739,39
"65",-0.640191458298595,819.465269450502,2,-0.456035265398951,0.0134196977865739,39
"66",-0.637481172292112,819.465269450502,2,-0.430383640786136,0.0134196977865739,39
"67",-0.634770887209751,819.465269450502,2,-0.404732016172941,0.0134196977865739,39
"68",-0.632060600269173,819.465269450502,2,-0.379080391560283,0.0134196977865739,39
"69",-0.629350316515479,819.465269450502,2,-0.353428766947028,0.0134196977865739,39
"70",-0.626640029841004,819.465269450502,2,-0.327777142334179,0.0134196977865739,39
"71",-0.623929743052607,819.465269450502,2,-0.302125517721263,0.0134196977865739,39
"72",-0.621219456018141,819.465269450502,2,-0.276473893108863,0.0134196977865739,39
"73",-0.618509171385611,819.465269450502,2,-0.250822268496738,0.0134196977865739,39
"74",-0.615798883078481,819.465269450502,2,-0.225170643884247,0.0134196977865739,39
"75",-0.61308859978494,819.465269450502,2,-0.199519019272089,0.0134196977865739,39
"76",-0.610378313370686,819.465269450502,2,-0.173867394659291,0.0134196977865739,39
"77",-0.607668025790547,819.465269450502,2,-0.14821577004615,0.0134196977865739,39
"78",-0.604957741009738,819.465269450502,2,-0.122564145433126,0.0134196977865739,39
"79",-0.602247455605928,819.465269450502,2,-0.0969125208200471,0.0134196977865739,39
"80",-0.599537168185533,819.465269450502,2,-0.0712608962067474,0.0134196977865739,39
"81",-0.596826885932295,819.465269450502,2,-0.0456092715935062,0.0134196977865739,39
"82",-0.594116600522816,819.465269450502,2,-0.0199576469799194,0.0134196977865739,39
"83",-0.591406312580756,819.465269450502,2,0.00569397763362444,0.0134196977865739,39
"84",-0.588696025337038,819.465269450502,2,0.0313456022464115,0.0134196977865739,39
"85",-0.585985739226829,819.465269450502,2,0.0569972268606095,0.0134196977865739,39
"86",-0.583275457939534,819.465269450502,2,0.0826488514731997,0.0134196977865739,39
"87",-0.580565167897796,819.465269450502,2,0.0998171074455053,0.0134196977865739,39
"88",-0.577854884304294,819.465269450502,2,0.0988519427738015,0.0134196977865739,39
"89",-0.575144596866132,819.465269450502,2,0.0978867780995988,0.0134196977865739,39
"90",-0.572434309240735,819.465269450502,2,0.0969216134271247,0.0134196977865739,39
"91",-0.569724022703951,819.465269450502,2,0.0959564487531207,0.0134196977865739,39
"92",-0.567013738272615,819.465269450502,2,0.0949912840789797,0.0134196977865739,39
"93",-0.564303456247022,819.465269450502,2,0.0940261194045555,0.0134196977865739,39
"94",-0.561593165668314,819.465269450502,2,0.0930609547301003,0.0134196977865739,39
"95",-0.55888288290594,819.465269450502,2,0.0920957900559945,0.0134196977865739,39
"96",-0.556172594902622,819.465269450502,2,0.0911306253815883,0.0134196977865739,39
"97",-0.553462307615157,819.465269450502,2,0.0901654607067802,0.0134196977865739,39
"98",-0.550752022992039,819.465269450502,2,0.0892002960317834,0.0134196977865739,39
"99",-0.548041738008482,819.465269450502,2,0.088235131357252,0.0134196977865739,39
"100",-0.545331450369266,819.465269450502,2,0.0872699666821489,0.0134196977865739,39
"101",-0.542621166958612,819.465269450502,2,0.0863048020074807,0.0134196977865739,39
"102",-0.539910880108597,819.465269450502,2,0.0853396373325102,0.0134196977865739,39
"103",-0.537200593855207,819.465269450502,2,0.0843744726573342,0.0134196977865739,39
"104",-0.534490313487664,819.465269450502,2,0.0834093079822878,0.0134196977865739,39
"105",-0.531780021275208,819.465269450502,2,0.0824441433075319,0.0134196977865739,39
"106",-0.529069739597486,819.465269450502,2,0.081478978632441,0.0134196977865739,39
"107",-0.526359452008474,819.465269450502,2,0.0805138139574579,0.0134196977865739,39
"108",-0.523649166114952,819.465269450502,2,0.079548649282832,0.0134196977865739,39
"109",-0.52093887854003,819.465269450502,2,0.07858348460791,0.0134196977865739,39
"110",-0.51822859307608,819.465269450502,2,0.0776183199324866,0.0134196977865739,39
"111",-0.515518310546514,819.465269450502,2,0.0766531552571131,0.0134196977865739,39
"112",-0.512808022758663,819.465269450502,2,0.0756879905817735,0.0134196977865739,39
"113",-0.510097736411048,819.465269450502,2,0.0747228259064587,0.0134196977865739,39
"114",-0.50738744685979,819.465269450502,2,0.0737576612308253,0.0134196977865739,39
"115",-0.504677165277278,819.465269450502,2,0.0727924965545786,0.0134196977865739,39
"116",-0.501966874058756,819.465269450502,2,0.0718273318788552,0.0134196977865739,39
"117",-0.499256590620625,819.465269450502,2,0.070862167202703,0.0134196977865739,39
"118",-0.496546306170984,819.465269450502,2,0.0698970025267002,0.0134196977865739,39
"119",-0.493836019726901,819.465269450502,2,0.0689318378506579,0.0134196977865739,39
"120",-0.491125731019483,819.465269450502,2,0.0679666731744278,0.0134196977865739,39
"121",-0.488415448692175,819.465269450502,2,0.0670015084990219,0.0134196977865739,39
"122",-0.48570516320696,819.465269450502,2,0.0660363438234547,0.0134196977865739,39
"123",-0.482994876650799,819.465269450502,2,0.0650711791479102,0.0134196977865739,39
"124",-0.480284590154177,819.465269450502,2,0.0641060144722333,0.0134196977865739,39
"125",-0.47757430612789,819.465269450502,2,0.0631408497968451,0.0134196977865739,39
"126",-0.474864021681703,819.465269450502,2,0.0621756851214585,0.0134196977865739,39
"127",-0.472153734143198,819.465269450502,2,0.0612105204457617,0.0134196977865739,39
"128",-0.469443449178758,819.465269450502,2,0.0602453557704207,0.0134196977865739,39
"129",-0.466733161222531,819.465269450502,2,0.0592801910951016,0.0134196977865739,39
"130",-0.464022879417845,819.465269450502,2,0.0583150264201676,0.0134196977865739,39
"131",-0.461312590536372,819.465269450502,2,0.0573498617447899,0.0134196977865739,39
"132",-0.458602298883466,819.465269450502,2,0.0563846970685256,0.0134196977865739,39
"133",-0.455892012838548,819.465269450502,2,0.0554195323922873,0.0134196977865739,39
"134",-0.45318172834603,819.465269450502,2,0.0544543677156166,0.0134196977865739,39
"135",-0.450471444446737,819.465269450502,2,0.053489203038944,0.0134196977865739,39
"136",-0.447761160102573,819.465269450502,2,0.0525240383624543,0.0134196977865739,39
"137",-0.445050873374347,819.465269450502,2,0.0515588736858942,0.0134196977865739,39
"138",-0.442340590199466,819.465269450502,2,0.050593709008961,0.0134196977865739,39
"139",-0.439630301369322,819.465269450502,2,0.0496285443322146,0.0134196977865739,39
"140",-0.436920014714473,819.465269450502,2,0.0486633796554773,0.0134196977865739,39
"141",-0.434209729904419,819.465269450502,2,0.0476982149787154,0.0134196977865739,39
"142",-0.43149944641349,819.465269450502,2,0.0467330503021504,0.0134196977865739,39
"143",-0.428789158086674,819.465269450502,2,0.0457678856251017,0.0134196977865739,39
"144",-0.426078867295365,819.465269450502,2,0.0448027209485319,0.0134196977865739,39
"145",-0.423368586640195,819.465269450502,2,0.0438375562720519,0.0134196977865739,39
"146",-0.420658299628685,819.465269450502,2,0.0428723915953412,0.0134196977865739,39
"147",-0.417948007322423,819.465269450502,2,0.0419072269182174,0.0134196977865739,39
"148",-0.415237727473702,819.465269450502,2,0.0409420622417358,0.0134196977865739,39
"149",-0.412527437577808,819.465269450502,2,0.0399768975647535,0.0134196977865739,39
"150",-0.409817159119816,819.465269450502,2,0.0390117328892599,0.0134196977865739,39
"151",-0.407106866935546,819.465269450502,2,0.0380465682133126,0.0134196977865739,39
"152",-0.40439658238127,819.465269450502,2,0.0370814035378261,0.0134196977865739,39
"153",-0.401686300594518,819.465269450502,2,0.046867218320373,0.0134196977865739,39
"154",-0.39897601590539,819.465269450502,2,0.0566530331029148,0.0134196977865739,39
"155",-0.396265729725665,819.465269450502,2,0.0664388478853909,0.0134196977865739,39
"156",-0.393555442444397,819.465269450502,2,0.0762246626673117,0.0134196977865739,39
"157",-0.39084515236197,819.465269450502,2,0.0860104774492121,0.0134196977865739,39
"158",-0.388134876766522,819.465269450502,2,0.0957962922319187,0.0134196977865739,39
"159",-0.38542458348349,819.465269450502,2,0.105582107013513,0.0134196977865739,39
"160",-0.382714302960629,819.465269450502,2,0.115367921795735,0.0134196977865739,39
"161",-0.380004012972832,819.465269450502,2,0.125153736578317,0.0134196977865739,39
"162",-0.377293728636913,819.465269450502,2,0.134939551359972,0.0134196977865739,39
"163",-0.374583434457942,819.465269450502,2,0.14472536614171,0.0134196977865739,39
"164",-0.371873162037672,819.465269450502,2,0.154511180924229,0.0134196977865739,39
"165",-0.369162873018508,819.465269450502,2,0.164296995706288,0.0134196977865739,39
"166",-0.366452580082286,819.465269450502,2,0.174082810488189,0.0134196977865739,39
"167",-0.363742289784218,819.465269450502,2,0.183868625270125,0.0134196977865739,39
"168",-0.361032022384655,819.465269450502,2,0.193654440052237,0.0134196977865739,39
"169",-0.358321727433759,819.465269450502,2,0.203440254834081,0.0134196977865739,39
"170",-0.355611439616655,819.465269450502,2,0.213226069616624,0.0134196977865739,39
"171",-0.352901153360243,819.465269450502,2,0.223011884397915,0.0134196977865739,39
"172",-0.350190868382681,819.465269450502,2,0.232797699180947,0.0134196977865739,39
"173",-0.347480585793913,819.465269450502,2,0.242583513962419,0.0134196977865739,39
"174",-0.344770294659707,819.465269450502,2,0.252369328744417,0.0134196977865739,39
"175",-0.342060009004736,819.465269450502,2,0.262155143527805,0.0134196977865739,39
"176",-0.339349722005084,819.465269450502,2,0.271940958308967,0.0134196977865739,39
"177",-0.336639438127379,819.465269450502,2,0.281726773090881,0.0134196977865739,39
"178",-0.333929145374552,819.465269450502,2,0.291512587872833,0.0134196977865739,39
"179",-0.331218863541673,819.465269450502,2,0.301298402654956,0.0134196977865739,39
"180",-0.328508575912045,819.465269450502,2,0.311084217437416,0.0134196977865739,39
"181",-0.32579829154414,819.465269450502,2,0.320870032218813,0.0134196977865739,39
"182",-0.323088016175051,819.465269450502,2,0.330655847000945,0.0134196977865739,39
"183",-0.320377714245639,819.465269450502,2,0.340441661783418,0.0134196977865739,39
"184",-0.317667435325899,819.465269450502,2,0.350227476565833,0.0134196977865739,39
"185",-0.314957152242626,819.465269450502,2,0.360013291347835,0.0134196977865739,39
"186",-0.312246860406369,819.465269450502,2,0.369799106129684,0.0134196977865739,39
"187",-0.309536580405217,819.465269450502,2,0.379584920911911,0.0134196977865739,39
"188",-0.306826290142483,819.465269450502,2,0.389370735693833,0.0134196977865739,39
"189",-0.304116015402837,819.465269450502,2,0.399156550475957,0.0134196977865739,39
"190",-0.301405721032405,819.465269450502,2,0.464483058799422,0.0134196977865739,39
"191",-0.298695441249036,819.465269450502,2,0.529809567123195,0.0134196977865739,39
"192",-0.29598515509759,819.465269450502,2,0.595136075447508,0.0134196977865739,39
"193",-0.293274865838563,819.465269450502,2,0.660462583770927,0.0134196977865739,39
"194",-0.290564583123764,819.465269450502,2,0.725789092094173,0.0134196977865739,39
"195",-0.287854297941293,819.465269450502,2,0.791115600418136,0.0134196977865739,39
"196",-0.285144004675792,819.465269450502,2,0.856442108741745,0.0134196977865739,39
"197",-0.28243372048753,819.465269450502,2,0.921768617065248,0.0134196977865739,39
"198",-0.279723423114472,819.465269450502,2,0.987095125389116,0.0134196977865739,39
"199",-0.277013152713298,819.465269450502,2,1.05242163371304,0.0134196977865739,39
"200",-0.274302862600098,819.465269450502,2,1.11774814203669,0.0134196977865739,39
"201",-0.271592580432665,819.465269450502,2,1.18307465036041,0.0134196977865739,39
"202",-0.268882290688791,819.465269450502,2,1.2484011586842,0.0134196977865739,39
"203",-0.266172001830706,819.465269450502,2,1.31372766700807,0.0134196977865739,39
"204",-0.263461705581839,819.465269450502,2,1.37905417533132,0.0134196977865739,39
"205",-0.260751428192782,819.465269450502,2,1.44438068365525,0.0134196977865739,39
"206",-0.258041144735882,819.465269450502,2,1.50970719197871,0.0134196977865739,39
"207",-0.255330873259668,819.465269450502,2,1.57503370030272,0.0134196977865739,39
"208",-0.252620573389641,819.465269450502,2,1.57733421688096,0.0134196977865739,39
"209",-0.249910297044301,819.465269450502,2,1.57671433471778,0.0134196977865739,39
"210",-0.247200012530719,819.465269450502,2,1.57609445255506,0.0134196977865739,39
"211",-0.244489723397993,819.465269450502,2,1.57547457039111,0.0134196977865739,39
"212",-0.24177943245182,819.465269450502,2,1.57485468822816,0.0134196977865739,39
"213",-0.239069163203116,819.465269450502,2,1.57423480606442,0.0134196977865739,39
"214",-0.236358882018032,819.465269450502,2,1.57361492390138,0.0134196977865739,39
"215",-0.23364857006274,819.465269450502,2,1.57299504173856,0.0134196977865739,39
"216",-0.23093828731409,819.465269450502,2,1.57237515957564,0.0134196977865739,39
"217",-0.228228008137265,819.465269450502,2,1.57175527741236,0.0134196977865739,39
"218",-0.225517718940153,819.465269450502,2,1.57113539524925,0.0134196977865739,39
"219",-0.222807438026062,819.465269450502,2,1.57051551308527,0.0134196977865739,39
"220",-0.220097152901978,819.465269450502,2,1.56989563092217,0.0134196977865739,39
"221",-0.217386855860803,819.465269450502,2,1.5692757487594,0.0134196977865739,39
"222",-0.214676573756877,819.465269450502,2,1.56865586659596,0.0134196977865739,39
"223",-0.211966309080432,819.465269450502,2,1.56803598443286,0.0134196977865739,39
"224",-0.209255999029399,819.465269450502,2,1.56741610227011,0.0134196977865739,39
"225",-0.206545722237982,819.465269450502,2,1.566796220107,0.0134196977865739,39
"226",-0.203835417447573,819.465269450502,2,1.56617633794338,0.0134196977865739,39
"227",-0.201125147343915,819.465269450502,2,1.56555645578011,0.0134196977865739,39
"228",-0.198414858059734,819.465269450502,2,1.36478885602689,0.0134196977865739,39
"229",-0.195704570589887,819.465269450502,2,1.14666202557533,0.0134196977865739,39
"230",-0.192994291387466,819.465269450502,2,0.928535195124646,0.0134196977865739,39
"231",-0.190284010136661,819.465269450502,2,0.710408364673901,0.0134196977865739,39
"232",-0.187573732554278,819.465269450502,2,0.492281534222408,0.0134196977865739,39
"233",-0.184863438366122,819.465269450502,2,0.274154703771133,0.0134196977865739,39
"234",-0.182153146767205,819.465269450502,2,0.0560278733203935,0.0134196977865739,39
"235",-0.179442860322944,819.465269450502,2,-0.162098957130615,0.0134196977865739,39
"236",-0.176732573301301,819.465269450502,2,-0.380225787581448,0.0134196977865739,39
"237",-0.174022284400404,819.465269450502,2,-0.59835261803265,0.0134196977865739,39
"238",-0.171312016312363,819.465269450502,2,-0.816479448484448,0.0134196977865739,39
"239",-0.168601718266456,819.465269450502,2,-1.03460627893486,0.0134196977865739,39
"240",-0.165891432995411,819.465269450502,2,-1.25273310938573,0.0134196977865739,39
"241",-0.163181150473263,819.465269450502,2,-1.47085993983668,0.0134196977865739,39
"242",-0.160470850460171,819.465269450502,2,-1.68898677028796,0.0134196977865739,39
"243",-0.15776055928865,819.465269450502,2,-1.90711360073923,0.0134196977865739,39
"244",-0.155050293504501,819.465269450502,2,-2.1252404311903,0.0134196977865739,39
"245",-0.152339993689401,819.465269450502,2,-2.34336726164117,0.0134196977865739,39
"246",-0.149629714870733,819.465269450502,2,-2.56149409209245,0.0134196977865739,39
"247",-0.146919433177396,819.465269450502,2,-2.77962092254335,0.0134196977865739,39
"248",-0.14420915565355,819.465269450502,2,-2.99774775299388,0.0134196977865739,39
"249",-0.141498866443056,819.465269450502,2,-3.21587458344555,0.0134196977865739,39
"250",-0.138788574251934,819.465269450502,2,-3.43400141389649,0.0134196977865739,39
"251",-0.136078292659853,819.465269450502,2,-3.65212824434707,0.0134196977865739,39
"252",-0.133367991463427,819.465269450502,2,-3.87025507479824,0.0134196977865739,39
"253",-0.130657709325847,819.465269450502,2,-4.08838190524954,0.0134196977865739,39
"254",-0.127947438198037,819.465269450502,2,-4.3065087357002,0.0134196977865739,39
"255",-0.12523713487175,819.465269450502,2,-4.52463556615111,0.0134196977865739,39
"256",-0.122526852677991,819.465269450502,2,-4.43584850583597,0.0134196977865739,39
"257",-0.119816566997099,819.465269450502,2,-4.34706144552052,0.0134196977865739,39
"258",-0.117106278357684,819.465269450502,2,-4.25827438520513,0.0134196977865739,39
"259",-0.114395997339396,819.465269450502,2,-4.16948732489026,0.0134196977865739,39
"260",-0.111685719745806,819.465269450502,2,-4.08070026457569,0.0134196977865739,39
"261",-0.1089754269225,819.465269450502,2,-3.9919132042593,0.0134196977865739,39
"262",-0.106265137460802,819.465269450502,2,-3.90312614394406,0.0134196977865739,39
"263",-0.10355485466101,819.465269450502,2,-3.81433908362863,0.0134196977865739,39
"264",-0.100844549953119,819.465269450502,2,-3.7255520233137,0.0134196977865739,39
"265",-0.0981342674640683,819.465269450502,2,-3.63676496299786,0.0134196977865739,39
"266",-0.0954239931932255,819.465269450502,2,-3.54797790268283,0.0134196977865739,39
"267",-0.0927137126502691,819.465269450502,2,-3.45919084236745,0.0134196977865739,39
"268",-0.0900034168058532,819.465269450502,2,-3.37040378205205,0.0134196977865739,39
"269",-0.0872931428305054,819.465269450502,2,-3.28161672173684,0.0134196977865739,39
"270",-0.0845828520347199,819.465269450502,2,-3.1928296614216,0.0134196977865739,39
"271",-0.0818725747225072,819.465269450502,2,-3.10404260110612,0.0134196977865739,39
"272",-0.079162280799802,819.465269450502,2,-3.01525554079075,0.0134196977865739,39
"273",-0.0764519916861158,819.465269450502,2,-2.92646848047561,0.0134196977865739,39
"274",-0.0737416958995435,819.465269450502,2,-2.83768142016009,0.0134196977865739,39
"275",-0.0710314354952428,819.465269450502,2,-2.74889435984475,0.0134196977865739,39
"276",-0.0683211529747227,819.465269450502,2,-2.66010729953006,0.0134196977865739,39
"277",-0.065610846830933,819.465269450502,2,-2.57132023921406,0.0134196977865739,39
"278",-0.062900543041458,819.465269450502,2,-2.48253317889882,0.0134196977865739,39
"279",-0.0601902877651308,819.465269450502,2,-2.39374611858384,0.0134196977865739,39
"280",-0.057479978657785,819.465269450502,2,-2.30495905826879,0.0134196977865739,39
"281",-0.05476971120541,819.465269450502,2,-2.22594728874848,0.0134196977865739,39
"282",-0.0520594256632237,819.465269450502,2,-2.14693551922853,0.0134196977865739,39
"283",-0.0493491472330078,819.465269450502,2,-2.06792374970757,0.0134196977865739,39
"284",-0.0466388338213814,819.465269450502,2,-1.9889119801889,0.0134196977865739,39
"285",-0.0439285642367742,819.465269450502,2,-1.90990021066802,0.0134196977865739,39
"286",-0.041218281956436,819.465269450502,2,-1.83088844114738,0.0134196977865739,39
"287",-0.0385080054145135,819.465269450502,2,-1.75187667162706,0.0134196977865739,39
"288",-0.0357977030279496,819.465269450502,2,-1.67286490210706,0.0134196977865739,39
"289",-0.0330874267766171,819.465269450502,2,-1.59385313258722,0.0134196977865739,39
"290",-0.0303771288420061,819.465269450502,2,-1.51484136306686,0.0134196977865739,39
"291",-0.0276668429650498,819.465269450502,2,-1.43582959354659,0.0134196977865739,39
"292",-0.0249565687838756,819.465269450502,2,-1.35681782402658,0.0134196977865739,39
"293",-0.0222462699389425,819.465269450502,2,-1.27780605450628,0.0134196977865739,39
"294",-0.0195359881346151,819.465269450502,2,-1.19879428498627,0.0134196977865739,39
"295",-0.0168257168242831,819.465269450502,2,-1.11978251546574,0.0134196977865739,39
"296",-0.0141154172146823,819.465269450502,2,-1.04077074594611,0.0134196977865739,39
"297",-0.011405141551238,819.465269450502,2,-0.961758976425834,0.0134196977865739,39
"298",-0.00869484133506587,819.465269450502,2,-0.882747206905581,0.0134196977865739,39
"299",-0.00598455185557376,819.465269450502,2,-0.803735437385333,0.0134196977865739,39
"300",-0.00327425402667685,819.465269450502,2,-0.724723667865205,0.0134196977865739,39
"301",-0.000563978567423292,819.465269450502,2,-0.645711898345109,0.0134196977865739,39
"302",0.00214629051249827,819.465269450502,2,-0.566700128824978,0.0134196977865739,39
"303",0.00485656697713186,819.465269450502,2,-0.487688359305189,0.0134196977865739,39
"304",0.00756687627908804,819.465269450502,2,-0.40867658978502,0.0134196977865739,39
"305",0.0102771435208211,819.465269450502,2,-0.32966482026474,0.0134196977865739,39
"306",0.0129874411253921,819.465269450502,2,-0.250653050744554,0.0134196977865739,39
"307",0.0156977247009299,819.465269450502,2,-0.17164128122441,0.0134196977865739,39
"308",0.0184079930916166,819.465269450502,2,-0.0926295117043705,0.0134196977865739,39
"309",0.0211183059489087,819.465269450502,2,-0.0136177421843618,0.0134196977865739,39
"310",0.0238285957687742,819.465269450502,2,0.0653940273356654,0.0134196977865739,39
"311",0.0265388834407251,819.465269450502,2,0.144405796856127,0.0134196977865739,39
"312",0.0292491532573574,819.465269450502,2,0.223417566375744,0.0134196977865739,39
"313",0.031959437312332,819.465269450502,2,0.302429335895749,0.0134196977865739,39
"314",0.0346697246290159,819.465269450502,2,0.381441105415726,0.0134196977865739,39
"315",0.0373799917910521,819.465269450502,2,0.46045287493543,0.0134196977865739,39
"316",0.0400903036667462,819.465269450502,2,0.53946464445532,0.0134196977865739,39
"317",0.0428005890347394,819.465269450502,2,0.618476413975486,0.0134196977865739,39
"318",0.0455108688166245,819.465269450502,2,0.620537523328787,0.0134196977865739,39
"319",0.0482211443733659,819.465269450502,2,0.622598632682599,0.0134196977865739,39
"320",0.0509314398342635,819.465269450502,2,0.624659742035927,0.0134196977865739,39
"321",0.0536417221786175,819.465269450502,2,0.626720851389348,0.0134196977865739,39
"322",0.0563520181866403,819.465269450502,2,0.628781960742504,0.0134196977865739,39
"323",0.0590623076817767,819.465269450502,2,0.630843070096145,0.0134196977865739,39
"324",0.061772587579901,819.465269450502,2,0.632904179449282,0.0134196977865739,39
"325",0.0644828816730519,819.465269450502,2,0.634965288802872,0.0134196977865739,39
"326",0.0671931751818004,819.465269450502,2,0.637026398155156,0.0134196977865739,39
"327",0.0699034438482062,819.465269450502,2,0.63908750750831,0.0134196977865739,39
"328",0.0726137236514899,819.465269450502,2,0.641148616861257,0.0134196977865739,39
"329",0.0753240059487472,819.465269450502,2,0.643209726213755,0.0134196977865739,39
"330",0.0780343065658933,819.465269450502,2,0.645270835566657,0.0134196977865739,39
"331",0.0807445897047899,819.465269450502,2,0.647331944919246,0.0134196977865739,39
"332",0.0834548576382154,819.465269450502,2,0.649393054272053,0.0134196977865739,39
"333",0.086165142813953,819.465269450502,2,0.651454163624869,0.0134196977865739,39
"334",0.088875442405008,819.465269450502,2,0.653515272977443,0.0134196977865739,39
"335",0.0915857327458503,819.465269450502,2,0.655576382329961,0.0134196977865739,39
"336",0.0942960057451974,819.465269450502,2,0.657637491682517,0.0134196977865739,39
"337",0.0970063023957665,819.465269450502,2,0.659698601034807,0.0134196977865739,39
"338",0.0997165747371786,819.465269450502,2,0.661759710386953,0.0134196977865739,39
"339",0.102426866406605,819.465269450502,2,0.663820819739473,0.0134196977865739,39
"340",0.105137156659698,819.465269450502,2,0.665881929091762,0.0134196977865739,39
"341",0.107847457815899,819.465269450502,2,0.667943038443757,0.0134196977865739,39
"342",0.110557709968491,819.465269450502,2,0.670004147796331,0.0134196977865739,39
"343",0.113268012054123,819.465269450502,2,0.672065257149062,0.0134196977865739,39
"344",0.11597829670394,819.465269450502,2,0.674126366501139,0.0134196977865739,39
"345",0.118688603264657,819.465269450502,2,0.676187475853382,0.0134196977865739,39
"346",0.121398871948818,819.465269450502,2,0.678248585206143,0.0134196977865739,39
"347",0.124109153014935,819.465269450502,2,0.680309694558446,0.0134196977865739,39
"348",0.126819446283117,819.465269450502,2,0.682370803910276,0.0134196977865739,39
"349",0.129529745286125,819.465269450502,2,0.684431913262687,0.0134196977865739,39
"350",0.132240011900517,819.465269450502,2,0.686493022614636,0.0134196977865739,39
"351",0.134950284235479,819.465269450502,2,0.688554131967201,0.0134196977865739,39
"352",0.137660560828538,819.465269450502,2,0.690615241319552,0.0134196977865739,39
"353",0.140370889095432,819.465269450502,2,0.69267635067128,0.0134196977865739,39
"354",0.143081173107232,819.465269450502,2,0.694737460024294,0.0134196977865739,39
"355",0.145791447828922,819.465269450502,2,0.696798569376411,0.0134196977865739,39
"356",0.148501731231812,819.465269450502,2,0.69885967872853,0.0134196977865739,39
"357",0.151212015122383,819.465269450502,2,0.700920788080901,0.0134196977865739,39
"358",0.153922302388579,819.465269450502,2,0.702981897433269,0.0134196977865739,39
"359",0.156632590024752,819.465269450502,2,0.70504300678558,0.0134196977865739,39
"360",0.15934288456513,819.465269450502,2,0.707104116137892,0.0134196977865739,39
"361",0.162053154743615,819.465269450502,2,0.709165225490112,0.0134196977865739,39
"362",0.164763452530453,819.465269450502,2,0.711226334842455,0.0134196977865739,39
"363",0.167473715477069,819.465269450502,2,0.713287444194541,0.0134196977865739,39
"364",0.170184010509802,819.465269450502,2,0.715348553546934,0.0134196977865739,39
"365",0.172894303940827,819.465269450502,2,0.717409662899334,0.0134196977865739,39
"366",0.175604604132398,819.465269450502,2,0.719470772251706,0.0134196977865739,39
"367",0.178314888958193,819.465269450502,2,0.721531881604073,0.0134196977865739,39
"368",0.181025154021667,819.465269450502,2,0.723592990956,0.0134196977865739,39
"369",0.183735420673363,819.465269450502,2,0.725654100308221,0.0134196977865739,39
"370",0.186445720486084,819.465269450502,2,0.727715209660621,0.0134196977865739,39
"371",0.189156015455807,819.465269450502,2,0.729776319012836,0.0134196977865739,39
"372",0.191866301729452,819.465269450502,2,0.731837428365091,0.0134196977865739,39
"373",0.194576581050361,819.465269450502,2,0.733898537717348,0.0134196977865739,39
"374",0.197286876983937,819.465269450502,2,0.735959647070043,0.0134196977865739,39
"375",0.199997153671655,819.465269450502,2,0.738020756422231,0.0134196977865739,39
"376",0.202707458408847,819.465269450502,2,0.740081865774499,0.0134196977865739,39
"377",0.20541773179356,819.465269450502,2,0.742142975126887,0.0134196977865739,39
"378",0.208128021611056,819.465269450502,2,0.744204084479152,0.0134196977865739,39
"379",0.210838302105728,819.465269450502,2,0.746265193831448,0.0134196977865739,39
"380",0.213548610257512,819.465269450502,2,0.748326303183926,0.0134196977865739,39
"381",0.21625888454111,819.465269450502,2,0.750387412536069,0.0134196977865739,39
"382",0.218969174838044,819.465269450502,2,0.752448521888354,0.0134196977865739,39
"383",0.221679449271974,819.465269450502,2,0.754509631240826,0.0134196977865739,39
"384",0.224389751808069,819.465269450502,2,0.756570740593079,0.0134196977865739,39
"385",0.227100024481865,819.465269450502,2,0.758631849945165,0.0134196977865739,39
"386",0.229810312617537,819.465269450502,2,0.760692959297957,0.0134196977865739,39
"387",0.232520602049593,819.465269450502,2,0.762754068649633,0.0134196977865739,39
"388",0.23523087679551,819.465269450502,2,0.764815178002375,0.0134196977865739,39
"389",0.23794116771487,819.465269450502,2,0.766876287355347,0.0134196977865739,39
"390",0.240651448549965,819.465269450502,2,0.768937396707184,0.0134196977865739,39
"391",0.243361730395098,819.465269450502,2,0.770998506058959,0.0134196977865739,39
"392",0.246072014225192,819.465269450502,2,0.773059615411292,0.0134196977865739,39
"393",0.248782314609066,819.465269450502,2,0.775120724763844,0.0134196977865739,39
"394",0.251492589024571,819.465269450502,2,0.777181834116054,0.0134196977865739,39
"395",0.254202900480984,819.465269450502,2,0.779242943468202,0.0134196977865739,39
"396",0.256913171589771,819.465269450502,2,0.781304052820828,0.0134196977865739,39
"397",0.259623449651775,819.465269450502,2,0.783365162172935,0.0134196977865739,39
"398",0.262333738421578,819.465269450502,2,0.785426271525145,0.0134196977865739,39
"399",0.265044022042288,819.465269450502,2,0.787487380877464,0.0134196977865739,39
"400",0.267754288409231,819.465269450502,2,0.789548490229778,0.0134196977865739,39
"401",0.270464598322154,819.465269450502,2,0.791609599582288,0.0134196977865739,39
"402",0.273174896141013,819.465269450502,2,0.793670708934457,0.0134196977865739,39
"403",0.275885176976871,819.465269450502,2,0.795731818286645,0.0134196977865739,39
"404",0.278595476971727,819.465269450502,2,0.797792927638998,0.0134196977865739,39
"405",0.281305760692901,819.465269450502,2,0.799854036991405,0.0134196977865739,39
"406",0.284016011518021,819.465269450502,2,0.801915146343798,0.0134196977865739,39
"407",0.286726302653112,819.465269450502,2,0.803976255696121,0.0134196977865739,39
"408",0.289436593133387,819.465269450502,2,0.806037365048103,0.0134196977865739,39
"409",0.292146869076672,819.465269450502,2,0.808098474400773,0.0134196977865739,39
"410",0.294857191474418,819.465269450502,2,0.810159583753003,0.0134196977865739,39
"411",0.297567458710168,819.465269450502,2,0.812220693104766,0.0134196977865739,39
"412",0.300277753619705,819.465269450502,2,0.814281802457997,0.0134196977865739,39
"413",0.302988027186696,819.465269450502,2,0.816342911809693,0.0134196977865739,39
"414",0.30569832301791,819.465269450502,2,0.818404021162164,0.0134196977865739,39
"415",0.30840860126467,819.465269450502,2,0.820465130514547,0.0134196977865739,39
"416",0.311118863435175,819.465269450502,2,0.822526239866564,0.0134196977865739,39
"417",0.313829179131779,819.465269450502,2,0.824587349219239,0.0134196977865739,39
"418",0.31653944905035,819.465269450502,2,0.826648458571567,0.0134196977865739,39
"419",0.319249740543126,819.465269450502,2,0.828709567923928,0.0134196977865739,39
"420",0.321960038611684,819.465269450502,2,0.801047157505497,0.0134196977865739,39
"421",0.324670336265624,819.465269450502,2,0.77338474708759,0.0134196977865739,39
"422",0.327380612960057,819.465269450502,2,0.745722336668682,0.0134196977865739,39
"423",0.33009087023176,819.465269450502,2,0.718059926250322,0.0134196977865739,39
"424",0.332801163922673,819.465269450502,2,0.690397515832006,0.0134196977865739,39
"425",0.335511452875959,819.465269450502,2,0.662735105413849,0.0134196977865739,39
"426",0.338221742045057,819.465269450502,2,0.635072694995323,0.0134196977865739,39
"427",0.340932051897924,819.465269450502,2,0.607410284576794,0.0134196977865739,39
"428",0.3436422990905,819.465269450502,2,0.579747874158809,0.0134196977865739,39
"429",0.346352625844948,819.465269450502,2,0.552085463740382,0.0134196977865739,39
"430",0.349062889131684,819.465269450502,2,0.52442305332162,0.0134196977865739,39
"431",0.351773188001997,819.465269450502,2,0.496760642903189,0.0134196977865739,39
"432",0.354483456866914,819.465269450502,2,0.469098232485276,0.0134196977865739,39
"433",0.357193709994971,819.465269450502,2,0.441435822066867,0.0134196977865739,39
"434",0.359904028554236,819.465269450502,2,0.413773411647687,0.0134196977865739,39
"435",0.362614312278987,819.465269450502,2,0.386111001230009,0.0134196977865739,39
"436",0.365324601391199,819.465269450502,2,0.35844859081151,0.0134196977865739,39
"437",0.368034893067297,819.465269450502,2,0.330786180392981,0.0134196977865739,39
"438",0.370745174960591,819.465269450502,2,0.30312376997501,0.0134196977865739,39
"439",0.373455462456594,819.465269450502,2,0.275461359556392,0.0134196977865739,39
"440",0.376165747815482,819.465269450502,2,0.24779894913781,0.0134196977865739,39
"441",0.378876027605866,819.465269450502,2,0.220136538719853,0.0134196977865739,39
"442",0.381586312525583,819.465269450502,2,0.192474128301337,0.0134196977865739,39
"443",0.384296606390985,819.465269450502,2,0.164811717883276,0.0134196977865739,39
"444",0.387006886093786,819.465269450502,2,0.137149307464619,0.0134196977865739,39
"445",0.386312079149025,819.465269450502,2,0.109486897046362,0.0134196977865739,39
"446",0.38561728411461,819.465269450502,2,0.0818244866281082,0.0134196977865739,39
"447",0.384922460389525,819.465269450502,2,0.0541620762097223,0.0134196977865739,39
"448",0.384227671026193,819.465269450502,2,0.0264996657913174,0.0134196977865739,39
"449",0.383532865255642,819.465269450502,2,-0.00116274462697961,0.0134196977865739,39
"450",0.382838057752485,819.465269450502,2,-0.0288251550449353,0.0134196977865739,39
"451",0.382143262452425,819.465269450502,2,-0.0564875654635448,0.0134196977865739,39
"452",0.381448430611807,819.465269450502,2,-0.0841499758819732,0.0134196977865739,39
"453",0.380753644460053,819.465269450502,2,-0.111812386299708,0.0134196977865739,39
"454",0.380058838753715,819.465269450502,2,-0.139474796718718,0.0134196977865739,39
"455",0.379364017547424,819.465269450502,2,-0.130036247021304,0.0134196977865739,39
"456",0.378669212745709,819.465269450502,2,-0.120597697324521,0.0134196977865739,39
"457",0.377974422293841,819.465269450502,2,-0.111159147626741,0.0134196977865739,39
"458",0.377279621727933,819.465269450502,2,-0.101720597930042,0.0134196977865739,39
"459",0.37658479494356,819.465269450502,2,-0.0922820482327467,0.0134196977865739,39
"460",0.37589001999742,819.465269450502,2,-0.0828434985354838,0.0134196977865739,39
"461",0.375195176108024,819.465269450502,2,-0.0734049488378631,0.0134196977865739,39
"462",0.37450039791211,819.465269450502,2,-0.0639663991410032,0.0134196977865739,39
"463",0.373805573566962,819.465269450502,2,-0.0545278494440872,0.0134196977865739,39
"464",0.373110762268337,819.465269450502,2,-0.0450892997466373,0.0134196977865739,39
"465",0.372415956760903,819.465269450502,2,-0.0356507500495328,0.0134196977865739,39
"466",0.371721129710606,819.465269450502,2,-0.0262122003522309,0.0134196977865739,39
"467",0.371026363341059,819.465269450502,2,-0.0167736506550672,0.0134196977865739,39
"468",0.37033157418199,819.465269450502,2,-0.00733510095790831,0.0134196977865739,39
"469",0.369636769849807,819.465269450502,2,0.00210344873928792,0.0134196977865739,39
"470",0.36894191057596,819.465269450502,2,0.011541998436575,0.0134196977865739,39
"471",0.368247122272199,819.465269450502,2,0.0209805481340151,0.0134196977865739,39
"472",0.367552330498362,819.465269450502,2,0.0304190978312989,0.0134196977865739,39
"473",0.366857513267102,819.465269450502,2,0.0398576475283029,0.0134196977865739,39
"474",0.366162701881772,819.465269450502,2,0.0492961972253228,0.0134196977865739,39
"475",0.36546790558485,819.465269450502,2,0.0587347469226045,0.0134196977865739,39
"476",0.364773090624671,819.465269450502,2,0.0681732966196802,0.0134196977865739,39
"477",0.364078282010411,819.465269450502,2,0.0776118463172099,0.0134196977865739,39
"478",0.363383494434782,819.465269450502,2,0.0870503960144393,0.0134196977865739,39
"479",0.36268868148007,819.465269450502,2,0.0964889457118301,0.0134196977865739,39
"480",0.361993876276353,819.465269450502,2,0.105927495409124,0.0134196977865739,39
"481",0.36129906833462,819.465269450502,2,0.115366045106246,0.0134196977865739,39
"482",0.360604254679042,819.465269450502,2,0.124804594802975,0.0134196977865739,39
"483",0.359909446122941,819.465269450502,2,0.134243144500595,0.0134196977865739,39
"484",0.359214662787855,819.465269450502,2,0.143681694197869,0.0134196977865739,39
"485",0.358519831890619,819.465269450502,2,0.153120243894994,0.0134196977865739,39
"486",0.357825053782198,819.465269450502,2,0.162558793592252,0.0134196977865739,39
"487",0.35713023701156,819.465269450502,2,0.171997343289442,0.0134196977865739,39
"488",0.356435420735642,819.465269450502,2,0.181435892986844,0.0134196977865739,39
"489",0.355740622760432,819.465269450502,2,0.190874442684062,0.0134196977865739,39
"490",0.355045820433418,819.465269450502,2,0.200312992381377,0.0134196977865739,39
"491",0.354351008169321,819.465269450502,2,0.20975154207846,0.0134196977865739,39
"492",0.353656195493292,819.465269450502,2,0.219190091775502,0.0134196977865739,39
"493",0.352961380721008,819.465269450502,2,0.228628641472899,0.0134196977865739,39
"494",0.352266602574888,819.465269450502,2,0.238067191170559,0.0134196977865739,39
"495",0.351571798485276,819.465269450502,2,0.247505740867613,0.0134196977865739,39
"496",0.350876986896079,819.465269450502,2,0.256944290565661,0.0134196977865739,39
"497",0.350182170297446,819.465269450502,2,0.266382840261908,0.0134196977865739,39
"498",0.349487375718727,819.465269450502,2,0.275821389959292,0.0134196977865739,39
"499",0.348792546576552,819.465269450502,2,0.28525993965712,0.0134196977865739,39
"500",0.348097779663311,819.465269450502,2,0.294698489353982,0.0134196977865739,39
"501",0.347402936282737,819.465269450502,2,0.304137039051334,0.0134196977865739,39
"502",0.346708146745817,819.465269450502,2,0.313575588748365,0.0134196977865739,39
"503",0.34601331963566,819.465269450502,2,0.323014138445838,0.0134196977865739,39
"504",0.345318536202775,819.465269450502,2,0.332452688143335,0.0134196977865739,39
"505",0.344623720314546,819.465269450502,2,0.34189123784002,0.0134196977865739,39
"506",0.343928912491092,819.465269450502,2,0.35132978753739,0.0134196977865739,39
"507",0.343234119171256,819.465269450502,2,0.360768337234782,0.0134196977865739,39
"508",0.342539341729534,819.465269450502,2,0.37020688693201,0.0134196977865739,39
"509",0.341844501931608,819.465269450502,2,0.379645436629211,0.0134196977865739,39
"510",0.341149704019208,819.465269450502,2,0.389083986326582,0.0134196977865739,39
"511",0.340454896101956,819.465269450502,2,0.398522536023809,0.0134196977865739,39
"512",0.339760074742739,819.465269450502,2,0.407961085721184,0.0134196977865739,39
"513",0.339065282262102,819.465269450502,2,0.417399635418232,0.0134196977865739,39
"514",0.338370498045316,819.465269450502,2,0.426838185115272,0.0134196977865739,39
"515",0.337675656100942,819.465269450502,2,0.436276734812863,0.0134196977865739,39
"516",0.336980862398489,819.465269450502,2,0.445715284510174,0.0134196977865739,39
"517",0.336286046611382,819.465269450502,2,0.455153834207047,0.0134196977865739,39
"518",0.335591245276681,819.465269450502,2,0.464592383904337,0.0134196977865739,39
"519",0.334896439695712,819.465269450502,2,0.474030933601598,0.0134196977865739,39
"520",0.334201648502772,819.465269450502,2,0.483469483298836,0.0134196977865739,39
"521",0.333506830137708,819.465269450502,2,0.492908032996059,0.0134196977865739,39
"522",0.332812004647911,819.465269450502,2,0.502346582693431,0.0134196977865739,39
"523",0.332117210033178,819.465269450502,2,0.511785132390578,0.0134196977865739,39
"524",0.331422411611535,819.465269450502,2,0.521223682087995,0.0134196977865739,39
"525",0.33072759721545,819.465269450502,2,0.530662231785243,0.0134196977865739,39
"526",0.330032800167313,819.465269450502,2,0.54010078148237,0.0134196977865739,39
"527",0.329337996838794,819.465269450502,2,0.549539331179746,0.0134196977865739,39
"528",0.328643194565004,819.465269450502,2,0.558977880877181,0.0134196977865739,39
"529",0.327948416375501,819.465269450502,2,0.568416430574142,0.0134196977865739,39
"530",0.327253601608264,819.465269450502,2,0.577854980271783,0.0134196977865739,39
"531",0.326558751901823,819.465269450502,2,0.587293529968224,0.0134196977865739,39
"532",0.325863965310747,819.465269450502,2,0.596732079666357,0.0134196977865739,39
"533",0.325169153479291,819.465269450502,2,0.571801914132045,0.0134196977865739,39
"534",0.324474342007182,819.465269450502,2,0.546871748598332,0.0134196977865739,39
"535",0.32377953638611,819.465269450502,2,0.521941583064914,0.0134196977865739,39
"536",0.323084754402009,819.465269450502,2,0.497011417531092,0.0134196977865739,39
"537",0.322389964170084,819.465269450502,2,0.472081251997191,0.0134196977865739,39
"538",0.321695144769555,819.465269450502,2,0.447151086463211,0.0134196977865739,39
"539",0.321000325046826,819.465269450502,2,0.422220920930034,0.0134196977865739,39
"540",0.320305516788165,819.465269450502,2,0.397290755395827,0.0134196977865739,39
"541",0.319610711910951,819.465269450502,2,0.372360589862289,0.0134196977865739,39
"542",0.318915905263853,819.465269450502,2,0.347430424328417,0.0134196977865739,39
"543",0.318221094427422,819.465269450502,2,0.322500258794557,0.0134196977865739,39
"544",0.317526306271085,819.465269450502,2,0.297570093260716,0.0134196977865739,39
"545",0.316831482238769,819.465269450502,2,0.272639927727373,0.0134196977865739,39
"546",0.316136674723297,819.465269450502,2,0.247709762193247,0.0134196977865739,39
"547",0.315441893821827,819.465269450502,2,0.222779596659595,0.0134196977865739,39
"548",0.314747064923896,819.465269450502,2,0.197849431125774,0.0134196977865739,39
"549",0.314052258270385,819.465269450502,2,0.172919265592009,0.0134196977865739,39
"550",0.313357452592177,819.465269450502,2,0.147989100058272,0.0134196977865739,39
"551",0.312662649738961,819.465269450502,2,0.123058934524657,0.0134196977865739,39
"552",0.311967851464018,819.465269450502,2,0.0981287689907792,0.0134196977865739,39
"553",0.311273033933402,819.465269450502,2,0.0731986034569565,0.0134196977865739,39
"554",0.310578232407052,819.465269450502,2,0.0482684379233128,0.0134196977865739,39
"555",0.309883446128514,819.465269450502,2,0.0233382723896775,0.0134196977865739,39
"556",0.309188617508472,819.465269450502,2,-0.00159189314429419,0.0134196977865739,39
"557",0.308493849580327,819.465269450502,2,-0.0265220586782016,0.0134196977865739,39
"558",0.307799021199576,819.465269450502,2,-0.051452224211605,0.0134196977865739,39
"559",0.307104199246687,819.465269450502,2,-0.0763823897453958,0.0134196977865739,39
"560",0.306409386316903,819.465269450502,2,-0.101312555279298,0.0134196977865739,39
"561",0.305714585342151,819.465269450502,2,-0.126242720812968,0.0134196977865739,39
"562",0.305019781302846,819.465269450502,2,-0.0957199416666488,0.0134196977865739,39
"563",0.304324972689193,819.465269450502,2,-0.0651971625221056,0.0134196977865739,39
"564",0.303630183233947,819.465269450502,2,-0.034674383376844,0.0134196977865739,39
"565",0.302935364340982,819.465269450502,2,-0.00415160423129897,0.0134196977865739,39
"566",0.302240562174633,819.465269450502,2,0.0263711749138889,0.0134196977865739,39
"567",0.301545767756999,819.465269450502,2,0.0568939540592597,0.0134196977865739,39
"568",0.300850970611898,819.465269450502,2,0.0874167332049846,0.0134196977865739,39
"569",0.300156156994485,819.465269450502,2,0.117939512349659,0.0134196977865739,39
"570",0.299461352657586,819.465269450502,2,0.148462291495737,0.0134196977865739,39
"571",0.298766534716954,819.465269450502,2,0.178985070641252,0.0134196977865739,39
"572",0.298071724471263,819.465269450502,2,0.209507849786194,0.0134196977865739,39
"573",0.297376917992435,819.465269450502,2,0.240030628931746,0.0134196977865739,39
"574",0.296682118959623,819.465269450502,2,0.270553408076726,0.0134196977865739,39
"575",0.295987323854128,819.465269450502,2,0.301076187222104,0.0134196977865739,39
"576",0.295292495888788,819.465269450502,2,0.331598966367179,0.0134196977865739,39
"577",0.294597709312575,819.465269450502,2,0.362121745512845,0.0134196977865739,39
"578",0.293902912551116,819.465269450502,2,0.392644524658055,0.0134196977865739,39
"579",0.293208089676555,819.465269450502,2,0.423167303803566,0.0134196977865739,39
"580",0.292513294098206,819.465269450502,2,0.453690082948679,0.0134196977865739,39
"581",0.29181847521608,819.465269450502,2,0.484212862094142,0.0134196977865739,39
"582",0.291123691511846,819.465269450502,2,0.514735641239025,0.0134196977865739,39
"583",0.290428867588826,819.465269450502,2,0.545258420384541,0.0134196977865739,39
"584",0.289734072535678,819.465269450502,2,0.575781199529787,0.0134196977865739,39
"585",0.289039267689387,819.465269450502,2,0.606303978674907,0.0134196977865739,39
"586",0.288344452041526,819.465269450502,2,0.636826757820367,0.0134196977865739,39
"587",0.287649653578518,819.465269450502,2,0.667349536965758,0.0134196977865739,39
"588",0.286954830659303,819.465269450502,2,0.69787231611109,0.0134196977865739,39
"589",0.286260023850675,819.465269450502,2,0.728395095256408,0.0134196977865739,39
"590",0.285565215309185,819.465269450502,2,0.758917874401524,0.0134196977865739,39
"591",0.284870424452021,819.465269450502,2,0.789440653546689,0.0134196977865739,39
"592",0.284175611532585,819.465269450502,2,0.819963432692382,0.0134196977865739,39
"593",0.283480808341242,819.465269450502,2,0.850486211837817,0.0134196977865739,39
"594",0.282786006896257,819.465269450502,2,0.881008990983187,0.0134196977865739,39
"595",0.282091195385807,819.465269450502,2,0.911531770127857,0.0134196977865739,39
"596",0.281396385977351,819.465269450502,2,0.942054549273404,0.0134196977865739,39
"597",0.280701588345417,819.465269450502,2,0.876103063169714,0.0134196977865739,39
"598",0.280006773532358,819.465269450502,2,0.810151577066304,0.0134196977865739,39
"599",0.279311964920572,819.465269450502,2,0.744200090963002,0.0134196977865739,39
"600",0.278617172245318,819.465269450502,2,0.678248604859475,0.0134196977865739,39
"601",0.277922365394675,819.465269450502,2,0.612297118755862,0.0134196977865739,39
"602",0.277227544636367,819.465269450502,2,0.546345632652577,0.0134196977865739,39
"603",0.276532739702198,819.465269450502,2,0.480394146548324,0.0134196977865739,39
"604",0.2758379405099,819.465269450502,2,0.414442660445126,0.0134196977865739,39
"605",0.275143132941081,819.465269450502,2,0.348491174341936,0.0134196977865739,39
"606",0.274448318909031,819.465269450502,2,0.282539688237847,0.0134196977865739,39
"607",0.273753540724731,819.465269450502,2,0.216588202134418,0.0134196977865739,39
"608",0.273058710701501,819.465269450502,2,0.150636716030818,0.0134196977865739,39
"609",0.272363903859979,819.465269450502,2,0.0846852299276107,0.0134196977865739,39
"610",0.271669097779204,819.465269450502,2,0.0187337438235897,0.0134196977865739,39
"611",0.270974288274458,819.465269450502,2,-0.0472177422795648,0.0134196977865739,39
"612",0.270279492045229,819.465269450502,2,-0.113169228383827,0.0134196977865739,39
"613",0.269584693742235,819.465269450502,2,-0.179120714487559,0.0134196977865739,39
"614",0.268889880960846,819.465269450502,2,-0.245072200591061,0.0134196977865739,39
"615",0.268195072005637,819.465269450502,2,-0.187461425938787,0.0134196977865739,39
"616",0.267500260419124,819.465269450502,2,-0.0296627597424953,0.0134196977865739,39
"617",0.266805452981652,819.465269450502,2,0.128135906453545,0.0134196977865739,39
"618",0.266110659421241,819.465269450502,2,0.285934572649377,0.0134196977865739,39
"619",0.265415847818588,819.465269450502,2,0.443733238845974,0.0134196977865739,39
"620",0.264721054463513,819.465269450502,2,0.601531905042119,0.0134196977865739,39
"621",0.264026248394607,819.465269450502,2,0.75933057123801,0.0134196977865739,39
"622",0.263331439221095,819.465269450502,2,0.917129237434009,0.0134196977865739,39
"623",0.262636633591023,819.465269450502,2,1.07492790363013,0.0134196977865739,39
"624",0.26194182959534,819.465269450502,2,1.23272656982628,0.0134196977865739,39
"625",0.261247024391187,819.465269450502,2,1.39052523602261,0.0134196977865739,39
"626",0.260552216892895,819.465269450502,2,1.54832390221845,0.0134196977865739,39
"627",0.259857409729013,819.465269450502,2,1.70612256841437,0.0134196977865739,39
"628",0.259162597485385,819.465269450502,2,1.86392123461125,0.0134196977865739,39
"629",0.258467793441287,819.465269450502,2,2.02171990080665,0.0134196977865739,39
"630",0.257772983920149,819.465269450502,2,2.17951856700258,0.0134196977865739,39
"631",0.257078179644147,819.465269450502,2,2.33731723319896,0.0134196977865739,39
"632",0.256383372065506,819.465269450502,2,2.49511589939565,0.0134196977865739,39
"633",0.255688577293463,819.465269450502,2,2.65291456559124,0.0134196977865739,39
"634",0.25499376290762,819.465269450502,2,2.81071323178718,0.0134196977865739,39
"635",0.254298955365,819.465269450502,2,2.96851189798372,0.0134196977865739,39
"636",0.253604157528585,819.465269450502,2,3.12631056417992,0.0134196977865739,39
"637",0.252909345166355,819.465269450502,2,3.28410923037589,0.0134196977865739,39
"638",0.252214545325842,819.465269450502,2,3.44190789657183,0.0134196977865739,39
"639",0.251519742460824,819.465269450502,2,3.59970656276804,0.0134196977865739,39
"640",0.250824929660228,819.465269450502,2,3.75750522896405,0.0134196977865739,39
"641",0.250130121429276,819.465269450502,2,3.91530389516017,0.0134196977865739,39
"642",0.249435316087057,819.465269450502,2,4.07310256135639,0.0134196977865739,39
"643",0.248740514967338,819.465269450502,2,4.23090122755248,0.0134196977865739,39
"644",0.248045701111558,819.465269450502,2,4.38869989374859,0.0134196977865739,39
"645",0.24735090435665,819.465269450502,2,4.54649855994482,0.0134196977865739,39
"646",0.246656099147996,819.465269450502,2,4.70429722614124,0.0134196977865739,39
"647",0.245961291447786,819.465269450502,2,4.86209589233768,0.0134196977865739,39
"648",0.245266486201128,819.465269450502,2,5.01989455853373,0.0134196977865739,39
"649",0.244571682835467,819.465269450502,2,5.17769322472968,0.0134196977865739,39
"650",0.243876864235731,819.465269450502,2,5.33549189092577,0.0134196977865739,39
"651",0.243182061988668,819.465269450502,2,5.49329055712183,0.0134196977865739,39
"652",0.24248725878341,819.465269450502,2,5.65108922331805,0.0134196977865739,39
"653",0.241792453256763,819.465269450502,2,5.80888788951453,0.0134196977865739,39
"654",0.241097643646305,819.465269450502,2,5.96668655571027,0.0134196977865739,39
"655",0.240402846204979,819.465269450502,2,6.12448522190669,0.0134196977865739,39
"656",0.239708038121244,819.465269450502,2,6.28228388810338,0.0134196977865739,39
"657",0.23901323019798,819.465269450502,2,6.44008255429948,0.0134196977865739,39
"658",0.238318427136236,819.465269450502,2,5.91822381096127,0.0134196977865739,39
"659",0.237623617701445,819.465269450502,2,5.39636506762196,0.0134196977865739,39
"660",0.236928814779611,819.465269450502,2,4.87450632428366,0.0134196977865739,39
"661",0.236234005806132,819.465269450502,2,4.35264758094509,0.0134196977865739,39
"662",0.235539200561875,819.465269450502,2,3.83078883760621,0.0134196977865739,39
"663",0.234844396577616,819.465269450502,2,3.30893009426792,0.0134196977865739,39
"664",0.234149592662787,819.465269450502,2,2.78707135092941,0.0134196977865739,39
"665",0.233454784950367,819.465269450502,2,2.26521260759074,0.0134196977865739,39
"666",0.232759977965802,819.465269450502,2,1.74335386425139,0.0134196977865739,39
"667",0.232065168040646,819.465269450502,2,1.22149512091244,0.0134196977865739,39
"668",0.231370366173849,819.465269450502,2,0.699636377573696,0.0134196977865739,39
"669",0.230675558241404,819.465269450502,2,0.177777634234778,0.0134196977865739,39
"670",0.229980753075008,819.465269450502,2,-0.344081109104179,0.0134196977865739,39
"671",0.229285948137814,819.465269450502,2,-0.865939852442936,0.0134196977865739,39
"672",0.22859113986414,819.465269450502,2,-1.38779859578155,0.0134196977865739,39
"673",0.227896336301556,819.465269450502,2,-1.90965733912032,0.0134196977865739,39
"674",0.227201530426654,819.465269450502,2,-2.43151608245972,0.0134196977865739,39
"675",0.226506726700441,819.465269450502,2,-2.95337482579914,0.0134196977865739,39
"676",0.225811918762415,819.465269450502,2,-3.47523356913813,0.0134196977865739,39
"677",0.22511711523583,819.465269450502,2,-3.99709231247747,0.0134196977865739,39
"678",0.224422308424016,819.465269450502,2,-4.51895105581649,0.0134196977865739,39
"679",0.223727504126237,819.465269450502,2,-5.04080979915578,0.0134196977865739,39
"680",0.223032697987297,819.465269450502,2,-5.56266854249502,0.0134196977865739,39
"681",0.222337890153583,819.465269450502,2,-6.08452728583339,0.0134196977865739,39
"682",0.221643083223014,819.465269450502,2,-6.60638602917291,0.0134196977865739,39
"683",0.220948276573388,819.465269450502,2,-6.4056655038891,0.0134196977865739,39
"684",0.220253472165542,819.465269450502,2,-6.20494497860533,0.0134196977865739,39
"685",0.219558665377123,819.465269450502,2,-6.00422445332169,0.0134196977865739,39
"686",0.218863860416105,819.465269450502,2,-5.80350392803856,0.0134196977865739,39
"687",0.218169053213231,819.465269450502,2,-5.60278340275492,0.0134196977865739,39
"688",0.217474245775776,819.465269450502,2,-5.40206287747148,0.0134196977865739,39
"689",0.216779439276433,819.465269450502,2,-5.2013423521883,0.0134196977865739,39
"690",0.216084634583872,819.465269450502,2,-5.00062182690452,0.0134196977865739,39
"691",0.215389832627164,819.465269450502,2,-4.79990130162197,0.0134196977865739,39
"692",0.21469502628401,819.465269450502,2,-4.59918077633785,0.0134196977865739,39
"693",0.21400022103,819.465269450502,2,-4.39846025105433,0.0134196977865739,39
"694",0.21330541799345,819.465269450502,2,-4.19773972577066,0.0134196977865739,39
"695",0.212610610649842,819.465269450502,2,-3.99701920048741,0.0134196977865739,39
"696",0.211915802409669,819.465269450502,2,-3.79629867520342,0.0134196977865739,39
"697",0.211220996228811,819.465269450502,2,-3.59557814992028,0.0134196977865739,39
"698",0.210526189805325,819.465269450502,2,-3.39485762463701,0.0134196977865739,39
"699",0.209831384580341,819.465269450502,2,-3.19413709935326,0.0134196977865739,39
"700",0.209136583198249,819.465269450502,2,-2.99341657406967,0.0134196977865739,39
"701",0.208441776169338,819.465269450502,2,-2.60447073914074,0.0134196977865739,39
"702",0.207746972103601,819.465269450502,2,-2.21552490421184,0.0134196977865739,39
"703",0.207052162557553,819.465269450502,2,-1.82657906928244,0.0134196977865739,39
"704",0.206357354381038,819.465269450502,2,-1.43763323435335,0.0134196977865739,39
"705",0.205662550886158,819.465269450502,2,-1.04868739942401,0.0134196977865739,39
"706",0.204967746194188,819.465269450502,2,-0.659741564495072,0.0134196977865739,39
"707",0.20427293682628,819.465269450502,2,-0.27079572956614,0.0134196977865739,39
"708",0.203578131217448,819.465269450502,2,0.118150105362725,0.0134196977865739,39
"709",0.202883326270501,819.465269450502,2,0.507095940292117,0.0134196977865739,39
"710",0.202188521035429,819.465269450502,2,0.896041775220824,0.0134196977865739,39
"711",0.201493716710174,819.465269450502,2,1.2849876101497,0.0134196977865739,39
"712",0.200798908227674,819.465269450502,2,1.6739334450793,0.0134196977865739,39
"713",0.200104100422752,819.465269450502,2,2.06287928000881,0.0134196977865739,39
"714",0.19940929614667,819.465269450502,2,2.45182511493843,0.0134196977865739,39
"715",0.198714489471649,819.465269450502,2,2.84077094986748,0.0134196977865739,39
"716",0.198019685466682,819.465269450502,2,3.22971678479658,0.0134196977865739,39
"717",0.19732487914431,819.465269450502,2,3.61866261972574,0.0134196977865739,39
"718",0.196630075911875,819.465269450502,2,4.00760845465503,0.0134196977865739,39
"719",0.195935264839051,819.465269450502,2,4.39655428958408,0.0134196977865739,39
"720",0.195240461706811,819.465269450502,2,3.83084208118406,0.0134196977865739,39
"721",0.194545655040362,819.465269450502,2,3.26512987278416,0.0134196977865739,39
"722",0.193850846495745,819.465269450502,2,2.69941766438458,0.0134196977865739,39
"723",0.193156034630329,819.465269450502,2,2.13370545598483,0.0134196977865739,39
"724",0.192461232252792,819.465269450502,2,1.56799324758548,0.0134196977865739,39
"725",0.191766427789207,819.465269450502,2,1.00228103918607,0.0134196977865739,39
"726",0.191071629374257,819.465269450502,2,0.436568830785578,0.0134196977865739,39
"727",0.190376815408631,819.465269450502,2,-0.129143377614134,0.0134196977865739,39
"728",0.189682008031462,819.465269450502,2,-0.694855586013475,0.0134196977865739,39
"729",0.188987203078414,819.465269450502,2,-1.26056779441281,0.0134196977865739,39
"730",0.188292401052446,819.465269450502,2,-1.89685740247094,0.0134196977865739,39
"731",0.187597585632165,819.465269450502,2,-2.5331470105294,0.0134196977865739,39
"732",0.186902791721682,819.465269450502,2,-3.16943661858738,0.0134196977865739,39
"733",0.1862079820676,819.465269450502,2,-3.80572622664601,0.0134196977865739,39
"734",0.18551317516886,819.465269450502,2,-4.44201583470453,0.0134196977865739,39
"735",0.184818361486582,819.465269450502,2,-5.0783054427631,0.0134196977865739,39
"736",0.184123558015101,819.465269450502,2,-5.71459505082145,0.0134196977865739,39
"737",0.183428746309692,819.465269450502,2,-5.88230367753988,0.0134196977865739,39
"738",0.182733946096659,819.465269450502,2,-5.67566430088492,0.0134196977865739,39
"739",0.182039148638567,819.465269450502,2,-5.46902492422943,0.0134196977865739,39
"740",0.181344332281139,819.465269450502,2,-5.26238554757418,0.0134196977865739,39
"741",0.180649532867229,819.465269450502,2,-5.05574617091879,0.0134196977865739,39
"742",0.179954727595086,819.465269450502,2,-4.84910679426394,0.0134196977865739,39
"743",0.179259928099521,819.465269450502,2,-4.64246741760852,0.0134196977865739,39
"744",0.178565115781189,819.465269450502,2,-4.43582804095343,0.0134196977865739,39
"745",0.177870326534931,819.465269450502,2,-4.22918866429807,0.0134196977865739,39
"746",0.177175517919556,819.465269450502,2,-4.02254928764279,0.0134196977865739,39
"747",0.176480699612879,819.465269450502,2,-3.81590991098744,0.0134196977865739,39
"748",0.175785887482836,819.465269450502,2,-3.60927053433193,0.0134196977865739,39
"749",0.175091087313236,819.465269450502,2,-3.40263115767579,0.0134196977865739,39
"750",0.174396262912881,819.465269450502,2,-2.85736775050624,0.0134196977865739,39
"751",0.173701464551489,819.465269450502,2,-1.84571925715905,0.0134196977865739,39
"752",0.173006673608269,819.465269450502,2,-0.834070763811575,0.0134196977865739,39
"753",0.172311864257733,819.465269450502,2,0.177577729535471,0.0134196977865739,39
"754",0.171617065632131,819.465269450502,2,1.18922622288277,0.0134196977865739,39
"755",0.170922256980388,819.465269450502,2,2.20087471622945,0.0134196977865739,39
"756",0.17022744346727,819.465269450502,2,3.21252320957643,0.0134196977865739,39
"757",0.169532643475563,819.465269450502,2,4.22417170292299,0.0134196977865739,39
"758",0.168837834187068,819.465269450502,2,5.23582019627082,0.0134196977865739,39
"759",0.168143030587485,819.465269450502,2,6.24746868961707,0.0134196977865739,39
"760",0.167448224418034,819.465269450502,2,6.13378536283002,0.0134196977865739,39
"761",0.166753413964015,819.465269450502,2,6.02010203604284,0.0134196977865739,39
"762",0.166058619532467,819.465269450502,2,5.906418709255,0.0134196977865739,39
"763",0.165363811575986,819.465269450502,2,5.79273538246809,0.0134196977865739,39
"764",0.164669002732827,819.465269450502,2,5.56940824104648,0.0134196977865739,39
"765",0.163974198724137,819.465269450502,2,5.34608109962535,0.0134196977865739,39
"766",0.163279389488099,819.465269450502,2,5.12275395820336,0.0134196977865739,39
"767",0.162584571575855,819.465269450502,2,4.89942681678232,0.0134196977865739,39
"768",0.161889769724155,819.465269450502,2,4.67609967536017,0.0134196977865739,39
"769",0.16119496727017,819.465269450502,2,4.4527725339392,0.0134196977865739,39
"770",0.160500163383989,819.465269450502,2,4.2294453925179,0.0134196977865739,39
"771",0.159805362455381,819.465269450502,2,4.00611825109557,0.0134196977865739,39
"772",0.15911055365833,819.465269450502,2,3.78279110967398,0.0134196977865739,39
"773",0.158415742833367,819.465269450502,2,3.55946396825251,0.0134196977865739,39
"774",0.157720929701708,819.465269450502,2,3.33613682683119,0.0134196977865739,39
"775",0.157026117438823,819.465269450502,2,3.11280968540983,0.0134196977865739,39
"776",0.156331324592103,819.465269450502,2,2.88948254398798,0.0134196977865739,39
"777",0.15563653008752,819.465269450502,2,2.66615540256576,0.0134196977865739,39
"778",0.15494171329236,819.465269450502,2,2.44282826114514,0.0134196977865739,39
"779",0.154246916513781,819.465269450502,2,2.21950111972315,0.0134196977865739,39
"780",0.153552106392041,819.465269450502,2,1.99617397830158,0.0134196977865739,39
"781",0.152857292887983,819.465269450502,2,1.22698864795656,0.0134196977865739,39
"782",0.152162492597387,819.465269450502,2,0.457803317612131,0.0134196977865739,39
"783",0.151467698088501,819.465269450502,2,-0.31138201273438,0.0134196977865739,39
"784",0.150772887066485,819.465269450502,2,-1.0805673430798,0.0134196977865739,39
"785",0.150078079834866,819.465269450502,2,-1.84975267342498,0.0134196977865739,39
"786",0.149383270202381,819.465269450502,2,-2.61893800377068,0.0134196977865739,39
"787",0.148688463571674,819.465269450502,2,-3.38812333411624,0.0134196977865739,39
"788",0.147993659406942,819.465269450502,2,-4.1573086644619,0.0134196977865739,39
"789",0.147298849780486,819.465269450502,2,-4.92649399480782,0.0134196977865739,39
"790",0.146604041810884,819.465269450502,2,-5.69567932515305,0.0134196977865739,39
"791",0.145909243029524,819.465269450502,2,-6.46486465549924,0.0134196977865739,39
"792",0.145214436699982,819.465269450502,2,-7.23404998584462,0.0134196977865739,39
"793",0.144519622656965,819.465269450502,2,-8.00323531619035,0.0134196977865739,39
"794",0.143824818466363,819.465269450502,2,-8.77242064653617,0.0134196977865739,39
"795",0.143130024248271,819.465269450502,2,-9.54160597688099,0.0134196977865739,39
"796",0.142435208126449,819.465269450502,2,-10.3107913072275,0.0134196977865739,39
"797",0.141740403474786,819.465269450502,2,-11.0799766375722,0.0134196977865739,39
"798",0.141045588470316,819.465269450502,2,-11.8491619679178,0.0134196977865739,39
"799",0.140350797463702,819.465269450502,2,-11.6064929084147,0.0134196977865739,39
"800",0.139655986282915,819.465269450502,2,-11.3638238489121,0.0134196977865739,39
"801",0.138961176047455,819.465269450502,2,-11.1211547894094,0.0134196977865739,39
"802",0.13826637169732,819.465269450502,2,-10.8784857299069,0.0134196977865739,39
"803",0.137571564387677,819.465269450502,2,-10.6358166704041,0.0134196977865739,39
"804",0.136876763697118,819.465269450502,2,-10.3931476109015,0.0134196977865739,39
"805",0.136181947797914,819.465269450502,2,-10.1504785513987,0.0134196977865739,39
"806",0.135487156011366,819.465269450502,2,-9.90780949189588,0.0134196977865739,39
"807",0.134792354916968,819.465269450502,2,-9.66514043239353,0.0134196977865739,39
"808",0.13409754770626,819.465269450502,2,-9.42247137289073,0.0134196977865739,39
"809",0.133402738958733,819.465269450502,2,-9.17980231338801,0.0134196977865739,39
"810",0.132707931917649,819.465269450502,2,-8.93713325388547,0.0134196977865739,39
"811",0.13201311935421,819.465269450502,2,-8.69446419438279,0.0134196977865739,39
"812",0.131318313140267,819.465269450502,2,-8.45179513488017,0.0134196977865739,39
"813",0.130623513424881,819.465269450502,2,-8.20912607537718,0.0134196977865739,39
"814",0.129928689368389,819.465269450502,2,-7.9664570158748,0.0134196977865739,39
"815",0.129233896151306,819.465269450502,2,-7.72378795637213,0.0134196977865739,39
"816",0.128539098389503,819.465269450502,2,-7.48111889686949,0.0134196977865739,39
"817",0.127844287085871,819.465269450502,2,-7.23844983736675,0.0134196977865739,39
"818",0.127149484783734,819.465269450502,2,-7.03531868202174,0.0134196977865739,39
"819",0.126454672118877,819.465269450502,2,-6.83218752667665,0.0134196977865739,39
"820",0.125759862191577,819.465269450502,2,-6.62905637133111,0.0134196977865739,39
"821",0.125065069341824,819.465269450502,2,-6.42592521598618,0.0134196977865739,39
"822",0.124370260042304,819.465269450502,2,-6.22279406064113,0.0134196977865739,39
"823",0.123675442916034,819.465269450502,2,-6.01966290529546,0.0134196977865739,39
"824",0.12298064035238,819.465269450502,2,-5.81653174995089,0.0134196977865739,39
"825",0.122285854131417,819.465269450502,2,-5.61340059460525,0.0134196977865739,39
"826",0.121591040950911,819.465269450502,2,-5.41026943926004,0.0134196977865739,39
"827",0.120896216800531,819.465269450502,2,-5.2071382839152,0.0134196977865739,39
"828",0.120201425123333,819.465269450502,2,-5.02537228798739,0.0134196977865739,39
"829",0.119506611177557,819.465269450502,2,-4.96195194656367,0.0134196977865739,39
"830",0.118811803048316,819.465269450502,2,-4.89853160514073,0.0134196977865739,39
"831",0.118116982970416,819.465269450502,2,-4.8351112637175,0.0134196977865739,39
"832",0.117422206467824,819.465269450502,2,-4.77169092229442,0.0134196977865739,39
"833",0.116727382750614,819.465269450502,2,-4.70827058087093,0.0134196977865739,39
"834",0.116032585314345,819.465269450502,2,-4.64485023944764,0.0134196977865739,39
"835",0.115337773495177,819.465269450502,2,-4.58142989802481,0.0134196977865739,39
"836",0.114642981443571,819.465269450502,2,-4.51800955660141,0.0134196977865739,39
"837",0.113948175009583,819.465269450502,2,-4.45458921517808,0.0134196977865739,39
"838",0.113253378500604,819.465269450502,2,-4.39116887375512,0.0134196977865739,39
"839",0.112558562656931,819.465269450502,2,-4.32774853233177,0.0134196977865739,39
"840",0.111863741344741,819.465269450502,2,-4.26432819090893,0.0134196977865739,39
"841",0.111168943673702,819.465269450502,2,-4.200907849485,0.0134196977865739,39
"842",0.110474133454617,819.465269450502,2,-4.13748750806235,0.0134196977865739,39
"843",0.10977934015776,819.465269450502,2,-4.07406716663916,0.0134196977865739,39
"844",0.109084532884851,819.465269450502,2,-4.01064682521561,0.0134196977865739,39
"845",0.108389715516611,819.465269450502,2,-3.94722648379238,0.0134196977865739,39
"846",0.107694918757084,819.465269450502,2,-3.88380614236926,0.0134196977865739,39
"847",0.107000106594928,819.465269450502,2,-3.82038580094591,0.0134196977865739,39
"848",0.106305308808446,819.465269450502,2,-3.75696545952265,0.0134196977865739,39
"849",0.105610489929707,819.465269450502,2,-3.69354511809961,0.0134196977865739,39
"850",0.104915695746207,819.465269450502,2,-3.63012477667628,0.0134196977865739,39
"851",0.10422088394066,819.465269450502,2,-3.56670443525311,0.0134196977865739,39
"852",0.103526082748352,819.465269450502,2,-3.50328409382971,0.0134196977865739,39
"853",0.102831271014546,819.465269450502,2,-3.43986375240647,0.0134196977865739,39
"854",0.102136483819463,819.465269450502,2,-3.37644341098341,0.0134196977865739,39
"855",0.101441661147402,819.465269450502,2,-3.31302306955987,0.0134196977865739,39
"856",0.100746842708813,819.465269450502,2,-3.24960272813626,0.0134196977865739,39
"857",0.100052043476502,819.465269450502,2,-3.18618238671349,0.0134196977865739,39
"858",0.0993572393133739,819.465269450502,2,-3.12276204529034,0.0134196977865739,39
"859",0.0986624287748891,819.465269450502,2,-3.05934170386722,0.0134196977865739,39
"860",0.0979676248970612,819.465269450502,2,-2.99592136244383,0.0134196977865739,39
"861",0.0972728088070763,819.465269450502,2,-2.93250102102071,0.0134196977865739,39
"862",0.0965780332468848,819.465269450502,2,-2.86908067959719,0.0134196977865739,39
"863",0.0958832202464615,819.465269450502,2,-2.8056603381744,0.0134196977865739,39
"864",0.0951884021605279,819.465269450502,2,-2.74223999675059,0.0134196977865739,39
"865",0.0944936031155008,819.465269450502,2,-2.67881965532805,0.0134196977865739,39
"866",0.0937987876626743,819.465269450502,2,-2.61539931390444,0.0134196977865739,39
"867",0.093103984367377,819.465269450502,2,-2.55197897248147,0.0134196977865739,39
"868",0.0924091774305483,819.465269450502,2,-2.48855863105807,0.0134196977865739,39
"869",0.0917143765610878,819.465269450502,2,-2.42513828963443,0.0134196977865739,39
"870",0.0910195860316074,819.465269450502,2,-2.36171794821166,0.0134196977865739,39
"871",0.0903247740908503,819.465269450502,2,-2.29829760678792,0.0134196977865739,39
"872",0.0896299475319927,819.465269450502,2,-2.23487726536496,0.0134196977865739,39
"873",0.0889351480785714,819.465269450502,2,-2.17145692394185,0.0134196977865739,39
"874",0.0882403500778257,819.465269450502,2,-2.13037192700711,0.0134196977865739,39
"875",0.0875455352762714,819.465269450502,2,-2.11359734490466,0.0134196977865739,39
"876",0.0868507490029783,819.465269450502,2,-2.09682276280218,0.0134196977865739,39
"877",0.0861559418729615,819.465269450502,2,-2.0800481806998,0.0134196977865739,39
"878",0.0854611166241947,819.465269450502,2,-2.06327359859763,0.0134196977865739,39
"879",0.0847663190313679,819.465269450502,2,-2.04649901649503,0.0134196977865739,39
"880",0.0840715186435241,819.465269450502,2,-2.02972443439244,0.0134196977865739,39
"881",0.0833767130956235,819.465269450502,2,-2.01294985228996,0.0134196977865739,39
"882",0.0826819005066528,819.465269450502,2,-1.9961752701879,0.0134196977865739,39
"883",0.0819870960640968,819.465269450502,2,-1.97940068808545,0.0134196977865739,39
"884",0.0812922848113502,819.465269450502,2,-1.96262610598244,0.0134196977865739,39
"885",0.0805974906736811,819.465269450502,2,-1.94585152388075,0.0134196977865739,39
"886",0.0799026767579521,819.465269450502,2,-1.92907694177824,0.0134196977865739,39
"887",0.0792078891030391,819.465269450502,2,-1.91230235967573,0.0134196977865739,39
"888",0.0785130674779762,819.465269450502,2,-1.89552777757329,0.0134196977865739,39
"889",0.0778182667280354,819.465269450502,2,-1.87875319547118,0.0134196977865739,39
"890",0.0771234514333096,819.465269450502,2,-1.86197861336861,0.0134196977865739,39
"891",0.0764286428448473,819.465269450502,2,-1.84520403126603,0.0134196977865739,39
"892",0.0757338248841169,819.465269450502,2,-1.82842944916347,0.0134196977865739,39
"893",0.075039041563414,819.465269450502,2,-1.81165486706137,0.0134196977865739,39
"894",0.0743442259398635,819.465269450502,2,-1.794880284959,0.0134196977865739,39
"895",0.0736494155755829,819.465269450502,2,-1.77810570285648,0.0134196977865739,39
"896",0.0729546066196393,819.465269450502,2,-1.76133112075419,0.0134196977865739,39
"897",0.0722598043199039,819.465269450502,2,-1.74455653865164,0.0134196977865739,39
"898",0.0715650168396961,819.465269450502,2,-1.72778195654929,0.0134196977865739,39
"899",0.0708702279280896,819.465269450502,2,-1.71100737444704,0.0134196977865739,39
"900",0.0701753892945137,819.465269450502,2,-1.69423279234453,0.0134196977865739,39
"901",0.0694805862801079,819.465269450502,2,-1.67745821024187,0.0134196977865739,39
"902",0.0687857705059261,819.465269450502,2,-1.66068362813957,0.0134196977865739,39
"903",0.0680909789775722,819.465269450502,2,-1.64390904603716,0.0134196977865739,39
"904",0.0673961877768096,819.465269450502,2,-1.62713446393472,0.0134196977865739,39
"905",0.0667013897088554,819.465269450502,2,-1.6103598818322,0.0134196977865739,39
"906",0.0660065532549334,819.465269450502,2,-1.59358529972995,0.0134196977865739,39
"907",0.0653117704670218,819.465269450502,2,-1.57681071762772,0.0134196977865739,39
"908",0.0646169394982547,819.465269450502,2,-1.56003613552519,0.0134196977865739,39
"909",0.0639221473640913,819.465269450502,2,-1.54326155342275,0.0134196977865739,39
"910",0.0632273462818961,819.465269450502,2,-1.5264869713203,0.0134196977865739,39
"911",0.0625325127013396,819.465269450502,2,-1.50971238921794,0.0134196977865739,39
"912",0.0618377283785047,819.465269450502,2,-1.49293780711549,0.0134196977865739,39
"913",0.061142906465709,819.465269450502,2,-1.47616322501309,0.0134196977865739,39
"914",0.0604481166589037,819.465269450502,2,-1.45938864291072,0.0134196977865739,39
"915",0.0597533000909613,819.465269450502,2,-1.44261406080833,0.0134196977865739,39
"916",0.0590585089661934,819.465269450502,2,-1.42583947870576,0.0134196977865739,39
"917",0.0583636686911582,819.465269450502,2,-1.40906489660341,0.0134196977865739,39
"918",0.0576688894303325,819.465269450502,2,-1.39229031450095,0.0134196977865739,39
"919",0.0569740692884443,819.465269450502,2,-1.37551573239861,0.0134196977865739,39
"920",0.0562792547985007,819.465269450502,2,-1.35874115029616,0.0134196977865739,39
"921",0.0555844726464631,819.465269450502,2,-1.3419665681939,0.0134196977865739,39
"922",0.0548896810942156,819.465269450502,2,-1.32519198609139,0.0134196977865739,39
"923",0.0541948399875563,819.465269450502,2,-1.30841740398901,0.0134196977865739,39
"924",0.053500051227611,819.465269450502,2,-1.2916428218865,0.0134196977865739,39
"925",0.0528052549757901,819.465269450502,2,-1.27486823978418,0.0134196977865739,39
"926",0.0521104427608448,819.465269450502,2,-1.25809365768176,0.0134196977865739,39
"927",0.0514156566652702,819.465269450502,2,-1.24131907557917,0.0134196977865739,39
"928",0.0507208333241708,819.465269450502,2,-1.22454449347689,0.0134196977865739,39
"929",0.0500260243130475,819.465269450502,2,-1.20776991137454,0.0134196977865739,39
"930",0.0493312262845466,819.465269450502,2,-1.19099532927206,0.0134196977865739,39
"931",0.0486364277580315,819.465269450502,2,-1.17422074716961,0.0134196977865739,39
"932",0.0479416109449747,819.465269450502,2,-1.15744616506729,0.0134196977865739,39
"933",0.0472468094658071,819.465269450502,2,-1.14067158296484,0.0134196977865739,39
"934",0.0465519893052697,819.465269450502,2,-1.12389700086246,0.0134196977865739,39
"935",0.0458572050700144,819.465269450502,2,-1.10712241876002,0.0134196977865739,39
"936",0.045162380233283,819.465269450502,2,-1.09034783665766,0.0134196977865739,39
"937",0.0444675839814222,819.465269450502,2,-1.07357325455517,0.0134196977865739,39
"938",0.04377277650626,819.465269450502,2,-1.05679867245262,0.0134196977865739,39
"939",0.0430779578825237,819.465269450502,2,-1.04002409035021,0.0134196977865739,39
"940",0.0423831525149111,819.465269450502,2,-1.0232495082478,0.0134196977865739,39
"941",0.041688352096033,819.465269450502,2,-1.00647492614548,0.0134196977865739,39
"942",0.0409935722318269,819.465269450502,2,-0.989700344043124,0.0134196977865739,39
"943",0.0402987481469767,819.465269450502,2,-0.972925761940552,0.0134196977865739,39
"944",0.0396039382101998,819.465269450502,2,-0.956151179838096,0.0134196977865739,39
"945",0.0389091029898332,819.465269450502,2,-0.939376597735906,0.0134196977865739,39
"946",0.0382143098517455,819.465269450502,2,-0.922602015633274,0.0134196977865739,39
"947",0.0375195039597741,819.465269450502,2,-0.905827433530985,0.0134196977865739,39
"948",0.0368247229670965,819.465269450502,2,-0.889052851428837,0.0134196977865739,39
"949",0.0361299106998115,819.465269450502,2,-0.872278269326089,0.0134196977865739,39
"950",0.035435094979054,819.465269450502,2,-0.85550368722381,0.0134196977865739,39
"951",0.0347402919301459,819.465269450502,2,-0.838729105121276,0.0134196977865739,39
"952",0.0340454905801075,819.465269450502,2,-0.821954523018766,0.0134196977865739,39
"953",0.0333506895205789,819.465269450502,2,-0.80517994091652,0.0134196977865739,39
"954",0.0326558854704611,819.465269450502,2,-0.788405358814,0.0134196977865739,39
"955",0.0319610711608797,819.465269450502,2,-0.771630776711611,0.0134196977865739,39
"956",0.0312662995427812,819.465269450502,2,-0.754856194609885,0.0134196977865739,39
"957",0.0305714488518223,819.465269450502,2,-0.738081612506588,0.0134196977865739,39
"958",0.0298766544165084,819.465269450502,2,-0.721307030404903,0.0134196977865739,39
"959",0.0291818523557039,819.465269450502,2,-0.704532448302297,0.0134196977865739,39
"960",0.0284870489788633,819.465269450502,2,-0.687757866199588,0.0134196977865739,39
"961",0.0277922266336952,819.465269450502,2,-0.67098328409715,0.0134196977865739,39
"962",0.0270974263880547,819.465269450502,2,-0.654208701995141,0.0134196977865739,39
"963",0.0264026285267509,819.465269450502,2,-0.637434119892428,0.0134196977865739,39
"964",0.025707816892179,819.465269450502,2,-0.620659537789584,0.0134196977865739,39
"965",0.0250130113464836,819.465269450502,2,-0.603884955687698,0.0134196977865739,39
"966",0.02431821647563,819.465269450502,2,-0.587110373584826,0.0134196977865739,39
"967",0.023623407690191,819.465269450502,2,-0.570335791483139,0.0134196977865739,39
"968",0.022928578855122,819.465269450502,2,-0.553561209380221,0.0134196977865739,39
"969",0.0222337760631993,819.465269450502,2,-0.536786627278152,0.0134196977865739,39
"970",0.0215389923706853,819.465269450502,2,-0.520012045175504,0.0134196977865739,39
"971",0.0208441812047433,819.465269450502,2,-0.503237463073386,0.0134196977865739,39
"972",0.0201493600366648,819.465269450502,2,-0.486462880970512,0.0134196977865739,39
"973",0.0194545586702215,819.465269450502,2,-0.46968829886853,0.0134196977865739,39
"974",0.018759759312057,819.465269450502,2,-0.452913716766161,0.0134196977865739,39
"975",0.0180649553211382,819.465269450502,2,-0.436139134663479,0.0134196977865739,39
"976",0.0173701628162438,819.465269450502,2,-0.419364552560614,0.0134196977865739,39
"977",0.0166753167234254,819.465269450502,2,-0.402589970458387,0.0134196977865739,39
"978",0.0159805386191509,819.465269450502,2,-0.385815388356143,0.0134196977865739,39
"979",0.0152857461407815,819.465269450502,2,-0.369040806253381,0.0134196977865739,39
"980",0.0145909145489188,819.465269450502,2,-0.352266224150882,0.0134196977865739,39
"981",0.0138961418370283,819.465269450502,2,-0.335491642048582,0.0134196977865739,39
"982",0.0132013142929402,819.465269450502,2,-0.318717059946207,0.0134196977865739,39
"983",0.0125064904169226,819.465269450502,2,-0.301942477843865,0.0134196977865739,39
"984",0.0118117310113704,819.465269450502,2,-0.28516789574118,0.0134196977865739,39
"985",0.0111169052119401,819.465269450502,2,-0.268393313639189,0.0134196977865739,39
"986",0.0104220834161184,819.465269450502,2,-0.25161873153645,0.0134196977865739,39
"987",0.00972727743761555,819.465269450502,2,-0.234844149434194,0.0134196977865739,39
"988",0.00903248075758898,819.465269450502,2,-0.218069567331664,0.0134196977865739,39
"989",0.00833764787878907,819.465269450502,2,-0.201294985228997,0.0134196977865739,39
"990",0.00764287028253002,819.465269450502,2,-0.184520403126929,0.0134196977865739,39
"991",0.00694805887926869,819.465269450502,2,-0.167745821024288,0.0134196977865739,39
"992",0.00625324966524935,819.465269450502,2,-0.150971238921974,0.0134196977865739,39
"993",0.00555844237754389,819.465269450502,2,-0.134196656819569,0.0134196977865739,39
"994",0.0048636546155748,819.465269450502,2,-0.117422074717024,0.0134196977865739,39
"995",0.00416883246474243,819.465269450502,2,-0.100647492614585,0.0134196977865739,39
"996",0.00347403075553115,819.465269450502,2,-0.0838729105122573,0.0134196977865739,39
"997",0.00277921375706414,819.465269450502,2,-0.0670983284096038,0.0134196977865739,39
"998",0.0020844374280874,819.465269450502,2,-0.050323746307339,0.0134196977865739,39
"999",0.00138960929447132,819.465269450502,2,-0.0335491642050138,0.0134196977865739,39
"1000",0.000694793323388629,819.465269450502,2,-0.0167745821025289,0.0134196977865739,39
