"","coef_D2_1se.8.016","coef_D2_1se.8.01563297292529","coef_D2_1se.7","coef_D2_cv.1.055","coef_D2_cv.1.05489842527596","coef_D2_cv.9"
"1",-1.37000242138834,8.01563297292529,7,-2.00347984189627,1.05489842527596,9
"2",-1.36312411684656,8.01563297292529,7,-1.98412800270709,1.05489842527596,9
"3",-1.35624581230696,8.01563297292529,7,-1.96477616351837,1.05489842527596,9
"4",-1.34936750774972,8.01563297292529,7,-1.94542432432737,1.05489842527596,9
"5",-1.34248920320537,8.01563297292529,7,-1.92607248513865,1.05489842527596,9
"6",-1.3356108986518,8.01563297292529,7,-1.90672064595013,1.05489842527596,9
"7",-1.32873259411596,8.01563297292529,7,-1.88736880676301,1.05489842527596,9
"8",-1.32185428955726,8.01563297292529,7,-1.86801696757397,1.05489842527596,9
"9",-1.31497598501809,8.01563297292529,7,-1.84866512838762,1.05489842527596,9
"10",-1.30809768048568,8.01563297292529,7,-1.82931328920051,1.05489842527596,9
"11",-1.3012193759264,8.01563297292529,7,-1.8099614500129,1.05489842527596,9
"12",-1.29434107137686,8.01563297292529,7,-1.79060961082337,1.05489842527596,9
"13",-1.28746276683123,8.01563297292529,7,-1.77125777163638,1.05489842527596,9
"14",-1.28058446229956,8.01563297292529,7,-1.75190593244809,1.05489842527596,9
"15",-1.27370615774517,8.01563297292529,7,-1.73255409326006,1.05489842527596,9
"16",-1.26682785320299,8.01563297292529,7,-1.71320225407163,1.05489842527596,9
"17",-1.2599495486529,8.01563297292529,7,-1.69385041488455,1.05489842527596,9
"18",-1.25307124410156,8.01563297292529,7,-1.67449857569634,1.05489842527596,9
"19",-1.24619293955796,8.01563297292529,7,-1.65514673650897,1.05489842527596,9
"20",-1.23931463501494,8.01563297292529,7,-1.635794897325,1.05489842527596,9
"21",-1.23243633047464,8.01563297292529,7,-1.61644305813459,1.05489842527596,9
"22",-1.22555802590274,8.01563297292529,7,-1.5970912189455,1.05489842527596,9
"23",-1.21867972136022,8.01563297292529,7,-1.57773937975329,1.05489842527596,9
"24",-1.21180141682006,8.01563297292529,7,-1.55838754056606,1.05489842527596,9
"25",-1.20492311228483,8.01563297292529,7,-1.53903570137821,1.05489842527596,9
"26",-1.19804480774821,8.01563297292529,7,-1.51968386219274,1.05489842527596,9
"27",-1.19116650319536,8.01563297292529,7,-1.50033202299968,1.05489842527596,9
"28",-1.18428819865373,8.01563297292529,7,-1.48098018381266,1.05489842527596,9
"29",-1.17740989405981,8.01563297292529,7,-1.46162834461499,1.05489842527596,9
"30",-1.17053158953211,8.01563297292529,7,-1.44227650543007,1.05489842527596,9
"31",-1.16365328502582,8.01563297292529,7,-1.42292466624992,1.05489842527596,9
"32",-1.15677498046531,8.01563297292529,7,-1.40357282705883,1.05489842527596,9
"33",-1.14989667590869,8.01563297292529,7,-1.38422098786772,1.05489842527596,9
"34",-1.14301837135267,8.01563297292529,7,-1.36486914867947,1.05489842527596,9
"35",-1.13614006680171,8.01563297292529,7,-1.34551730948893,1.05489842527596,9
"36",-1.1292617622544,8.01563297292529,7,-1.3261654702993,1.05489842527596,9
"37",-1.12238345772571,8.01563297292529,7,-1.30681363111671,1.05489842527596,9
"38",-1.11550515317671,8.01563297292529,7,-1.28746179192602,1.05489842527596,9
"39",-1.10862684862008,8.01563297292529,7,-1.26810995273649,1.05489842527596,9
"40",-1.10174854410088,8.01563297292529,7,-1.24875811355389,1.05489842527596,9
"41",-1.09487023953871,8.01563297292529,7,-1.22940627436605,1.05489842527596,9
"42",-1.08799193499051,8.01563297292529,7,-1.21005443517329,1.05489842527596,9
"43",-1.08111363045249,8.01563297292529,7,-1.19070259598281,1.05489842527596,9
"44",-1.07423532583958,8.01563297292529,7,-1.17135075678548,1.05489842527596,9
"45",-1.06735702132111,8.01563297292529,7,-1.15199891760234,1.05489842527596,9
"46",-1.06047871676046,8.01563297292529,7,-1.1326470784092,1.05489842527596,9
"47",-1.05360041226598,8.01563297292529,7,-1.11329523923277,1.05489842527596,9
"48",-1.04672210771426,8.01563297292529,7,-1.09394340004424,1.05489842527596,9
"49",-1.03984380314333,8.01563297292529,7,-1.07459156085102,1.05489842527596,9
"50",-1.03296549862956,8.01563297292529,7,-1.05523972167093,1.05489842527596,9
"51",-1.02608719408262,8.01563297292529,7,-1.03588788248182,1.05489842527596,9
"52",-1.01920888950443,8.01563297292529,7,-1.0165360432871,1.05489842527596,9
"53",-1.01233058498113,8.01563297292529,7,-0.997184204104329,1.05489842527596,9
"54",-1.00545228042588,8.01563297292529,7,-0.977832364913562,1.05489842527596,9
"55",-0.99857397585959,8.01563297292529,7,-0.958480525724312,1.05489842527596,9
"56",-0.991695671345025,8.01563297292529,7,-0.939128686543374,1.05489842527596,9
"57",-0.984817366775422,8.01563297292529,7,-0.91977684735008,1.05489842527596,9
"58",-0.977939062302063,8.01563297292529,7,-0.900425008177256,1.05489842527596,9
"59",-0.971060757682583,8.01563297292529,7,-0.881073168972653,1.05489842527596,9
"60",-0.964182453111135,8.01563297292529,7,-0.861721329780498,1.05489842527596,9
"61",-0.957304148627799,8.01563297292529,7,-0.842369490608159,1.05489842527596,9
"62",-0.950425844070956,8.01563297292529,7,-0.823017651414093,1.05489842527596,9
"63",-0.943547539560069,8.01563297292529,7,-0.803665812233903,1.05489842527596,9
"64",-0.936669234996267,8.01563297292529,7,-0.784313973043396,1.05489842527596,9
"65",-0.929790930424497,8.01563297292529,7,-0.76496213384894,1.05489842527596,9
"66",-0.922912625844854,8.01563297292529,7,-0.745610294655378,1.05489842527596,9
"67",-0.91603432135212,8.01563297292529,7,-0.726258455480033,1.05489842527596,9
"68",-0.90915601675395,8.01563297292529,7,-0.706906616282089,1.05489842527596,9
"69",-0.902277712300567,8.01563297292529,7,-0.687554777114004,1.05489842527596,9
"70",-0.8953994077423,8.01563297292529,7,-0.668202937923226,1.05489842527596,9
"71",-0.888521103111437,8.01563297292529,7,-0.648851098721479,1.05489842527596,9
"72",-0.881642798543358,8.01563297292529,7,-0.629499259525482,1.05489842527596,9
"73",-0.874764494034389,8.01563297292529,7,-0.610147420349706,1.05489842527596,9
"74",-0.867886189403493,8.01563297292529,7,-0.590795581142948,1.05489842527596,9
"75",-0.8610078849894,8.01563297292529,7,-0.571443741984213,1.05489842527596,9
"76",-0.854129580447894,8.01563297292529,7,-0.552091902793434,1.05489842527596,9
"77",-0.847251275763787,8.01563297292529,7,-0.532740063583616,1.05489842527596,9
"78",-0.840372971299988,8.01563297292529,7,-0.513388224409062,1.05489842527596,9
"79",-0.833494666706032,8.01563297292529,7,-0.494036385215648,1.05489842527596,9
"80",-0.826616362125497,8.01563297292529,7,-0.47468454602109,1.05489842527596,9
"81",-0.819738057780983,8.01563297292529,7,-0.455332706871205,1.05489842527596,9
"82",-0.812859753261171,8.01563297292529,7,-0.43598086768914,1.05489842527596,9
"83",-0.805981448633855,8.01563297292529,7,-0.416629028483478,1.05489842527596,9
"84",-0.799103144008593,8.01563297292529,7,-0.397277189283052,1.05489842527596,9
"85",-0.792224839474936,8.01563297292529,7,-0.377925350093412,1.05489842527596,9
"86",-0.785346535143238,8.01563297292529,7,-0.358573510947849,1.05489842527596,9
"87",-0.778468230351821,8.01563297292529,7,-0.339221671713422,1.05489842527596,9
"88",-0.771589925946093,8.01563297292529,7,-0.3198698325534,1.05489842527596,9
"89",-0.764711621299151,8.01563297292529,7,-0.300517993348211,1.05489842527596,9
"90",-0.757833316659077,8.01563297292529,7,-0.2811661541422,1.05489842527596,9
"91",-0.750955012107323,8.01563297292529,7,-0.261814314955598,1.05489842527596,9
"92",-0.744076707602497,8.01563297292529,7,-0.242462475779348,1.05489842527596,9
"93",-0.737198403266784,8.01563297292529,7,-0.223110636627708,1.05489842527596,9
"94",-0.730320098436678,8.01563297292529,7,-0.203758797395075,1.05489842527596,9
"95",-0.723441794134659,8.01563297292529,7,-0.184406958248831,1.05489842527596,9
"96",-0.716563489443481,8.01563297292529,7,-0.165055119040187,1.05489842527596,9
"97",-0.709685184872583,8.01563297292529,7,-0.145703279847622,1.05489842527596,9
"98",-0.702806880359277,8.01563297292529,7,-0.126351440670143,1.05489842527596,9
"99",-0.695928575850582,8.01563297292529,7,-0.106999601491634,1.05489842527596,9
"100",-0.689050271219328,8.01563297292529,7,-0.0876477622896748,1.05489842527596,9
"101",-0.682171966762514,8.01563297292529,7,-0.0682959231219235,1.05489842527596,9
"102",-0.675293662252413,8.01563297292529,7,-0.0489440839378357,1.05489842527596,9
"103",-0.668415357688248,8.01563297292529,7,-0.029592244751733,1.05489842527596,9
"104",-0.661537053379261,8.01563297292529,7,-0.0102404056061692,1.05489842527596,9
"105",-0.654658748521273,8.01563297292529,7,0.00911143363229396,1.05489842527596,9
"106",-0.647780444167647,8.01563297292529,7,0.0284632727871749,1.05489842527596,9
"107",-0.640902139550343,8.01563297292529,7,0.0478151119853258,1.05489842527596,9
"108",-0.634023834996612,8.01563297292529,7,0.0671669511680533,1.05489842527596,9
"109",-0.627145530403295,8.01563297292529,7,0.0865187903652974,1.05489842527596,9
"110",-0.620267225863786,8.01563297292529,7,0.105870629546542,1.05489842527596,9
"111",-0.613388921471759,8.01563297292529,7,0.125222468704849,1.05489842527596,9
"112",-0.606510616865627,8.01563297292529,7,0.144574307901021,1.05489842527596,9
"113",-0.599632312291806,8.01563297292529,7,0.163926147090047,1.05489842527596,9
"114",-0.592754007564219,8.01563297292529,7,0.183277986304475,1.05489842527596,9
"115",-0.585875703230608,8.01563297292529,7,0.202629825453678,1.05489842527596,9
"116",-0.578997398453708,8.01563297292529,7,0.221981664675649,1.05489842527596,9
"117",-0.57211909401933,8.01563297292529,7,0.241333503840935,1.05489842527596,9
"118",-0.565240789545154,8.01563297292529,7,0.260685343015658,1.05489842527596,9
"119",-0.55836248497453,8.01563297292529,7,0.280037182202221,1.05489842527596,9
"120",-0.551484180310958,8.01563297292529,7,0.299389021404077,1.05489842527596,9
"121",-0.544605875912174,8.01563297292529,7,0.318740860565527,1.05489842527596,9
"122",-0.537727571416638,8.01563297292529,7,0.338092699742772,1.05489842527596,9
"123",-0.530849266843869,8.01563297292529,7,0.357444538930142,1.05489842527596,9
"124",-0.523970962292164,8.01563297292529,7,0.376796378120767,1.05489842527596,9
"125",-0.51709265778089,8.01563297292529,7,0.39614821729367,1.05489842527596,9
"126",-0.510214353319378,8.01563297292529,7,0.41550005646841,1.05489842527596,9
"127",-0.503336048682309,8.01563297292529,7,0.43485189566641,1.05489842527596,9
"128",-0.496457744146249,8.01563297292529,7,0.454203734846704,1.05489842527596,9
"129",-0.489579439473816,8.01563297292529,7,0.473555574048619,1.05489842527596,9
"130",-0.482701135164935,8.01563297292529,7,0.492907413200484,1.05489842527596,9
"131",-0.475822830520006,8.01563297292529,7,0.512259252401125,1.05489842527596,9
"132",-0.468944525746237,8.01563297292529,7,0.531611091618149,1.05489842527596,9
"133",-0.462066221196631,8.01563297292529,7,0.550962930805795,1.05489842527596,9
"134",-0.455187916749523,8.01563297292529,7,0.57031476997166,1.05489842527596,9
"135",-0.448309612248454,8.01563297292529,7,0.589666609148639,1.05489842527596,9
"136",-0.441431307792831,8.01563297292529,7,0.609018448319235,1.05489842527596,9
"137",-0.43455300322065,8.01563297292529,7,0.628370287506057,1.05489842527596,9
"138",-0.42767469878979,8.01563297292529,7,0.647722126674795,1.05489842527596,9
"139",-0.420796394110834,8.01563297292529,7,0.667073965875706,1.05489842527596,9
"140",-0.413918089537413,8.01563297292529,7,0.686425805062112,1.05489842527596,9
"141",-0.407039785018585,8.01563297292529,7,0.705777644240112,1.05489842527596,9
"142",-0.400161480600054,8.01563297292529,7,0.725129483408315,1.05489842527596,9
"143",-0.39328317593916,8.01563297292529,7,0.744481322587371,1.05489842527596,9
"144",-0.386404871247262,8.01563297292529,7,0.76383316175517,1.05489842527596,9
"145",-0.379526566847854,8.01563297292529,7,0.751435410046147,1.05489842527596,9
"146",-0.37264826230703,8.01563297292529,7,0.739037658304555,1.05489842527596,9
"147",-0.365769957606384,8.01563297292529,7,0.726639906609618,1.05489842527596,9
"148",-0.35889165322872,8.01563297292529,7,0.714242154825669,1.05489842527596,9
"149",-0.352013348459379,8.01563297292529,7,0.701844403125652,1.05489842527596,9
"150",-0.345135044248281,8.01563297292529,7,0.689446651344134,1.05489842527596,9
"151",-0.338256739474816,8.01563297292529,7,0.677048899638857,1.05489842527596,9
"152",-0.33137843496863,8.01563297292529,7,0.664651147889793,1.05489842527596,9
"153",-0.324500130607373,8.01563297292529,7,0.652253396128651,1.05489842527596,9
"154",-0.317621826087752,8.01563297292529,7,0.639855644391084,1.05489842527596,9
"155",-0.310743521508978,8.01563297292529,7,0.627457892654949,1.05489842527596,9
"156",-0.303865216926754,8.01563297292529,7,0.615060140922092,1.05489842527596,9
"157",-0.296986912251705,8.01563297292529,7,0.602662389224063,1.05489842527596,9
"158",-0.290108607997051,8.01563297292529,7,0.590264637429964,1.05489842527596,9
"159",-0.283230303243864,8.01563297292529,7,0.577866885743357,1.05489842527596,9
"160",-0.276351998895462,8.01563297292529,7,0.565469133994287,1.05489842527596,9
"161",-0.26947369421292,8.01563297292529,7,0.553071382238794,1.05489842527596,9
"162",-0.262595389727012,8.01563297292529,7,0.540673630497137,1.05489842527596,9
"163",-0.255717084930371,8.01563297292529,7,0.528275878755663,1.05489842527596,9
"164",-0.248838780817402,8.01563297292529,7,0.515878126984701,1.05489842527596,9
"165",-0.241960476149003,8.01563297292529,7,0.503480375269245,1.05489842527596,9
"166",-0.235082171419934,8.01563297292529,7,0.491082623524458,1.05489842527596,9
"167",-0.228203866751468,8.01563297292529,7,0.478684871831712,1.05489842527596,9
"168",-0.22132556274972,8.01563297292529,7,0.4662871200912,1.05489842527596,9
"169",-0.214447257917109,8.01563297292529,7,0.453889368357827,1.05489842527596,9
"170",-0.20756895331031,8.01563297292529,7,0.441491616589614,1.05489842527596,9
"171",-0.20069064893844,8.01563297292529,7,0.429093864876519,1.05489842527596,9
"172",-0.193812344199155,8.01563297292529,7,0.416696113146247,1.05489842527596,9
"173",-0.192467869408927,8.01563297292529,7,0.404298361351982,1.05489842527596,9
"174",-0.191123394624907,8.01563297292529,7,0.391900609623471,1.05489842527596,9
"175",-0.189778919785196,8.01563297292529,7,0.379502857868091,1.05489842527596,9
"176",-0.188434444514757,8.01563297292529,7,0.367105106204548,1.05489842527596,9
"177",-0.187089969898327,8.01563297292529,7,0.354707354424647,1.05489842527596,9
"178",-0.185745494870669,8.01563297292529,7,0.34230960269894,1.05489842527596,9
"179",-0.184401019640676,8.01563297292529,7,0.329911851004014,1.05489842527596,9
"180",-0.183056545172998,8.01563297292529,7,0.317514099215211,1.05489842527596,9
"181",-0.18171206984176,8.01563297292529,7,0.305116347527401,1.05489842527596,9
"182",-0.180367595021523,8.01563297292529,7,0.292718595801692,1.05489842527596,9
"183",-0.179023120190616,8.01563297292529,7,0.280320844015457,1.05489842527596,9
"184",-0.177678645384313,8.01563297292529,7,0.267923092279378,1.05489842527596,9
"185",-0.176334170691273,8.01563297292529,7,0.255525340525685,1.05489842527596,9
"186",-0.174989695676677,8.01563297292529,7,0.243127588778242,1.05489842527596,9
"187",-0.173645220681012,8.01563297292529,7,0.230729837074869,1.05489842527596,9
"188",-0.172300745865273,8.01563297292529,7,0.218332085282866,1.05489842527596,9
"189",-0.170956270631631,8.01563297292529,7,0.205934333588478,1.05489842527596,9
"190",-0.16961179589931,8.01563297292529,7,0.193536581846501,1.05489842527596,9
"191",-0.168267320849701,8.01563297292529,7,0.181138830123002,1.05489842527596,9
"192",-0.166922846175075,8.01563297292529,7,0.168741078350611,1.05489842527596,9
"193",-0.165578371084957,8.01563297292529,7,0.156343326641808,1.05489842527596,9
"194",-0.164233896198309,8.01563297292529,7,0.143945574916658,1.05489842527596,9
"195",-0.162889421143315,8.01563297292529,7,0.131547823206425,1.05489842527596,9
"196",-0.161544946582006,8.01563297292529,7,0.11915007140026,1.05489842527596,9
"197",-0.160200471513478,8.01563297292529,7,0.106752319678293,1.05489842527596,9
"198",-0.158855996695433,8.01563297292529,7,0.094354567932526,1.05489842527596,9
"199",-0.157511521609016,8.01563297292529,7,0.0819568162107928,1.05489842527596,9
"200",-0.156167046653467,8.01563297292529,7,0.0695590644897869,1.05489842527596,9
"201",-0.154822571928955,8.01563297292529,7,0.0571613127476028,1.05489842527596,9
"202",-0.153478097036402,8.01563297292529,7,0.0447635610039104,1.05489842527596,9
"203",-0.152133622060318,8.01563297292529,7,0.0323658092612999,1.05489842527596,9
"204",-0.150789147215295,8.01563297292529,7,0.0199680575270366,1.05489842527596,9
"205",-0.149444672143598,8.01563297292529,7,0.00757030579907723,1.05489842527596,9
"206",-0.148100197128905,8.01563297292529,7,-0.0048274459280186,1.05489842527596,9
"207",-0.146755722412529,8.01563297292529,7,-0.0172251976821666,1.05489842527596,9
"208",-0.145411247382553,8.01563297292529,7,-0.0296229494164163,1.05489842527596,9
"209",-0.144066772846734,8.01563297292529,7,-0.0420207011720731,1.05489842527596,9
"210",-0.142722297647226,8.01563297292529,7,-0.0544184528853029,1.05489842527596,9
"211",-0.141377822836839,8.01563297292529,7,-0.0668162046353196,1.05489842527596,9
"212",-0.140033347885909,8.01563297292529,7,-0.0792139563735368,1.05489842527596,9
"213",-0.138688873078575,8.01563297292529,7,-0.0916117081228254,1.05489842527596,9
"214",-0.137344398261611,8.01563297292529,7,-0.104009459860141,1.05489842527596,9
"215",-0.13599992331756,8.01563297292529,7,-0.116407211596338,1.05489842527596,9
"216",-0.134655448311495,8.01563297292529,7,-0.128804963329931,1.05489842527596,9
"217",-0.133310973222243,8.01563297292529,7,-0.141202715051396,1.05489842527596,9
"218",-0.131966498303496,8.01563297292529,7,-0.153600466784086,1.05489842527596,9
"219",-0.130622023572324,8.01563297292529,7,-0.165998218546855,1.05489842527596,9
"220",-0.129277548720804,8.01563297292529,7,-0.178395970286309,1.05489842527596,9
"221",-0.12793307381638,8.01563297292529,7,-0.190793722012963,1.05489842527596,9
"222",-0.126588598795675,8.01563297292529,7,-0.203191473750568,1.05489842527596,9
"223",-0.125244123969772,8.01563297292529,7,-0.215589225491854,1.05489842527596,9
"224",-0.123899649190983,8.01563297292529,7,-0.227986977228076,1.05489842527596,9
"225",-0.122555174296352,8.01563297292529,7,-0.24038472897023,1.05489842527596,9
"226",-0.121210699195784,8.01563297292529,7,-0.252782480706101,1.05489842527596,9
"227",-0.119866224280241,8.01563297292529,7,-0.265180232438765,1.05489842527596,9
"228",-0.118521749423143,8.01563297292529,7,-0.27757798418164,1.05489842527596,9
"229",-0.117177274464724,8.01563297292529,7,-0.289975735918745,1.05489842527596,9
"230",-0.115832799649188,8.01563297292529,7,-0.302373487654655,1.05489842527596,9
"231",-0.114488324733324,8.01563297292529,7,-0.314771239393244,1.05489842527596,9
"232",-0.113143849834417,8.01563297292529,7,-0.327168991131273,1.05489842527596,9
"233",-0.111799375057679,8.01563297292529,7,-0.339566742858895,1.05489842527596,9
"234",-0.110454899983489,8.01563297292529,7,-0.351964494602142,1.05489842527596,9
"235",-0.109110425174788,8.01563297292529,7,-0.364362246335389,1.05489842527596,9
"236",-0.107765950088066,8.01563297292529,7,-0.376759998103076,1.05489842527596,9
"237",-0.106421475342972,8.01563297292529,7,-0.389157749804378,1.05489842527596,9
"238",-0.105077000347585,8.01563297292529,7,-0.401555501571869,1.05489842527596,9
"239",-0.103732525517326,8.01563297292529,7,-0.413953253286192,1.05489842527596,9
"240",-0.102388050625434,8.01563297292529,7,-0.426351005021826,1.05489842527596,9
"241",-0.101043575693529,8.01563297292529,7,-0.438748756767498,1.05489842527596,9
"242",-0.0996991007641466,8.01563297292529,7,-0.451146508508303,1.05489842527596,9
"243",-0.0983546258397686,8.01563297292529,7,-0.463544260245071,1.05489842527596,9
"244",-0.0970101509865324,8.01563297292529,7,-0.475942011976407,1.05489842527596,9
"245",-0.0956656760461088,8.01563297292529,7,-0.488339763727586,1.05489842527596,9
"246",-0.0943212011102277,8.01563297292529,7,-0.500737515482464,1.05489842527596,9
"247",-0.0929767262165986,8.01563297292529,7,-0.51313526720476,1.05489842527596,9
"248",-0.0916322513432168,8.01563297292529,7,-0.525533018931395,1.05489842527596,9
"249",-0.0902877764298368,8.01563297292529,7,-0.53793077069167,1.05489842527596,9
"250",-0.088943301510084,8.01563297292529,7,-0.550328522417452,1.05489842527596,9
"251",-0.0875988266131764,8.01563297292529,7,-0.562726274157049,1.05489842527596,9
"252",-0.0862543516762369,8.01563297292529,7,-0.575124025899814,1.05489842527596,9
"253",-0.0849098767963052,8.01563297292529,7,-0.587521777652663,1.05489842527596,9
"254",-0.0835654018672244,8.01563297292529,7,-0.59991952935065,1.05489842527596,9
"255",-0.0822209269648456,8.01563297292529,7,-0.612317281102814,1.05489842527596,9
"256",-0.0808764520532958,8.01563297292529,7,-0.62471503284273,1.05489842527596,9
"257",-0.0795319771511686,8.01563297292529,7,-0.637112784573049,1.05489842527596,9
"258",-0.0781875022641852,8.01563297292529,7,-0.649510536330456,1.05489842527596,9
"259",-0.07684302734216,8.01563297292529,7,-0.661908288062402,1.05489842527596,9
"260",-0.0754985524098948,8.01563297292529,7,-0.674306039776917,1.05489842527596,9
"261",-0.0741540775288713,8.01563297292529,7,-0.686703791530732,1.05489842527596,9
"262",-0.072809602630272,8.01563297292529,7,-0.6991015432778,1.05489842527596,9
"263",-0.0714651276968215,8.01563297292529,7,-0.711499294991392,1.05489842527596,9
"264",-0.0701206528658806,8.01563297292529,7,-0.723897046778237,1.05489842527596,9
"265",-0.0687761779734599,8.01563297292529,7,-0.736294798506131,1.05489842527596,9
"266",-0.067431702992635,8.01563297292529,7,-0.748692550216786,1.05489842527596,9
"267",-0.0660872281090691,8.01563297292529,7,-0.76109030196114,1.05489842527596,9
"268",-0.0647427532231891,8.01563297292529,7,-0.773488053695647,1.05489842527596,9
"269",-0.0633982782390127,8.01563297292529,7,-0.770892188060777,1.05489842527596,9
"270",-0.0620538033729769,8.01563297292529,7,-0.765657401166813,1.05489842527596,9
"271",-0.0607093284185426,8.01563297292529,7,-0.760422614288536,1.05489842527596,9
"272",-0.0593648535786165,8.01563297292529,7,-0.755187827445769,1.05489842527596,9
"273",-0.0580203786740252,8.01563297292529,7,-0.749953040533672,1.05489842527596,9
"274",-0.0566759038190028,8.01563297292529,7,-0.744718253660386,1.05489842527596,9
"275",-0.0553314287812296,8.01563297292529,7,-0.739483466781805,1.05489842527596,9
"276",-0.0539869538678743,8.01563297292529,7,-0.734248679847261,1.05489842527596,9
"277",-0.0526424790146433,8.01563297292529,7,-0.729013893021769,1.05489842527596,9
"278",-0.0512980042079116,8.01563297292529,7,-0.723779106099082,1.05489842527596,9
"279",-0.0499535291075222,8.01563297292529,7,-0.718544319239952,1.05489842527596,9
"280",-0.0486090544110788,8.01563297292529,7,-0.713309532346626,1.05489842527596,9
"281",-0.0472645793406172,8.01563297292529,7,-0.708074745472787,1.05489842527596,9
"282",-0.0459201044430299,8.01563297292529,7,-0.702839958588651,1.05489842527596,9
"283",-0.0445756294780258,8.01563297292529,7,-0.697605171709321,1.05489842527596,9
"284",-0.043231154768048,8.01563297292529,7,-0.692370384792068,1.05489842527596,9
"285",-0.0418866797391249,8.01563297292529,7,-0.68713559792174,1.05489842527596,9
"286",-0.0405422048833263,8.01563297292529,7,-0.681900811029104,1.05489842527596,9
"287",-0.0391977299028368,8.01563297292529,7,-0.676666024153858,1.05489842527596,9
"288",-0.03785325503298,8.01563297292529,7,-0.671431237264655,1.05489842527596,9
"289",-0.0365087800547895,8.01563297292529,7,-0.666196450395648,1.05489842527596,9
"290",-0.0351643052240476,8.01563297292529,7,-0.660961663499669,1.05489842527596,9
"291",-0.033819830342479,8.01563297292529,7,-0.655726876637609,1.05489842527596,9
"292",-0.0324753553882953,8.01563297292529,7,-0.650492089740974,1.05489842527596,9
"293",-0.0311308805663747,8.01563297292529,7,-0.645257302873001,1.05489842527596,9
"294",-0.0297864055915045,8.01563297292529,7,-0.640022515978466,1.05489842527596,9
"295",-0.0284419306335865,8.01563297292529,7,-0.634787729122469,1.05489842527596,9
"296",-0.0270974558035704,8.01563297292529,7,-0.629552942213381,1.05489842527596,9
"297",-0.0257529808106576,8.01563297292529,7,-0.624318155309477,1.05489842527596,9
"298",-0.0244085060660907,8.01563297292529,7,-0.619083368446962,1.05489842527596,9
"299",-0.0230640310958948,8.01563297292529,7,-0.61384858154498,1.05489842527596,9
"300",-0.0217195563373575,8.01563297292529,7,-0.608613794653363,1.05489842527596,9
"301",-0.0203750813525028,8.01563297292529,7,-0.603379007806857,1.05489842527596,9
"302",-0.0190306062782128,8.01563297292529,7,-0.598144220923332,1.05489842527596,9
"303",-0.0176861313297121,8.01563297292529,7,-0.592909434040306,1.05489842527596,9
"304",-0.0163416565691024,8.01563297292529,7,-0.587674647158723,1.05489842527596,9
"305",-0.014997181459081,8.01563297292529,7,-0.582439860258878,1.05489842527596,9
"306",-0.0136527067518615,8.01563297292529,7,-0.57720507335135,1.05489842527596,9
"307",-0.0123082317905684,8.01563297292529,7,-0.571970286491511,1.05489842527596,9
"308",-0.0109637567272246,8.01563297292529,7,-0.566735499620498,1.05489842527596,9
"309",-0.00961928209839817,8.01563297292529,7,-0.561500712720738,1.05489842527596,9
"310",-0.00827480724096796,8.01563297292529,7,-0.556265925838666,1.05489842527596,9
"311",-0.00693033236808316,8.01563297292529,7,-0.551031138976245,1.05489842527596,9
"312",-0.005585857238115,8.01563297292529,7,-0.545796352069534,1.05489842527596,9
"313",-0.00424138221324226,8.01563297292529,7,-0.54056156518872,1.05489842527596,9
"314",-0.0028969073941563,8.01563297292529,7,-0.535326778306822,1.05489842527596,9
"315",-0.00155243230884314,8.01563297292529,7,-0.530091991412244,1.05489842527596,9
"316",-0.000207957637943532,8.01563297292529,7,-0.524857204540538,1.05489842527596,9
"317",0.00113651725822898,8.01563297292529,7,-0.519622417660792,1.05489842527596,9
"318",0.00248099226383457,8.01563297292529,7,-0.514387630771228,1.05489842527596,9
"319",0.00382546722886265,8.01563297292529,7,-0.509152843885183,1.05489842527596,9
"320",0.00516994207700697,8.01563297292529,7,-0.503918057006431,1.05489842527596,9
"321",0.00651441704709914,8.01563297292529,7,-0.498683270121198,1.05489842527596,9
"322",0.00785889182628316,8.01563297292529,7,-0.49344848323948,1.05489842527596,9
"323",0.00920336667249534,8.01563297292529,7,-0.488213696349757,1.05489842527596,9
"324",0.0105478416152536,8.01563297292529,7,-0.482978909478829,1.05489842527596,9
"325",0.0118923164142619,8.01563297292529,7,-0.477744122591162,1.05489842527596,9
"326",0.0132367913370054,8.01563297292529,7,-0.472509335703232,1.05489842527596,9
"327",0.014581266471574,8.01563297292529,7,-0.467274548825548,1.05489842527596,9
"328",0.0159257413522666,8.01563297292529,7,-0.462039761934578,1.05489842527596,9
"329",0.0172702162492127,8.01563297292529,7,-0.456804975054585,1.05489842527596,9
"330",0.0186146910313796,8.01563297292529,7,-0.45157018816913,1.05489842527596,9
"331",0.0199591659262083,8.01563297292529,7,-0.446335401285776,1.05489842527596,9
"332",0.0213036410669437,8.01563297292529,7,-0.441100614403981,1.05489842527596,9
"333",0.0226481159528713,8.01563297292529,7,-0.435865827522078,1.05489842527596,9
"334",0.0239925907482938,8.01563297292529,7,-0.430631040634942,1.05489842527596,9
"335",0.025337065681198,8.01563297292529,7,-0.425396253755344,1.05489842527596,9
"336",0.0266815405995036,8.01563297292529,7,-0.420161466871375,1.05489842527596,9
"337",0.0280260154370385,8.01563297292529,7,-0.414926679991335,1.05489842527596,9
"338",0.0293704905162313,8.01563297292529,7,-0.409691893106305,1.05489842527596,9
"339",0.030714965319241,8.01563297292529,7,-0.404457106227341,1.05489842527596,9
"340",0.0320594402338446,8.01563297292529,7,-0.399222319335426,1.05489842527596,9
"341",0.0334039149490602,8.01563297292529,7,-0.393987532458897,1.05489842527596,9
"342",0.0347483902351813,8.01563297292529,7,-0.388752745576917,1.05489842527596,9
"343",0.0360928649309524,8.01563297292529,7,-0.383517958691182,1.05489842527596,9
"344",0.0374373398770774,8.01563297292529,7,-0.378283171805685,1.05489842527596,9
"345",0.0387818145458346,8.01563297292529,7,-0.373048384927049,1.05489842527596,9
"346",0.0401262896341885,8.01563297292529,7,-0.367813598042133,1.05489842527596,9
"347",0.041470764642629,8.01563297292529,7,-0.362578811161153,1.05489842527596,9
"348",0.0428152394822271,8.01563297292529,7,-0.35734402427421,1.05489842527596,9
"349",0.0441597142988648,8.01563297292529,7,-0.352109237389943,1.05489842527596,9
"350",0.0455041892938392,8.01563297292529,7,-0.346874450506763,1.05489842527596,9
"351",0.0468486643494594,8.01563297292529,7,-0.341639663622074,1.05489842527596,9
"352",0.0481931394829843,8.01563297292529,7,-0.33640487674387,1.05489842527596,9
"353",0.0495376137936158,8.01563297292529,7,-0.331170089860113,1.05489842527596,9
"354",0.0508820888175998,8.01563297292529,7,-0.325935302981812,1.05489842527596,9
"355",0.0522265637945818,8.01563297292529,7,-0.32070051609891,1.05489842527596,9
"356",0.0535710388036874,8.01563297292529,7,-0.315465729218552,1.05489842527596,9
"357",0.0549155137027483,8.01563297292529,7,-0.310230942317907,1.05489842527596,9
"358",0.0586125516965595,8.01563297292529,7,-0.304996155444498,1.05489842527596,9
"359",0.0623095894931762,8.01563297292529,7,-0.299761368564809,1.05489842527596,9
"360",0.0660066275645298,8.01563297292529,7,-0.29452658168079,1.05489842527596,9
"361",0.0697036656274919,8.01563297292529,7,-0.289291794799271,1.05489842527596,9
"362",0.0734007034719468,8.01563297292529,7,-0.284057007910972,1.05489842527596,9
"363",0.0770977416755735,8.01563297292529,7,-0.278822221039836,1.05489842527596,9
"364",0.0807947795191729,8.01563297292529,7,-0.273587434152918,1.05489842527596,9
"365",0.0844918174152328,8.01563297292529,7,-0.268352647264059,1.05489842527596,9
"366",0.088188855318352,8.01563297292529,7,-0.263117860376748,1.05489842527596,9
"367",0.091885893239402,8.01563297292529,7,-0.257883073494329,1.05489842527596,9
"368",0.0955829314795188,8.01563297292529,7,-0.252648286616388,1.05489842527596,9
"369",0.099279969734094,8.01563297292529,7,-0.247413499744859,1.05489842527596,9
"370",0.102977007529542,8.01563297292529,7,-0.242178712851129,1.05489842527596,9
"371",0.106674045461579,8.01563297292529,7,-0.236943925971835,1.05489842527596,9
"372",0.110371083409,8.01563297292529,7,-0.231709139084614,1.05489842527596,9
"373",0.114068121451468,8.01563297292529,7,-0.226474352204982,1.05489842527596,9
"374",0.117765159327417,8.01563297292529,7,-0.221239565315716,1.05489842527596,9
"375",0.121462197383324,8.01563297292529,7,-0.216004778431605,1.05489842527596,9
"376",0.12515923513517,8.01563297292529,7,-0.210769991544474,1.05489842527596,9
"377",0.128856273340252,8.01563297292529,7,-0.205535204670185,1.05489842527596,9
"378",0.132553311253402,8.01563297292529,7,-0.200300417784205,1.05489842527596,9
"379",0.136250349273875,8.01563297292529,7,-0.19506563090538,1.05489842527596,9
"380",0.139947387000172,8.01563297292529,7,-0.189830844007592,1.05489842527596,9
"381",0.143644425093702,8.01563297292529,7,-0.184596057138984,1.05489842527596,9
"382",0.147341462975646,8.01563297292529,7,-0.179361270248101,1.05489842527596,9
"383",0.151038500988568,8.01563297292529,7,-0.174126483373341,1.05489842527596,9
"384",0.154735539006945,8.01563297292529,7,-0.16889169647909,1.05489842527596,9
"385",0.158432577166835,8.01563297292529,7,-0.163656909608708,1.05489842527596,9
"386",0.162129614884562,8.01563297292529,7,-0.158422122719212,1.05489842527596,9
"387",0.165826653073012,8.01563297292529,7,-0.153187335847408,1.05489842527596,9
"388",0.169523691141779,8.01563297292529,7,-0.147952548956686,1.05489842527596,9
"389",0.173220728900551,8.01563297292529,7,-0.142717762070977,1.05489842527596,9
"390",0.176917767141602,8.01563297292529,7,-0.137482975191962,1.05489842527596,9
"391",0.180614804840967,8.01563297292529,7,-0.132248188297234,1.05489842527596,9
"392",0.184311843087207,8.01563297292529,7,-0.127013401423623,1.05489842527596,9
"393",0.188008880927848,8.01563297292529,7,-0.121778614536855,1.05489842527596,9
"394",0.191705918867802,8.01563297292529,7,-0.116543827647775,1.05489842527596,9
"395",0.195402956885753,8.01563297292529,7,-0.111309040761405,1.05489842527596,9
"396",0.199099994774392,8.01563297292529,7,-0.106074253877814,1.05489842527596,9
"397",0.202797032874855,8.01563297292529,7,-0.100839467003454,1.05489842527596,9
"398",0.206494071014627,8.01563297292529,7,-0.0956046801240602,1.05489842527596,9
"399",0.210191108704191,8.01563297292529,7,-0.0903698932301352,1.05489842527596,9
"400",0.213888146805364,8.01563297292529,7,-0.085135106351216,1.05489842527596,9
"401",0.217585184911213,8.01563297292529,7,-0.079900319474001,1.05489842527596,9
"402",0.221282222703035,8.01563297292529,7,-0.0746655325844067,1.05489842527596,9
"403",0.224979260877949,8.01563297292529,7,-0.0694307457029357,1.05489842527596,9
"404",0.228676298817044,8.01563297292529,7,-0.0641959588213267,1.05489842527596,9
"405",0.232373336480344,8.01563297292529,7,-0.0589611719314375,1.05489842527596,9
"406",0.236070374719391,8.01563297292529,7,-0.0537263850482112,1.05489842527596,9
"407",0.239767412587145,8.01563297292529,7,-0.048491598165587,1.05489842527596,9
"408",0.24346445067515,8.01563297292529,7,-0.0432568112875765,1.05489842527596,9
"409",0.247161488729865,8.01563297292529,7,-0.038022024401624,1.05489842527596,9
"410",0.250858526568368,8.01563297292529,7,-0.0327872375173651,1.05489842527596,9
"411",0.254555564739264,8.01563297292529,7,-0.0275524506353044,1.05489842527596,9
"412",0.258252602492847,8.01563297292529,7,-0.0223176637485766,1.05489842527596,9
"413",0.261949640554735,8.01563297292529,7,-0.0170828768690663,1.05489842527596,9
"414",0.265646678521996,8.01563297292529,7,-0.0118480899822747,1.05489842527596,9
"415",0.269343716663813,8.01563297292529,7,-0.0066133031003374,1.05489842527596,9
"416",0.273040754455415,8.01563297292529,7,-0.00137851621541896,1.05489842527596,9
"417",0.276737792631507,8.01563297292529,7,0.00385627066522297,1.05489842527596,9
"418",0.280434830449333,8.01563297292529,7,0.00909105754942475,1.05489842527596,9
"419",0.284131868483775,8.01563297292529,7,0.0143258444299937,1.05489842527596,9
"420",0.287828906578969,8.01563297292529,7,0.0195606313200771,1.05489842527596,9
"421",0.291525944429982,8.01563297292529,7,0.0247954181999462,1.05489842527596,9
"422",0.295222982434075,8.01563297292529,7,0.030030205083216,1.05489842527596,9
"423",0.298920020419415,8.01563297292529,7,0.0352649919665891,1.05489842527596,9
"424",0.30261705816895,8.01563297292529,7,0.0404997788471438,1.05489842527596,9
"425",0.306314096206545,8.01563297292529,7,0.0457345657332147,1.05489842527596,9
"426",0.310011134194428,8.01563297292529,7,0.0509693526128843,1.05489842527596,9
"427",0.313708172276077,8.01563297292529,7,0.056204139502904,1.05489842527596,9
"428",0.317405210269836,8.01563297292529,7,0.0614389263808397,1.05489842527596,9
"429",0.321102248178089,8.01563297292529,7,0.066673713261468,1.05489842527596,9
"430",0.324799286361819,8.01563297292529,7,0.0719085001527289,1.05489842527596,9
"431",0.32849632427815,8.01563297292529,7,0.0771432870302431,1.05489842527596,9
"432",0.332193362030582,8.01563297292529,7,0.0823780739128055,1.05489842527596,9
"433",0.335890400105803,8.01563297292529,7,0.0876128607981523,1.05489842527596,9
"434",0.339587438315946,8.01563297292529,7,0.0928476476866973,1.05489842527596,9
"435",0.343284476006765,8.01563297292529,7,0.0980824345560606,1.05489842527596,9
"436",0.346981514061794,8.01563297292529,7,0.103317221448079,1.05489842527596,9
"437",0.350678551970422,8.01563297292529,7,0.108552008326674,1.05489842527596,9
"438",0.354375590141938,8.01563297292529,7,0.113786795221594,1.05489842527596,9
"439",0.358072628070489,8.01563297292529,7,0.119021582107478,1.05489842527596,9
"440",0.361769666069327,8.01563297292529,7,0.124256368990983,1.05489842527596,9
"441",0.365466703870058,8.01563297292529,7,0.129491155854839,1.05489842527596,9
"442",0.3691637419863,8.01563297292529,7,0.13472594275526,1.05489842527596,9
"443",0.372860779963307,8.01563297292529,7,0.139960729629971,1.05489842527596,9
"444",0.376557818004295,8.01563297292529,7,0.145195516516614,1.05489842527596,9
"445",0.380254855955493,8.01563297292529,7,0.150430303404153,1.05489842527596,9
"446",0.383951893859774,8.01563297292529,7,0.155665090279048,1.05489842527596,9
"447",0.387648931887226,8.01563297292529,7,0.160899877165486,1.05489842527596,9
"448",0.391345969890046,8.01563297292529,7,0.166134664046376,1.05489842527596,9
"449",0.395043007822949,8.01563297292529,7,0.171369450931249,1.05489842527596,9
"450",0.398740045830768,8.01563297292529,7,0.176604237818684,1.05489842527596,9
"451",0.402437083781807,8.01563297292529,7,0.181839024699214,1.05489842527596,9
"452",0.406134121767141,8.01563297292529,7,0.187073811585595,1.05489842527596,9
"453",0.409831159753927,8.01563297292529,7,0.192308598459918,1.05489842527596,9
"454",0.413528197745006,8.01563297292529,7,0.197543385366079,1.05489842527596,9
"455",0.417225235717121,8.01563297292529,7,0.202778172232436,1.05489842527596,9
"456",0.420922273754821,8.01563297292529,7,0.20801295914072,1.05489842527596,9
"457",0.424619311768038,8.01563297292529,7,0.213247745978069,1.05489842527596,9
"458",0.428316349701945,8.01563297292529,7,0.218482532894576,1.05489842527596,9
"459",0.432013387673441,8.01563297292529,7,0.223717319757432,1.05489842527596,9
"460",0.435710425569299,8.01563297292529,7,0.228952106632128,1.05489842527596,9
"461",0.439407463664333,8.01563297292529,7,0.234186893536396,1.05489842527596,9
"462",0.443104501612225,8.01563297292529,7,0.239421680428653,1.05489842527596,9
"463",0.446801539562403,8.01563297292529,7,0.244656467303706,1.05489842527596,9
"464",0.450498577591625,8.01563297292529,7,0.249891254195623,1.05489842527596,9
"465",0.454195615549327,8.01563297292529,7,0.255126041069983,1.05489842527596,9
"466",0.457892653540272,8.01563297292529,7,0.260360827965074,1.05489842527596,9
"467",0.46158969151669,8.01563297292529,7,0.265595614843248,1.05489842527596,9
"468",0.465286729503751,8.01563297292529,7,0.270830401714245,1.05489842527596,9
"469",0.468983767488941,8.01563297292529,7,0.276065188603655,1.05489842527596,9
"470",0.472680805453001,8.01563297292529,7,0.281299975486728,1.05489842527596,9
"471",0.47637784342623,8.01563297292529,7,0.286534762365449,1.05489842527596,9
"472",0.480074881408189,8.01563297292529,7,0.291769549261374,1.05489842527596,9
"473",0.483771919362024,8.01563297292529,7,0.297004336149832,1.05489842527596,9
"474",0.487468957340712,8.01563297292529,7,0.302239123014733,1.05489842527596,9
"475",0.491165995325339,8.01563297292529,7,0.307473909889086,1.05489842527596,9
"476",0.494863033343265,8.01563297292529,7,0.312708696785977,1.05489842527596,9
"477",0.498560071299914,8.01563297292529,7,0.317943483656016,1.05489842527596,9
"478",0.502257109287639,8.01563297292529,7,0.323178270552835,1.05489842527596,9
"479",0.505954147268253,8.01563297292529,7,0.32841305745584,1.05489842527596,9
"480",0.509651185250786,8.01563297292529,7,0.333647844326488,1.05489842527596,9
"481",0.513348223242305,8.01563297292529,7,0.338882631230673,1.05489842527596,9
"482",0.517045261221635,8.01563297292529,7,0.344117418088055,1.05489842527596,9
"483",0.520742299187263,8.01563297292529,7,0.349352204984727,1.05489842527596,9
"484",0.524439337190704,8.01563297292529,7,0.354586991860894,1.05489842527596,9
"485",0.528136375162736,8.01563297292529,7,0.359821778733447,1.05489842527596,9
"486",0.531833413132402,8.01563297292529,7,0.365056565648021,1.05489842527596,9
"487",0.535530451118406,8.01563297292529,7,0.370291352509633,1.05489842527596,9
"488",0.539227489111105,8.01563297292529,7,0.375526139386682,1.05489842527596,9
"489",0.54292452708049,8.01563297292529,7,0.380760926257999,1.05489842527596,9
"490",0.546621565007778,8.01563297292529,7,0.38599571313685,1.05489842527596,9
"491",0.550318603016997,8.01563297292529,7,0.39123050005041,1.05489842527596,9
"492",0.554015641023343,8.01563297292529,7,0.3964652869401,1.05489842527596,9
"493",0.557712679016657,8.01563297292529,7,0.401700073798157,1.05489842527596,9
"494",0.561409716944554,8.01563297292529,7,0.406934860681537,1.05489842527596,9
"495",0.565106754900669,8.01563297292529,7,0.412169647613729,1.05489842527596,9
"496",0.568803792927864,8.01563297292529,7,0.417404434425296,1.05489842527596,9
"497",0.572500830877993,8.01563297292529,7,0.422639221364634,1.05489842527596,9
"498",0.576197868876832,8.01563297292529,7,0.427874008238353,1.05489842527596,9
"499",0.579894906955382,8.01563297292529,7,0.433108795069733,1.05489842527596,9
"500",0.583591944853883,8.01563297292529,7,0.438343581989161,1.05489842527596,9
"501",0.587288982830901,8.01563297292529,7,0.443578368888444,1.05489842527596,9
"502",0.590986020864025,8.01563297292529,7,0.448813155759637,1.05489842527596,9
"503",0.594683058788229,8.01563297292529,7,0.454047942658222,1.05489842527596,9
"504",0.598380096810788,8.01563297292529,7,0.459282729514531,1.05489842527596,9
"505",0.602077134740178,8.01563297292529,7,0.464517516424258,1.05489842527596,9
"506",0.605774172757443,8.01563297292529,7,0.469752303306482,1.05489842527596,9
"507",0.609471210708941,8.01563297292529,7,0.47498709016294,1.05489842527596,9
"508",0.613168248734212,8.01563297292529,7,0.480221877065433,1.05489842527596,9
"509",0.616865286693874,8.01563297292529,7,0.485456663962749,1.05489842527596,9
"510",0.620562324639739,8.01563297292529,7,0.490691450844942,1.05489842527596,9
"511",0.624259362680815,8.01563297292529,7,0.495926237704578,1.05489842527596,9
"512",0.627956400681889,8.01563297292529,7,0.501161024573514,1.05489842527596,9
"513",0.631653438660324,8.01563297292529,7,0.506395811501237,1.05489842527596,9
"514",0.635350476648468,8.01563297292529,7,0.511630598344813,1.05489842527596,9
"515",0.639047514596323,8.01563297292529,7,0.516865385220047,1.05489842527596,9
"516",0.642744552578639,8.01563297292529,7,0.522100172131875,1.05489842527596,9
"517",0.646441590647436,8.01563297292529,7,0.527334958988529,1.05489842527596,9
"518",0.650138628530997,8.01563297292529,7,0.532569745882877,1.05489842527596,9
"519",0.653835666508841,8.01563297292529,7,0.537804532793338,1.05489842527596,9
"520",0.657532704592411,8.01563297292529,7,0.543039319635959,1.05489842527596,9
"521",0.661229742417438,8.01563297292529,7,0.548274106526523,1.05489842527596,9
"522",0.664926780415628,8.01563297292529,7,0.553508893429302,1.05489842527596,9
"523",0.668623818315284,8.01563297292529,7,0.558743680321634,1.05489842527596,9
"524",0.67232085636417,8.01563297292529,7,0.568331196483346,1.05489842527596,9
"525",0.676017894324587,8.01563297292529,7,0.577918712640787,1.05489842527596,9
"526",0.679714932308683,8.01563297292529,7,0.587506228753161,1.05489842527596,9
"527",0.683411970310485,8.01563297292529,7,0.597093744919098,1.05489842527596,9
"528",0.687109008444954,8.01563297292529,7,0.606681261048332,1.05489842527596,9
"529",0.690806046298059,8.01563297292529,7,0.616268777242684,1.05489842527596,9
"530",0.694503084399893,8.01563297292529,7,0.625856293352279,1.05489842527596,9
"531",0.698200122179427,8.01563297292529,7,0.635443809558165,1.05489842527596,9
"532",0.701897160258985,8.01563297292529,7,0.645031325664385,1.05489842527596,9
"533",0.705594198190388,8.01563297292529,7,0.654618841831275,1.05489842527596,9
"534",0.709291236168957,8.01563297292529,7,0.664206358012388,1.05489842527596,9
"535",0.712988274310879,8.01563297292529,7,0.673793874127275,1.05489842527596,9
"536",0.716685312111117,8.01563297292529,7,0.68338139030302,1.05489842527596,9
"537",0.720382350141013,8.01563297292529,7,0.692968906430354,1.05489842527596,9
"538",0.724079387965984,8.01563297292529,7,0.702556422620264,1.05489842527596,9
"539",0.727776426184395,8.01563297292529,7,0.712143938734217,1.05489842527596,9
"540",0.731473464187659,8.01563297292529,7,0.721731454876297,1.05489842527596,9
"541",0.735170501980906,8.01563297292529,7,0.731318971052936,1.05489842527596,9
"542",0.738867539977649,8.01563297292529,7,0.7409064872255,1.05489842527596,9
"543",0.742564578077102,8.01563297292529,7,0.750494003325968,1.05489842527596,9
"544",0.746261616042785,8.01563297292529,7,0.760081519503249,1.05489842527596,9
"545",0.749958654117488,8.01563297292529,7,0.769669035643482,1.05489842527596,9
"546",0.753655691939127,8.01563297292529,7,0.779256551827443,1.05489842527596,9
"547",0.757352729995419,8.01563297292529,7,0.788844067958188,1.05489842527596,9
"548",0.76104976801138,8.01563297292529,7,0.798431584101929,1.05489842527596,9
"549",0.76474680582816,8.01563297292529,7,0.808019100280668,1.05489842527596,9
"550",0.768443843836191,8.01563297292529,7,0.817606616443401,1.05489842527596,9
"551",0.772140881975968,8.01563297292529,7,0.827194132583358,1.05489842527596,9
"552",0.775837919680156,8.01563297292529,7,0.836781648744634,1.05489842527596,9
"553",0.779534957731525,8.01563297292529,7,0.846369164895857,1.05489842527596,9
"554",0.783231995788843,8.01563297292529,7,0.855956681042249,1.05489842527596,9
"555",0.786929034112448,8.01563297292529,7,0.865544197145188,1.05489842527596,9
"556",0.79062607180268,8.01563297292529,7,0.87513171335812,1.05489842527596,9
"557",0.794323109623036,8.01563297292529,7,0.884719229500861,1.05489842527596,9
"558",0.798020147687345,8.01563297292529,7,0.894306745643503,1.05489842527596,9
"559",0.801717185833354,8.01563297292529,7,0.903894261761037,1.05489842527596,9
"560",0.805414223861952,8.01563297292529,7,0.913481777941289,1.05489842527596,9
"561",0.809111261611402,8.01563297292529,7,0.923069294124128,1.05489842527596,9
"562",0.812808299691733,8.01563297292529,7,0.932656810236577,1.05489842527596,9
"563",0.816505337642856,8.01563297292529,7,0.942244326391445,1.05489842527596,9
"564",0.820202375797228,8.01563297292529,7,0.951831842529988,1.05489842527596,9
"565",0.823899413821319,8.01563297292529,7,0.961419358678347,1.05489842527596,9
"566",0.827596451515696,8.01563297292529,7,0.971006874845503,1.05489842527596,9
"567",0.831293489679713,8.01563297292529,7,0.980594390980199,1.05489842527596,9
"568",0.83499052752759,8.01563297292529,7,0.99018190715686,1.05489842527596,9
"569",0.838687565795028,8.01563297292529,7,0.999769423273219,1.05489842527596,9
"570",0.842384603473059,8.01563297292529,7,1.00935693947662,1.05489842527596,9
"571",0.846081641502838,8.01563297292529,7,1.01894445562969,1.05489842527596,9
"572",0.849778679233709,8.01563297292529,7,1.02853197178375,1.05489842527596,9
"573",0.85347571739814,8.01563297292529,7,1.03811948792315,1.05489842527596,9
"574",0.857172755428926,8.01563297292529,7,1.04770700406943,1.05489842527596,9
"575",0.860869793402965,8.01563297292529,7,1.05729452022786,1.05489842527596,9
"576",0.864566831484732,8.01563297292529,7,1.06688203636415,1.05489842527596,9
"577",0.868263869325855,8.01563297292529,7,1.07646955255322,1.05489842527596,9
"578",0.871960907413525,8.01563297292529,7,1.08605706867113,1.05489842527596,9
"579",0.875657945232304,8.01563297292529,7,1.09564458483173,1.05489842527596,9
"580",0.8793549832907,8.01563297292529,7,1.10523210098653,1.05489842527596,9
"581",0.883052021352454,8.01563297292529,7,1.11481961714311,1.05489842527596,9
"582",0.886749059288025,8.01563297292529,7,1.12440713328332,1.05489842527596,9
"583",0.890446097132509,8.01563297292529,7,1.13399464944188,1.05489842527596,9
"584",0.894143135294943,8.01563297292529,7,1.14358216559755,1.05489842527596,9
"585",0.88122474090512,8.01563297292529,7,1.1531696817448,1.05489842527596,9
"586",0.86830634671605,8.01563297292529,7,1.16275719788779,1.05489842527596,9
"587",0.855387952584646,8.01563297292529,7,1.17234471404984,1.05489842527596,9
"588",0.84246955790697,8.01563297292529,7,1.18193223020295,1.05489842527596,9
"589",0.829551163604598,8.01563297292529,7,1.19151974634868,1.05489842527596,9
"590",0.8166327692623,8.01563297292529,7,1.20110726249679,1.05489842527596,9
"591",0.803714375178052,8.01563297292529,7,1.2106947786564,1.05489842527596,9
"592",0.790795980614017,8.01563297292529,7,1.22028229480013,1.05489842527596,9
"593",0.777877586526213,8.01563297292529,7,1.22986981095665,1.05489842527596,9
"594",0.76495919221596,8.01563297292529,7,1.23945732711255,1.05489842527596,9
"595",0.752040797810985,8.01563297292529,7,1.24904484326589,1.05489842527596,9
"596",0.739122403340122,8.01563297292529,7,1.25863235941493,1.05489842527596,9
"597",0.726204009193839,8.01563297292529,7,1.26821987557113,1.05489842527596,9
"598",0.713285614659196,8.01563297292529,7,1.27780739172369,1.05489842527596,9
"599",0.700367220315592,8.01563297292529,7,1.28739490786865,1.05489842527596,9
"600",0.68744882612758,8.01563297292529,7,1.29698242402578,1.05489842527596,9
"601",0.674530431874619,8.01563297292529,7,1.30656994017669,1.05489842527596,9
"602",0.661612037132873,8.01563297292529,7,1.31615745633555,1.05489842527596,9
"603",0.648693643060885,8.01563297292529,7,1.32574497247978,1.05489842527596,9
"604",0.635775248735577,8.01563297292529,7,1.3353324886367,1.05489842527596,9
"605",0.622856854447833,8.01563297292529,7,1.34492000478757,1.05489842527596,9
"606",0.609938459974192,8.01563297292529,7,1.35450752093516,1.05489842527596,9
"607",0.597020066144985,8.01563297292529,7,1.36409503709328,1.05489842527596,9
"608",0.584101671315772,8.01563297292529,7,1.37368255324047,1.05489842527596,9
"609",0.571183276944533,8.01563297292529,7,1.38327006939263,1.05489842527596,9
"610",0.558264882845988,8.01563297292529,7,1.39285758554763,1.05489842527596,9
"611",0.545346488521012,8.01563297292529,7,1.40244510168177,1.05489842527596,9
"612",0.532428094173544,8.01563297292529,7,1.41203261785021,1.05489842527596,9
"613",0.519509700049234,8.01563297292529,7,1.42162013401469,1.05489842527596,9
"614",0.506591305571227,8.01563297292529,7,1.43120765016788,1.05489842527596,9
"615",0.49367291128579,8.01563297292529,7,1.44079516631838,1.05489842527596,9
"616",0.480754516804966,8.01563297292529,7,1.45038268245492,1.05489842527596,9
"617",0.467836122466205,8.01563297292529,7,1.45997019859273,1.05489842527596,9
"618",0.454917728237476,8.01563297292529,7,1.46955771477665,1.05489842527596,9
"619",0.441999333765922,8.01563297292529,7,1.4791452309079,1.05489842527596,9
"620",0.429080939687829,8.01563297292529,7,1.48873274706291,1.05489842527596,9
"621",0.416162545287104,8.01563297292529,7,1.49832026321237,1.05489842527596,9
"622",0.403244150929502,8.01563297292529,7,1.50790777936643,1.05489842527596,9
"623",0.390325756638315,8.01563297292529,7,1.51749529551811,1.05489842527596,9
"624",0.377407362391366,8.01563297292529,7,1.52708281168244,1.05489842527596,9
"625",0.364488968071525,8.01563297292529,7,1.5366703278156,1.05489842527596,9
"626",0.351570573761926,8.01563297292529,7,1.54625784394733,1.05489842527596,9
"627",0.338652179371953,8.01563297292529,7,1.55584536012853,1.05489842527596,9
"628",0.32573378494167,8.01563297292529,7,1.56543287628981,1.05489842527596,9
"629",0.312815390702496,8.01563297292529,7,1.5750203924144,1.05489842527596,9
"630",0.299896996331047,8.01563297292529,7,1.5846079085891,1.05489842527596,9
"631",0.286978602037394,8.01563297292529,7,1.59419542473571,1.05489842527596,9
"632",0.274060207732237,8.01563297292529,7,1.60378294090749,1.05489842527596,9
"633",0.261141813473095,8.01563297292529,7,1.61337045705036,1.05489842527596,9
"634",0.24822341907487,8.01563297292529,7,1.62295797318766,1.05489842527596,9
"635",0.235305024741219,8.01563297292529,7,1.63254548934584,1.05489842527596,9
"636",0.222386630448702,8.01563297292529,7,1.64213300553516,1.05489842527596,9
"637",0.209468236113413,8.01563297292529,7,1.65172052163563,1.05489842527596,9
"638",0.196549841799192,8.01563297292529,7,1.6613080378286,1.05489842527596,9
"639",0.18363144749743,8.01563297292529,7,1.67089555396341,1.05489842527596,9
"640",0.170713053152818,8.01563297292529,7,1.68048307012894,1.05489842527596,9
"641",0.157794658833722,8.01563297292529,7,1.69007058628361,1.05489842527596,9
"642",0.144876264481326,8.01563297292529,7,1.6996581024242,1.05489842527596,9
"643",0.13195787023949,8.01563297292529,7,1.70924561860307,1.05489842527596,9
"644",0.119039475864431,8.01563297292529,7,1.71883313471341,1.05489842527596,9
"645",0.106121081627716,8.01563297292529,7,1.72842065088886,1.05489842527596,9
"646",0.093202687250819,8.01563297292529,7,1.65527320726035,1.05489842527596,9
"647",0.0802842929202991,8.01563297292529,7,1.58212576371487,1.05489842527596,9
"648",0.0673658986263081,8.01563297292529,7,1.50897832015147,1.05489842527596,9
"649",0.0544475043127284,8.01563297292529,7,1.43583087656542,1.05489842527596,9
"650",0.0415291099421898,8.01563297292529,7,1.36268343292588,1.05489842527596,9
"651",0.0286107156175806,8.01563297292529,7,1.28953598938881,1.05489842527596,9
"652",0.0156923213181744,8.01563297292529,7,1.21638854581347,1.05489842527596,9
"653",0.00277392699855278,8.01563297292529,7,1.14324110221464,1.05489842527596,9
"654",-0.0101444673015503,8.01563297292529,7,1.07009365861006,1.05489842527596,9
"655",-0.023062861618215,8.01563297292529,7,0.996946215054597,1.05489842527596,9
"656",-0.0359812559603076,8.01563297292529,7,0.923798771449578,1.05489842527596,9
"657",-0.0488996502863618,8.01563297292529,7,0.850651327884534,1.05489842527596,9
"658",-0.0618180446666059,8.01563297292529,7,0.777503884323909,1.05489842527596,9
"659",-0.0747364389167531,8.01563297292529,7,0.70435644070986,1.05489842527596,9
"660",-0.0876548332904605,8.01563297292529,7,0.63120899714341,1.05489842527596,9
"661",-0.10057322755918,8.01563297292529,7,0.558061553556941,1.05489842527596,9
"662",-0.113491621846312,8.01563297292529,7,0.484914109969173,1.05489842527596,9
"663",-0.126410016240945,8.01563297292529,7,0.411766666408566,1.05489842527596,9
"664",-0.139328410569985,8.01563297292529,7,0.338619222817585,1.05489842527596,9
"665",-0.1522468048414,8.01563297292529,7,0.265471779245381,1.05489842527596,9
"666",-0.165165199096994,8.01563297292529,7,0.192324335631723,1.05489842527596,9
"667",-0.178083593309838,8.01563297292529,7,0.119176892045435,1.05489842527596,9
"668",-0.191001987837775,8.01563297292529,7,0.0460294484887762,1.05489842527596,9
"669",-0.203920382134017,8.01563297292529,7,-0.027117995104934,1.05489842527596,9
"670",-0.216838776648994,8.01563297292529,7,-0.100265438677319,1.05489842527596,9
"671",-0.229757170776376,8.01563297292529,7,-0.173412882266765,1.05489842527596,9
"672",-0.242675565032889,8.01563297292529,7,-0.246560325857591,1.05489842527596,9
"673",-0.255593959485168,8.01563297292529,7,-0.319707769435522,1.05489842527596,9
"674",-0.268512353855514,8.01563297292529,7,-0.392855213014512,1.05489842527596,9
"675",-0.281430748276871,8.01563297292529,7,-0.466002656601356,1.05489842527596,9
"676",-0.294349142204133,8.01563297292529,7,-0.539150100176096,1.05489842527596,9
"677",-0.307267536696078,8.01563297292529,7,-0.61229754376247,1.05489842527596,9
"678",-0.320185931049601,8.01563297292529,7,-0.685444987346652,1.05489842527596,9
"679",-0.333104325409175,8.01563297292529,7,-0.758592430934477,1.05489842527596,9
"680",-0.346022719723366,8.01563297292529,7,-0.831739874517133,1.05489842527596,9
"681",-0.35894111387535,8.01563297292529,7,-0.90488731809151,1.05489842527596,9
"682",-0.371859508518546,8.01563297292529,7,-0.978034761686543,1.05489842527596,9
"683",-0.384777902847886,8.01563297292529,7,-1.05118220526468,1.05489842527596,9
"684",-0.397696296982311,8.01563297292529,7,-1.12432964884721,1.05489842527596,9
"685",-0.410614691299705,8.01563297292529,7,-1.19747709243586,1.05489842527596,9
"686",-0.423533085561619,8.01563297292529,7,-1.27062453600189,1.05489842527596,9
"687",-0.436451479721877,8.01563297292529,7,-1.34377197957356,1.05489842527596,9
"688",-0.449369874248951,8.01563297292529,7,-1.41691942317927,1.05489842527596,9
"689",-0.46228826851395,8.01563297292529,7,-1.4900668667529,1.05489842527596,9
"690",-0.475206663089106,8.01563297292529,7,-1.56321431035325,1.05489842527596,9
"691",-0.488125057374544,8.01563297292529,7,-1.63636175392379,1.05489842527596,9
"692",-0.501043451580287,8.01563297292529,7,-1.70950919752384,1.05489842527596,9
"693",-0.513961845779329,8.01563297292529,7,-1.78265664109694,1.05489842527596,9
"694",-0.52688024019564,8.01563297292529,7,-1.85580408466756,1.05489842527596,9
"695",-0.539798634405277,8.01563297292529,7,-1.92895152824991,1.05489842527596,9
"696",-0.535375516468296,8.01563297292529,7,-2.0020989718209,1.05489842527596,9
"697",-0.520169919846991,8.01563297292529,7,-2.07524641545449,1.05489842527596,9
"698",-0.504964323404547,8.01563297292529,7,-2.14839385900273,1.05489842527596,9
"699",-0.489758726388885,8.01563297292529,7,-2.22154130259756,1.05489842527596,9
"700",-0.474553129884262,8.01563297292529,7,-2.29468874616603,1.05489842527596,9
"701",-0.459347533308274,8.01563297292529,7,-2.36783618974785,1.05489842527596,9
"702",-0.444141936766418,8.01563297292529,7,-2.44098363336793,1.05489842527596,9
"703",-0.428936340017576,8.01563297292529,7,-2.51413107691567,1.05489842527596,9
"704",-0.413730743327955,8.01563297292529,7,-2.58727852050032,1.05489842527596,9
"705",-0.398525146698183,8.01563297292529,7,-2.50794873019053,1.05489842527596,9
"706",-0.383319550144179,8.01563297292529,7,-2.42861893987145,1.05489842527596,9
"707",-0.368113953360757,8.01563297292529,7,-2.34928914954634,1.05489842527596,9
"708",-0.352908356873828,8.01563297292529,7,-2.2699593592661,1.05489842527596,9
"709",-0.337702759919283,8.01563297292529,7,-2.19062956891786,1.05489842527596,9
"710",-0.322497163486877,8.01563297292529,7,-2.11129977861746,1.05489842527596,9
"711",-0.307291566869424,8.01563297292529,7,-2.03196998829236,1.05489842527596,9
"712",-0.292085970056905,8.01563297292529,7,-1.95264019797808,1.05489842527596,9
"713",-0.276880373503262,8.01563297292529,7,-1.87331040767349,1.05489842527596,9
"714",-0.261674776818539,8.01563297292529,7,-1.7939806173614,1.05489842527596,9
"715",-0.246469180109037,8.01563297292529,7,-1.71465082703294,1.05489842527596,9
"716",-0.231263583493172,8.01563297292529,7,-1.63532103671338,1.05489842527596,9
"717",-0.216057986782879,8.01563297292529,7,-1.55599124639869,1.05489842527596,9
"718",-0.200852390068304,8.01563297292529,7,-1.47666145606851,1.05489842527596,9
"719",-0.185646793392271,8.01563297292529,7,-1.39733166575886,1.05489842527596,9
"720",-0.17044119670117,8.01563297292529,7,-1.31800187543546,1.05489842527596,9
"721",-0.155235600132033,8.01563297292529,7,-1.23867208513003,1.05489842527596,9
"722",-0.140030003504207,8.01563297292529,7,-1.15934229482422,1.05489842527596,9
"723",-0.124824406932742,8.01563297292529,7,-1.08001250451826,1.05489842527596,9
"724",-0.109618810109005,8.01563297292529,7,-1.00068271416516,1.05489842527596,9
"725",-0.0944132136031836,8.01563297292529,7,-0.921352923886673,1.05489842527596,9
"726",-0.0792076167311511,8.01563297292529,7,-0.842023133519592,1.05489842527596,9
"727",-0.0640020200839131,8.01563297292529,7,-0.762693343212013,1.05489842527596,9
"728",-0.0487964234058619,8.01563297292529,7,-0.683363552890169,1.05489842527596,9
"729",-0.0335908268140612,8.01563297292529,7,-0.604033762587657,1.05489842527596,9
"730",-0.0183852302166937,8.01563297292529,7,-0.524703972282148,1.05489842527596,9
"731",-0.00317963352729675,8.01563297292529,7,-0.445374181938729,1.05489842527596,9
"732",0.0120259631652259,8.01563297292529,7,-0.366044391632985,1.05489842527596,9
"733",0.0272315597851649,8.01563297292529,7,-0.286714601342906,1.05489842527596,9
"734",0.0424371564829696,8.01563297292529,7,-0.207384810991803,1.05489842527596,9
"735",0.0576427531453601,8.01563297292529,7,-0.128055020693869,1.05489842527596,9
"736",0.0728483497977304,8.01563297292529,7,-0.0487252303757569,1.05489842527596,9
"737",0.0880539464143193,8.01563297292529,7,0.0306045599203661,1.05489842527596,9
"738",0.103259543087056,8.01563297292529,7,0.109934350263419,1.05489842527596,9
"739",0.118465139709247,8.01563297292529,7,0.189264140584339,1.05489842527596,9
"740",0.133670736425791,8.01563297292529,7,0.268593930893601,1.05489842527596,9
"741",0.148876333079976,8.01563297292529,7,0.347923721210688,1.05489842527596,9
"742",0.164081929701811,8.01563297292529,7,0.427253511535649,1.05489842527596,9
"743",0.179287526360331,8.01563297292529,7,0.506583301843585,1.05489842527596,9
"744",0.194493123178284,8.01563297292529,7,0.585913092162425,1.05489842527596,9
"745",0.209698719491975,8.01563297292529,7,0.665242882484495,1.05489842527596,9
"746",0.22490431629256,8.01563297292529,7,0.744572672797702,1.05489842527596,9
"747",0.240109913009452,8.01563297292529,7,0.82390246311213,1.05489842527596,9
"748",0.25531550975154,8.01563297292529,7,0.903232253436048,1.05489842527596,9
"749",0.270521106211654,8.01563297292529,7,0.982562043742124,1.05489842527596,9
"750",0.285726703185266,8.01563297292529,7,1.06189183407723,1.05489842527596,9
"751",0.300932299883623,8.01563297292529,7,1.14122162439686,1.05489842527596,9
"752",0.31613789637453,8.01563297292529,7,1.22055141470614,1.05489842527596,9
"753",0.331343493175982,8.01563297292529,7,1.29988120504059,1.05489842527596,9
"754",0.346549089770276,8.01563297292529,7,1.37921099534594,1.05489842527596,9
"755",0.361754686462271,8.01563297292529,7,1.45854078566595,1.05489842527596,9
"756",0.376960283141381,8.01563297292529,7,1.53787057597933,1.05489842527596,9
"757",0.392165879629549,8.01563297292529,7,1.61720036627536,1.05489842527596,9
"758",0.407371476425717,8.01563297292529,7,1.69653015661812,1.05489842527596,9
"759",0.422577072868601,8.01563297292529,7,1.7758599469084,1.05489842527596,9
"760",0.437782669787194,8.01563297292529,7,1.85518973724825,1.05489842527596,9
"761",0.452988266390916,8.01563297292529,7,1.93451952752891,1.05489842527596,9
"762",0.46819386293964,8.01563297292529,7,2.01384931784545,1.05489842527596,9
"763",0.483399459624713,8.01563297292529,7,2.09317910819567,1.05489842527596,9
"764",0.498605056367923,8.01563297292529,7,2.17250889852754,1.05489842527596,9
"765",0.513810653022948,8.01563297292529,7,2.2518386888247,1.05489842527596,9
"766",0.529016249643114,8.01563297292529,7,2.12127637925125,1.05489842527596,9
"767",0.544221846593074,8.01563297292529,7,1.99071406970135,1.05489842527596,9
"768",0.541342365777124,8.01563297292529,7,1.86015176011982,1.05489842527596,9
"769",0.538462885290903,8.01563297292529,7,1.72958945061311,1.05489842527596,9
"770",0.535583404434303,8.01563297292529,7,1.59902714098686,1.05489842527596,9
"771",0.532703923565186,8.01563297292529,7,1.46846483142099,1.05489842527596,9
"772",0.529824443097311,8.01563297292529,7,1.33790252188855,1.05489842527596,9
"773",0.526944962238529,8.01563297292529,7,1.20734021229409,1.05489842527596,9
"774",0.524065481768387,8.01563297292529,7,1.07677790275114,1.05489842527596,9
"775",0.521186001081532,8.01563297292529,7,0.946215593185409,1.05489842527596,9
"776",0.518306520112433,8.01563297292529,7,0.815653283598371,1.05489842527596,9
"777",0.515427039474433,8.01563297292529,7,0.685090974055539,1.05489842527596,9
"778",0.512547559145664,8.01563297292529,7,0.554528664502364,1.05489842527596,9
"779",0.50966807815681,8.01563297292529,7,0.423966354922072,1.05489842527596,9
"780",0.506788597596563,8.01563297292529,7,0.293404045367094,1.05489842527596,9
"781",0.503909116961647,8.01563297292529,7,0.162841735798914,1.05489842527596,9
"782",0.501029636539984,8.01563297292529,7,0.0322794262361226,1.05489842527596,9
"783",0.498150155512821,8.01563297292529,7,-0.0982828833351877,1.05489842527596,9
"784",0.495270674901101,8.01563297292529,7,-0.228845192898571,1.05489842527596,9
"785",0.492391194284624,8.01563297292529,7,-0.359407502458827,1.05489842527596,9
"786",0.489511713653694,8.01563297292529,7,-0.48996981202113,1.05489842527596,9
"787",0.486632232955812,8.01563297292529,7,-0.620532121589114,1.05489842527596,9
"788",0.483752752196287,8.01563297292529,7,-0.751094431153892,1.05489842527596,9
"789",0.480873271606388,8.01563297292529,7,-0.881656740730062,1.05489842527596,9
"790",0.477993790962433,8.01563297292529,7,-1.01221905029021,1.05489842527596,9
"791",0.475114310338699,8.01563297292529,7,-1.14278135986999,1.05489842527596,9
"792",0.472234829573324,8.01563297292529,7,-1.27334366941405,1.05489842527596,9
"793",0.469355348968119,8.01563297292529,7,-1.40390597899702,1.05489842527596,9
"794",0.466475868292516,8.01563297292529,7,-1.53446828856629,1.05489842527596,9
"795",0.463596387545325,8.01563297292529,7,-1.66503059810169,1.05489842527596,9
"796",0.460716906965084,8.01563297292529,7,-1.79559290770757,1.05489842527596,9
"797",0.457837426216511,8.01563297292529,7,-1.92615521723943,1.05489842527596,9
"798",0.454957945597797,8.01563297292529,7,-2.05671752681074,1.05489842527596,9
"799",0.452078464870573,8.01563297292529,7,-2.18727983637449,1.05489842527596,9
"800",0.449198984221057,8.01563297292529,7,-2.31784214594715,1.05489842527596,9
"801",0.446319503631758,8.01563297292529,7,-2.44840445552209,1.05489842527596,9
"802",0.443440022937383,8.01563297292529,7,-2.57896676506803,1.05489842527596,9
"803",0.440560542281792,8.01563297292529,7,-2.70952907465435,1.05489842527596,9
"804",0.437681061594,8.01563297292529,7,-2.84009138419998,1.05489842527596,9
"805",0.434801580965892,8.01563297292529,7,-2.97065369378581,1.05489842527596,9
"806",0.431922100230269,8.01563297292529,7,-3.10121600330947,1.05489842527596,9
"807",0.429042619576579,8.01563297292529,7,-3.2317783128462,1.05489842527596,9
"808",0.426163138901579,8.01563297292529,7,-3.3623406224271,1.05489842527596,9
"809",0.423283658260486,8.01563297292529,7,-3.49290293202016,1.05489842527596,9
"810",0.420404177578931,8.01563297292529,7,-3.62346524154892,1.05489842527596,9
"811",0.417524696920383,8.01563297292529,7,-3.75402755114845,1.05489842527596,9
"812",0.414645216257855,8.01563297292529,7,-3.88458986069625,1.05489842527596,9
"813",0.411765735587933,8.01563297292529,7,-4.01515217027229,1.05489842527596,9
"814",0.408886254952887,8.01563297292529,7,-4.14571447985427,1.05489842527596,9
"815",0.406006774241979,8.01563297292529,7,-4.2762767894036,1.05489842527596,9
"816",0.403127293614682,8.01563297292529,7,-4.40683909893705,1.05489842527596,9
"817",0.40024781294658,8.01563297292529,7,-4.53740140855202,1.05489842527596,9
"818",0.397368332266105,8.01563297292529,7,-4.51274161828463,1.05489842527596,9
"819",0.394488851584424,8.01563297292529,7,-4.48808182799468,1.05489842527596,9
"820",0.391609370899699,8.01563297292529,7,-4.46342203773285,1.05489842527596,9
"821",0.388729890296681,8.01563297292529,7,-4.43876224748545,1.05489842527596,9
"822",0.385850409625606,8.01563297292529,7,-4.41410245723132,1.05489842527596,9
"823",0.382970928929167,8.01563297292529,7,-4.38944266697054,1.05489842527596,9
"824",0.380091448268655,8.01563297292529,7,-4.3647828766721,1.05489842527596,9
"825",0.377211967639233,8.01563297292529,7,-4.34012308642785,1.05489842527596,9
"826",0.3743324869553,8.01563297292529,7,-4.31546329616194,1.05489842527596,9
"827",0.37145300621217,8.01563297292529,7,-4.29080350588451,1.05489842527596,9
"828",0.36857352565152,8.01563297292529,7,-4.26614371563268,1.05489842527596,9
"829",0.365694044884481,8.01563297292529,7,-4.24148392535459,1.05489842527596,9
"830",0.36281456423121,8.01563297292529,7,-4.21682413511038,1.05489842527596,9
"831",0.359935083438717,8.01563297292529,7,-4.19216434484491,1.05489842527596,9
"832",0.357055603012776,8.01563297292529,7,-4.16750455458936,1.05489842527596,9
"833",0.354176122196883,8.01563297292529,7,-4.14284476430357,1.05489842527596,9
"834",0.351296641567785,8.01563297292529,7,-4.11818497407254,1.05489842527596,9
"835",0.348417160875438,8.01563297292529,7,-4.09352518377418,1.05489842527596,9
"836",0.34553768034585,8.01563297292529,7,-4.06886539353495,1.05489842527596,9
"837",0.342658199684672,8.01563297292529,7,-4.04420560326948,1.05489842527596,9
"838",0.339778719018129,8.01563297292529,7,-4.01954581298638,1.05489842527596,9
"839",0.336899238358953,8.01563297292529,7,-3.99488602272913,1.05489842527596,9
"840",0.334019757484422,8.01563297292529,7,-3.97022623245536,1.05489842527596,9
"841",0.331140276847738,8.01563297292529,7,-3.94556644222285,1.05489842527596,9
"842",0.328260796210497,8.01563297292529,7,-3.9209066519389,1.05489842527596,9
"843",0.325381315723344,8.01563297292529,7,-3.89624686166443,1.05489842527596,9
"844",0.322501834967545,8.01563297292529,7,-3.87158707141096,1.05489842527596,9
"845",0.319622354273169,8.01563297292529,7,-3.84692728115175,1.05489842527596,9
"846",0.316742873584544,8.01563297292529,7,-3.8222674908996,1.05489842527596,9
"847",0.313863392871535,8.01563297292529,7,-3.79760770063855,1.05489842527596,9
"848",0.310983912325459,8.01563297292529,7,-3.77294791037104,1.05489842527596,9
"849",0.308104431613409,8.01563297292529,7,-3.74828812007825,1.05489842527596,9
"850",0.30522495099912,8.01563297292529,7,-3.72362832982301,1.05489842527596,9
"851",0.302345470258579,8.01563297292529,7,-3.69896853956413,1.05489842527596,9
"852",0.299465989596935,8.01563297292529,7,-3.67430874931492,1.05489842527596,9
"853",0.296586508914225,8.01563297292529,7,-3.64964895904897,1.05489842527596,9
"854",0.293707028376221,8.01563297292529,7,-3.62498916876461,1.05489842527596,9
"855",0.290827547471757,8.01563297292529,7,-3.60032937852422,1.05489842527596,9
"856",0.287948066896254,8.01563297292529,7,-3.57566958827164,1.05489842527596,9
"857",0.285068586126672,8.01563297292529,7,-3.55100979798324,1.05489842527596,9
"858",0.282189105502711,8.01563297292529,7,-3.52635000773223,1.05489842527596,9
"859",0.279309624759579,8.01563297292529,7,-3.50169021745167,1.05489842527596,9
"860",0.276430144096763,8.01563297292529,7,-3.47703042720031,1.05489842527596,9
"861",0.273550663394987,8.01563297292529,7,-3.45237063692276,1.05489842527596,9
"862",0.270671183103491,8.01563297292529,7,-3.4277108466587,1.05489842527596,9
"863",0.26779170233834,8.01563297292529,7,-3.40305105638622,1.05489842527596,9
"864",0.264912221399734,8.01563297292529,7,-3.37839126614909,1.05489842527596,9
"865",0.262032740821378,8.01563297292529,7,-3.3537314758639,1.05489842527596,9
"866",0.259153260101989,8.01563297292529,7,-3.32907168562104,1.05489842527596,9
"867",0.256273779436435,8.01563297292529,7,-3.30441189533903,1.05489842527596,9
"868",0.253394298835034,8.01563297292529,7,-3.27975210508576,1.05489842527596,9
"869",0.250514818274945,8.01563297292529,7,-3.25509231481612,1.05489842527596,9
"870",0.247635337637764,8.01563297292529,7,-3.23043252454812,1.05489842527596,9
"871",0.24475585698763,8.01563297292529,7,-3.20577273429155,1.05489842527596,9
"872",0.241876376117188,8.01563297292529,7,-3.18111294402513,1.05489842527596,9
"873",0.238996895462611,8.01563297292529,7,-3.1564531537638,1.05489842527596,9
"874",0.23611741486288,8.01563297292529,7,-3.1317933635044,1.05489842527596,9
"875",0.233237934124005,8.01563297292529,7,-3.10713357324127,1.05489842527596,9
"876",0.230358453566384,8.01563297292529,7,-3.08247378297416,1.05489842527596,9
"877",0.22747897297161,8.01563297292529,7,-3.05781399271191,1.05489842527596,9
"878",0.224599492242994,8.01563297292529,7,-3.03315420244596,1.05489842527596,9
"879",0.221720011493958,8.01563297292529,7,-3.00849441217814,1.05489842527596,9
"880",0.218840530896306,8.01563297292529,7,-2.98383462191372,1.05489842527596,9
"881",0.215961050297679,8.01563297292529,7,-2.95917483165221,1.05489842527596,9
"882",0.213081569522033,8.01563297292529,7,-2.93451504138598,1.05489842527596,9
"883",0.210202088903684,8.01563297292529,7,-2.90985525112122,1.05489842527596,9
"884",0.207322608089564,8.01563297292529,7,-2.88519546086418,1.05489842527596,9
"885",0.204443127686067,8.01563297292529,7,-2.86053567059982,1.05489842527596,9
"886",0.201563646850776,8.01563297292529,7,-2.83587588033617,1.05489842527596,9
"887",0.198684166333217,8.01563297292529,7,-2.81121609006628,1.05489842527596,9
"888",0.195804685504877,8.01563297292529,7,-2.78655629981033,1.05489842527596,9
"889",0.192925204863895,8.01563297292529,7,-2.76189650954422,1.05489842527596,9
"890",0.190045724117765,8.01563297292529,7,-2.73723671928075,1.05489842527596,9
"891",0.187166243324315,8.01563297292529,7,-2.71257692901829,1.05489842527596,9
"892",0.184286762662749,8.01563297292529,7,-2.68791713875006,1.05489842527596,9
"893",0.181407282203248,8.01563297292529,7,-2.66325734849051,1.05489842527596,9
"894",0.178527801470265,8.01563297292529,7,-2.63859755822894,1.05489842527596,9
"895",0.175648320610603,8.01563297292529,7,-2.61393776795852,1.05489842527596,9
"896",0.172768840102071,8.01563297292529,7,-2.58927797769317,1.05489842527596,9
"897",0.169889359464331,8.01563297292529,7,-2.56461818743337,1.05489842527596,9
"898",0.167009878921084,8.01563297292529,7,-2.53995839716525,1.05489842527596,9
"899",0.164130398523236,8.01563297292529,7,-2.51529860690515,1.05489842527596,9
"900",0.161250917337972,8.01563297292529,7,-2.49063881663935,1.05489842527596,9
"901",0.158371436791216,8.01563297292529,7,-2.46597902637967,1.05489842527596,9
"902",0.155491956014784,8.01563297292529,7,-2.44131923611275,1.05489842527596,9
"903",0.152612475527789,8.01563297292529,7,-2.41665944584944,1.05489842527596,9
"904",0.149732994934881,8.01563297292529,7,-2.39199965558729,1.05489842527596,9
"905",0.146853514406161,8.01563297292529,7,-2.36733986532225,1.05489842527596,9
"906",0.143974033339373,8.01563297292529,7,-2.34268007505964,1.05489842527596,9
"907",0.14109455301725,8.01563297292529,7,-2.3180202847947,1.05489842527596,9
"908",0.138215072069382,8.01563297292529,7,-2.29336049452999,1.05489842527596,9
"909",0.135335591433478,8.01563297292529,7,-2.26870070426974,1.05489842527596,9
"910",0.132456110952709,8.01563297292529,7,-2.24404091400352,1.05489842527596,9
"911",0.129576629840096,8.01563297292529,7,-2.21938112373994,1.05489842527596,9
"912",0.126697149454862,8.01563297292529,7,-2.19472133347533,1.05489842527596,9
"913",0.123817668722207,8.01563297292529,7,-2.17006154321517,1.05489842527596,9
"914",0.120938188197192,8.01563297292529,7,-2.1454017529488,1.05489842527596,9
"915",0.118058707359017,8.01563297292529,7,-2.12074196268366,1.05489842527596,9
"916",0.115179226806033,8.01563297292529,7,-2.09608217242058,1.05489842527596,9
"917",0.112299745870276,8.01563297292529,7,-2.07142238215688,1.05489842527596,9
"918",0.10942026537796,8.01563297292529,7,-2.04676259189175,1.05489842527596,9
"919",0.106540784620664,8.01563297292529,7,-2.02210280163192,1.05489842527596,9
"920",0.10366130374586,8.01563297292529,7,-1.99744301136081,1.05489842527596,9
"921",0.100781823472524,8.01563297292529,7,-1.97278322109896,1.05489842527596,9
"922",0.0979023429935728,8.01563297292529,7,-1.94812343084108,1.05489842527596,9
"923",0.0950228616617096,8.01563297292529,7,-1.92346364057267,1.05489842527596,9
"924",0.0921433813458728,8.01563297292529,7,-1.8988038503125,1.05489842527596,9
"925",0.0892639008713182,8.01563297292529,7,-1.87414406004744,1.05489842527596,9
"926",0.0863844201894149,8.01563297292529,7,-1.84948426978986,1.05489842527596,9
"927",0.0835049396708311,8.01563297292529,7,-1.82482447952068,1.05489842527596,9
"928",0.0806254587947443,8.01563297292529,7,-1.80016468925934,1.05489842527596,9
"929",0.0777459782021552,8.01563297292529,7,-1.7755048989926,1.05489842527596,9
"930",0.0748664975020227,8.01563297292529,7,-1.75084510872399,1.05489842527596,9
"931",0.0719870168015537,8.01563297292529,7,-1.72618531845912,1.05489842527596,9
"932",0.0691075360024796,8.01563297292529,7,-1.70152552820031,1.05489842527596,9
"933",0.0662280552877527,8.01563297292529,7,-1.67686573793388,1.05489842527596,9
"934",0.0633485747202752,8.01563297292529,7,-1.6522059476794,1.05489842527596,9
"935",0.0604690942364482,8.01563297292529,7,-1.62754615740634,1.05489842527596,9
"936",0.0575896132346619,8.01563297292529,7,-1.6028863671459,1.05489842527596,9
"937",0.0547101326562329,8.01563297292529,7,-1.57822657688379,1.05489842527596,9
"938",0.0518306521090863,8.01563297292529,7,-1.55356678662189,1.05489842527596,9
"939",0.0489511714082626,8.01563297292529,7,-1.5289069963544,1.05489842527596,9
"940",0.0460716906145642,8.01563297292529,7,-1.50424720609175,1.05489842527596,9
"941",0.0431922101466965,8.01563297292529,7,-1.47958741582284,1.05489842527596,9
"942",0.0403127293174262,8.01563297292529,7,-1.4549276255675,1.05489842527596,9
"943",0.037433248737897,8.01563297292529,7,-1.43026783529907,1.05489842527596,9
"944",0.0345537678752099,8.01563297292529,7,-1.40560804502744,1.05489842527596,9
"945",0.0316742873054725,8.01563297292529,7,-1.38094825477017,1.05489842527596,9
"946",0.0287948066703454,8.01563297292529,7,-1.35628846451624,1.05489842527596,9
"947",0.0259153262693174,8.01563297292529,7,-1.33162867424256,1.05489842527596,9
"948",0.0230358452773038,8.01563297292529,7,-1.30696888398877,1.05489842527596,9
"949",0.0201563647228163,8.01563297292529,7,-1.28230909370972,1.05489842527596,9
"950",0.0172768841246618,8.01563297292529,7,-1.25764930345971,1.05489842527596,9
"951",0.0143974032523781,8.01563297292529,7,-1.23298951318196,1.05489842527596,9
"952",0.0115179227157029,8.01563297292529,7,-1.20832972293827,1.05489842527596,9
"953",0.00863844199913537,8.01563297292529,7,-1.18366993264977,1.05489842527596,9
"954",0.00575896130578693,8.01563297292529,7,-1.15901014240347,1.05489842527596,9
"955",0.00287948050822204,8.01563297292529,7,-1.1343503521437,1.05489842527596,9
"956",2.55718240670877e-11,8.01563297292529,7,-1.10969056186085,1.05489842527596,9
"957",5.90616460247584e-11,8.01563297292529,7,-1.08503077161823,1.05489842527596,9
"958",-1.77767444472146e-11,8.01563297292529,7,-1.06037098133472,1.05489842527596,9
"959",-6.8467667195518e-12,8.01563297292529,7,-1.03571119106841,1.05489842527596,9
"960",1.00723532253984e-10,8.01563297292529,7,-1.01105140080838,1.05489842527596,9
"961",-3.36544647982056e-11,8.01563297292529,7,-0.986391610553578,1.05489842527596,9
"962",-5.27036157795702e-11,8.01563297292529,7,-0.961731820271838,1.05489842527596,9
"963",4.41707058779435e-11,8.01563297292529,7,-0.937072030023259,1.05489842527596,9
"964",4.22152528250682e-11,8.01563297292529,7,-0.912412239766249,1.05489842527596,9
"965",-3.70048404801079e-11,8.01563297292529,7,-0.887752449487458,1.05489842527596,9
"966",5.53998189581252e-11,8.01563297292529,7,-0.863092659242411,1.05489842527596,9
"967",-1.73428282598349e-11,8.01563297292529,7,-0.838432868962843,1.05489842527596,9
"968",-1.66232933390261e-11,8.01563297292529,7,-0.813773078701876,1.05489842527596,9
"969",-7.4372001753616e-11,8.01563297292529,7,-0.789113288433552,1.05489842527596,9
"970",7.93985205213484e-11,8.01563297292529,7,-0.764453498179398,1.05489842527596,9
"971",2.02064698356205e-11,8.01563297292529,7,-0.73979370789726,1.05489842527596,9
"972",-3.53863170156557e-12,8.01563297292529,7,-0.715133917641875,1.05489842527596,9
"973",-1.02469113482257e-10,8.01563297292529,7,-0.690474127374728,1.05489842527596,9
"974",-3.24060061363913e-11,8.01563297292529,7,-0.665814337106288,1.05489842527596,9
"975",-7.5269646186801e-11,8.01563297292529,7,-0.641154546863081,1.05489842527596,9
"976",1.52389852686865e-10,8.01563297292529,7,-0.616494756613117,1.05489842527596,9
"977",3.96561252117593e-11,8.01563297292529,7,-0.591834966337763,1.05489842527596,9
"978",-3.42590098152163e-11,8.01563297292529,7,-0.567175176058014,1.05489842527596,9
"979",9.3201138659032e-11,8.01563297292529,7,-0.542515385808964,1.05489842527596,9
"980",-3.20072477228611e-11,8.01563297292529,7,-0.517855595556087,1.05489842527596,9
"981",2.022153441835e-11,8.01563297292529,7,-0.493195805274443,1.05489842527596,9
"982",2.14927294675914e-12,8.01563297292529,7,-0.468536015020018,1.05489842527596,9
"983",-1.09553869432835e-10,8.01563297292529,7,-0.443876224728517,1.05489842527596,9
"984",8.30890530301517e-12,8.01563297292529,7,-0.419216434492992,1.05489842527596,9
"985",1.05967369769041e-11,8.01563297292529,7,-0.394556644196874,1.05489842527596,9
"986",-1.03678146360113e-10,8.01563297292529,7,-0.369896853947492,1.05489842527596,9
"987",-6.04806139886282e-11,8.01563297292529,7,-0.345237063682521,1.05489842527596,9
"988",-1.55670041117735e-11,8.01563297292529,7,-0.320577273434071,1.05489842527596,9
"989",2.0897175433321e-11,8.01563297292529,7,-0.29591748317613,1.05489842527596,9
"990",-5.76909744818456e-11,8.01563297292529,7,-0.271257692867623,1.05489842527596,9
"991",-5.34534182726044e-12,8.01563297292529,7,-0.246597902670635,1.05489842527596,9
"992",-5.10694247601319e-11,8.01563297292529,7,-0.221938112377849,1.05489842527596,9
"993",-1.03941554693818e-11,8.01563297292529,7,-0.197278322114243,1.05489842527596,9
"994",-3.12845681534627e-11,8.01563297292529,7,-0.172618531864016,1.05489842527596,9
"995",1.13125342963364e-10,8.01563297292529,7,-0.147958741620777,1.05489842527596,9
"996",5.01687112440209e-11,8.01563297292529,7,-0.123298951305728,1.05489842527596,9
"997",-6.32034389115566e-11,8.01563297292529,7,-0.0986391610388851,1.05489842527596,9
"998",5.8798463959498e-11,8.01563297292529,7,-0.0739793708232324,1.05489842527596,9
"999",1.12615259280693e-10,8.01563297292529,7,-0.0493195805267734,1.05489842527596,9
"1000",-6.34976854365585e-11,8.01563297292529,7,-0.0246597902832908,1.05489842527596,9
