"","coef_D1_std_1se.233.018","coef_D1_std_1se.233.018444103526","coef_D1_std_1se.3","coef_D1_std_cv.1.857","coef_D1_std_cv.1.85733365338613","coef_D1_std_cv.12"
"1",-0.00509860166448339,233.018444103526,3,-0.0119162661517565,1.85733365338613,12
"2",-0.00509860165284411,233.018444103526,3,-0.0119162661508472,1.85733365338613,12
"3",-0.0050986015952684,233.018444103526,3,-0.0119162661507286,1.85733365338613,12
"4",-0.00509860175796087,233.018444103526,3,-0.011916266152804,1.85733365338613,12
"5",-0.00509860132074862,233.018444103526,3,-0.0119162661440758,1.85733365338613,12
"6",-0.00509860169326653,233.018444103526,3,-0.011916266155044,1.85733365338613,12
"7",-0.00509860150918805,233.018444103526,3,-0.0119162661445232,1.85733365338613,12
"8",-0.00509860134197958,233.018444103526,3,-0.0119162661421259,1.85733365338613,12
"9",-0.00509860122348004,233.018444103526,3,-0.011916266144702,1.85733365338613,12
"10",-0.00509860145418452,233.018444103526,3,-0.0119162661508339,1.85733365338613,12
"11",-0.00509860195774838,233.018444103526,3,-0.0119162661650131,1.85733365338613,12
"12",-0.00509860113312806,233.018444103526,3,-0.0119162661376695,1.85733365338613,12
"13",-0.00509860113271952,233.018444103526,3,-0.0119162661406415,1.85733365338613,12
"14",-0.00509860116861334,233.018444103526,3,-0.011916266135629,1.85733365338613,12
"15",-0.00509860234975838,233.018444103526,3,-0.0119162661751964,1.85733365338613,12
"16",-0.0050986012803965,233.018444103526,3,-0.0119162661424388,1.85733365338613,12
"17",-0.0050986015262487,233.018444103526,3,-0.0119162661494057,1.85733365338613,12
"18",-0.00509860154121033,233.018444103526,3,-0.0119162661500851,1.85733365338613,12
"19",-0.0050986007908817,233.018444103526,3,-0.0119162661320393,1.85733365338613,12
"20",-0.00509860140440538,233.018444103526,3,-0.0119162661479603,1.85733365338613,12
"21",-0.00509860083013288,233.018444103526,3,-0.011916266132829,1.85733365338613,12
"22",-0.00509860102884585,233.018444103526,3,-0.0119162661369243,1.85733365338613,12
"23",-0.00509860178662199,233.018444103526,3,-0.0119162661572797,1.85733365338613,12
"24",-0.00509860227110307,233.018444103526,3,-0.0119162661659028,1.85733365338613,12
"25",-0.00509860108090741,233.018444103526,3,-0.0119162661397386,1.85733365338613,12
"26",-0.00509860153198932,233.018444103526,3,-0.0119162661521121,1.85733365338613,12
"27",-0.00509860137615732,233.018444103526,3,-0.0119162661442825,1.85733365338613,12
"28",-0.00509860081599831,233.018444103526,3,-0.0119162661338052,1.85733365338613,12
"29",-0.00509860170432943,233.018444103526,3,-0.0119162661558534,1.85733365338613,12
"30",-0.00509860116726555,233.018444103526,3,-0.0119162661413234,1.85733365338613,12
"31",-0.00509860173235744,233.018444103526,3,-0.0119162661563283,1.85733365338613,12
"32",-0.00509860121865387,233.018444103526,3,-0.0119162661401053,1.85733365338613,12
"33",-0.00509860267868139,233.018444103526,3,-0.0119162661803955,1.85733365338613,12
"34",-0.00509859976583595,233.018444103526,3,-0.0119162661070075,1.85733365338613,12
"35",-0.0050986010377795,233.018444103526,3,-0.0119162661353576,1.85733365338613,12
"36",-0.00509860361153906,233.018444103526,3,-0.0119162662069674,1.85733365338613,12
"37",-0.00509860046227907,233.018444103526,3,-0.0119162661220567,1.85733365338613,12
"38",-0.0050986015811236,233.018444103526,3,-0.0119162661525168,1.85733365338613,12
"39",-0.00509860150557008,233.018444103526,3,-0.0119162661467411,1.85733365338613,12
"40",-0.00509860340599263,233.018444103526,3,-0.0119162661925273,1.85733365338613,12
"41",-0.00509860057477607,233.018444103526,3,-0.011916266125958,1.85733365338613,12
"42",-0.00509860269802261,233.018444103526,3,-0.0119162661753988,1.85733365338613,12
"43",-0.00509859973263724,233.018444103526,3,-0.0119162661091882,1.85733365338613,12
"44",-0.00509860178111142,233.018444103526,3,-0.0119162661499555,1.85733365338613,12
"45",-0.00509860174140934,233.018444103526,3,-0.0119162661510728,1.85733365338613,12
"46",-0.00509860052397695,233.018444103526,3,-0.011916266131848,1.85733365338613,12
"47",-0.00509860254766277,233.018444103526,3,-0.0119162661637553,1.85733365338613,12
"48",-0.0050986002424223,233.018444103526,3,-0.0119162661197683,1.85733365338613,12
"49",-0.00509860115754546,233.018444103526,3,-0.0119162661441209,1.85733365338613,12
"50",-0.00509860451729334,233.018444103526,3,-0.0119162662112628,1.85733365338613,12
"51",-0.0050986026419261,233.018444103526,3,-0.0119162661711894,1.85733365338613,12
"52",-0.00509860346356271,233.018444103526,3,-0.0119162661921492,1.85733365338613,12
"53",-0.00509860036408689,233.018444103526,3,-0.0119162661254473,1.85733365338613,12
"54",-0.00509859996296502,233.018444103526,3,-0.0119162661197455,1.85733365338613,12
"55",-0.00509860305765347,233.018444103526,3,-0.0119162661748631,1.85733365338613,12
"56",-0.00509859856565107,233.018444103526,3,-0.011916266095818,1.85733365338613,12
"57",-0.00509860160881075,233.018444103526,3,-0.0119162661496028,1.85733365338613,12
"58",-0.00509860546497366,233.018444103526,3,-0.0119162662264199,1.85733365338613,12
"59",-0.00509860044771898,233.018444103526,3,-0.0119162661295562,1.85733365338613,12
"60",-0.00509859874128414,233.018444103526,3,-0.011916266097162,1.85733365338613,12
"61",-0.00509860294027305,233.018444103526,3,-0.0119162661773272,1.85733365338613,12
"62",-0.00509860091811042,233.018444103526,3,-0.0119162661399476,1.85733365338613,12
"63",-0.00509859993007005,233.018444103526,3,-0.0119162661157503,1.85733365338613,12
"64",-0.00509859629948621,233.018444103526,3,-0.0119162660558846,1.85733365338613,12
"65",-0.00509860502504372,233.018444103526,3,-0.0119162662071233,1.85733365338613,12
"66",-0.00509860472884333,233.018444103526,3,-0.0119162662092292,1.85733365338613,12
"67",-0.00509860142795211,233.018444103526,3,-0.0119162661455043,1.85733365338613,12
"68",-0.00509859918364041,233.018444103526,3,-0.0119162661028491,1.85733365338613,12
"69",-0.00509859944087282,233.018444103526,3,-0.0119162661103241,1.85733365338613,12
"70",-0.00509859733888416,233.018444103526,3,-0.0119162660790815,1.85733365338613,12
"71",-0.0050986020599696,233.018444103526,3,-0.0119162661559166,1.85733365338613,12
"72",-0.00509860364755241,233.018444103526,3,-0.0119162661905528,1.85733365338613,12
"73",-0.00509860271466774,233.018444103526,3,-0.0119162660838511,1.85733365338613,12
"74",-0.00509860231640563,233.018444103526,3,0.00343010443381819,1.85733365338613,12
"75",-0.00509860030809787,233.018444103526,3,0.00343010439778268,1.85733365338613,12
"76",-0.00509860434201099,233.018444103526,3,0.00343010439478824,1.85733365338613,12
"77",-0.00509859999801345,233.018444103526,3,0.00343010443054501,1.85733365338613,12
"78",-0.0050986014591402,233.018444103526,3,0.0034301044016898,1.85733365338613,12
"79",-0.00509860310011258,233.018444103526,3,0.00343010440293318,1.85733365338613,12
"80",-0.00509860190006524,233.018444103526,3,0.00343010440915246,1.85733365338613,12
"81",-0.00509859380985691,233.018444103526,3,0.00343010453998335,1.85733365338613,12
"82",-0.00509859937249965,233.018444103526,3,0.00343010445790513,1.85733365338613,12
"83",-0.00509860350062505,233.018444103526,3,0.0034301043954361,1.85733365338613,12
"84",-0.00509860655792175,233.018444103526,3,0.00343010434297367,1.85733365338613,12
"85",-0.0050986003180156,233.018444103526,3,0.00343010443700352,1.85733365338613,12
"86",-0.00509860079814897,233.018444103526,3,0.00343010442647241,1.85733365338613,12
"87",-0.00509860071261614,233.018444103526,3,0.00343010442529418,1.85733365338613,12
"88",-0.00509859821323641,233.018444103526,3,0.00343010446403023,1.85733365338613,12
"89",-0.00509860013907795,233.018444103526,3,0.0034301044353445,1.85733365338613,12
"90",-0.00509860244035466,233.018444103526,3,0.00343010440195043,1.85733365338613,12
"91",-0.00509860023349123,233.018444103526,3,0.00343010443958297,1.85733365338613,12
"92",-0.00509860326149696,233.018444103526,3,0.00343010439490129,1.85733365338613,12
"93",-0.00509859856591471,233.018444103526,3,0.00343010445389783,1.85733365338613,12
"94",-0.0050986032422406,233.018444103526,3,0.00343010439962275,1.85733365338613,12
"95",-0.00509860125841849,233.018444103526,3,0.00343010441576918,1.85733365338613,12
"96",-0.00509860140203866,233.018444103526,3,0.0034301044196311,1.85733365338613,12
"97",-0.00509860121850768,233.018444103526,3,0.00343010445057893,1.85733365338613,12
"98",-0.00509859894663133,233.018444103526,3,0.00343010442244093,1.85733365338613,12
"99",-0.00509860346594407,233.018444103526,3,0.00343010444021866,1.85733365338613,12
"100",-0.0050986016401804,233.018444103526,3,0.00343010441124141,1.85733365338613,12
"101",-0.00509859912368789,233.018444103526,3,0.00343010444786445,1.85733365338613,12
"102",-0.00509859970793939,233.018444103526,3,0.00343010441518251,1.85733365338613,12
"103",-0.00509859900965443,233.018444103526,3,0.00343010442234523,1.85733365338613,12
"104",-0.00509860223989762,233.018444103526,3,0.00343010440995525,1.85733365338613,12
"105",-0.00509860301299805,233.018444103526,3,0.0034301044066564,1.85733365338613,12
"106",-0.00509860977098924,233.018444103526,3,0.00343010434392001,1.85733365338613,12
"107",-0.00509859816220471,233.018444103526,3,0.00343010444337509,1.85733365338613,12
"108",-0.00509860389983277,233.018444103526,3,0.00343010441018934,1.85733365338613,12
"109",-0.00509860030829423,233.018444103526,3,0.00343010443165207,1.85733365338613,12
"110",-0.00509860672189907,233.018444103526,3,0.00343010437150284,1.85733365338613,12
"111",-0.0050985996022374,233.018444103526,3,0.0034301044395994,1.85733365338613,12
"112",-0.00509859382635397,233.018444103526,3,0.00343010449384653,1.85733365338613,12
"113",-0.00509860466309137,233.018444103526,3,0.00343010439644849,1.85733365338613,12
"114",-0.00509859977046576,233.018444103526,3,0.00343010442991915,1.85733365338613,12
"115",-0.00509860055089446,233.018444103526,3,0.00343010442869838,1.85733365338613,12
"116",-0.0050986042880139,233.018444103526,3,0.00343010439239547,1.85733365338613,12
"117",-0.0050985974092277,233.018444103526,3,0.00343010445079171,1.85733365338613,12
"118",-0.00509859576591567,233.018444103526,3,0.00343010440945294,1.85733365338613,12
"119",-0.00509860043850576,233.018444103526,3,0.00343010442989607,1.85733365338613,12
"120",-0.00509860179501133,233.018444103526,3,0.00343010441385593,1.85733365338613,12
"121",-0.0050986046645287,233.018444103526,3,0.00343010443918098,1.85733365338613,12
"122",-0.00509860106340237,233.018444103526,3,0.00343010439683782,1.85733365338613,12
"123",-0.00509860821520317,233.018444103526,3,0.00343010437409047,1.85733365338613,12
"124",-0.00509860721396307,233.018444103526,3,0.00343010437968626,1.85733365338613,12
"125",-0.00509860319979519,233.018444103526,3,0.0034301044142409,1.85733365338613,12
"126",-0.00509860174914997,233.018444103526,3,0.00343010440824581,1.85733365338613,12
"127",-0.00509859726168096,233.018444103526,3,0.00343010445370832,1.85733365338613,12
"128",-0.00509860460336074,233.018444103526,3,0.0034301043994117,1.85733365338613,12
"129",-0.00509859947859481,233.018444103526,3,0.00343010442915275,1.85733365338613,12
"130",-0.00509859753706495,233.018444103526,3,0.00343010446091569,1.85733365338613,12
"131",-0.0050986078596682,233.018444103526,3,0.00343010438243493,1.85733365338613,12
"132",-0.00509860119423029,233.018444103526,3,0.00343010442986466,1.85733365338613,12
"133",-0.00509859388116298,233.018444103526,3,0.0034301044142151,1.85733365338613,12
"134",-0.00509860350885004,233.018444103526,3,0.00343010438800351,1.85733365338613,12
"135",-0.00509859246740847,233.018444103526,3,0.00343010443099986,1.85733365338613,12
"136",-0.00509859896433592,233.018444103526,3,0.00343010442181865,1.85733365338613,12
"137",-0.00509859969564301,233.018444103526,3,0.00343010441918723,1.85733365338613,12
"138",-0.00509860115231735,233.018444103526,3,0.0034301043918886,1.85733365338613,12
"139",-0.00509860292484395,233.018444103526,3,0.00343010440264608,1.85733365338613,12
"140",-0.00509860161669704,233.018444103526,3,0.00343010442017368,1.85733365338613,12
"141",-0.00509859574010438,233.018444103526,3,0.00343010444893665,1.85733365338613,12
"142",-0.00509859644661358,233.018444103526,3,0.00343010444858594,1.85733365338613,12
"143",-0.00509860120168361,233.018444103526,3,0.00343010441630544,1.85733365338613,12
"144",-0.00509860158742655,233.018444103526,3,0.00343010442961792,1.85733365338613,12
"145",-0.00509859799630873,233.018444103526,3,0.00343010443317354,1.85733365338613,12
"146",-0.00509860269645904,233.018444103526,3,0.00343010441907567,1.85733365338613,12
"147",-0.00509860441765296,233.018444103526,3,0.00343010441393704,1.85733365338613,12
"148",-0.00509859694316536,233.018444103526,3,0.00343010443834345,1.85733365338613,12
"149",-0.00509860197657457,233.018444103526,3,0.00343010442858254,1.85733365338613,12
"150",-0.00509860641462268,233.018444103526,3,0.00343010442531544,1.85733365338613,12
"151",-0.00509860098131767,233.018444103526,3,0.00343010442191738,1.85733365338613,12
"152",-0.00509859720813429,233.018444103526,3,0.00343010443412094,1.85733365338613,12
"153",-0.00509860090860926,233.018444103526,3,0.0034301044240271,1.85733365338613,12
"154",-0.00509859803403959,233.018444103526,3,0.00343010440046942,1.85733365338613,12
"155",-0.00509860000168176,233.018444103526,3,0.00343010442535161,1.85733365338613,12
"156",-0.00509860338018163,233.018444103526,3,0.00343010442222945,1.85733365338613,12
"157",-0.00509860476470174,233.018444103526,3,0.00343010441022938,1.85733365338613,12
"158",-0.00509860705990222,233.018444103526,3,0.00343010442543911,1.85733365338613,12
"159",-0.00509858887404675,233.018444103526,3,0.00343010442287497,1.85733365338613,12
"160",-0.00509860808717804,233.018444103526,3,0.00343010442554794,1.85733365338613,12
"161",-0.00509859920325931,233.018444103526,3,0.00343010442826753,1.85733365338613,12
"162",-0.0050985930535454,233.018444103526,3,0.00343010441513237,1.85733365338613,12
"163",-0.00509860541256402,233.018444103526,3,0.00343010442307813,1.85733365338613,12
"164",-0.00509860043189516,233.018444103526,3,0.00343010441670609,1.85733365338613,12
"165",-0.00509859884597934,233.018444103526,3,0.00343010441860967,1.85733365338613,12
"166",-0.00509860155969247,233.018444103526,3,0.00343010442083698,1.85733365338613,12
"167",-0.00509860355818957,233.018444103526,3,0.00343010442585964,1.85733365338613,12
"168",-0.00509860735694006,233.018444103526,3,0.00343010443312281,1.85733365338613,12
"169",-0.00509859593171454,233.018444103526,3,0.00343010440636191,1.85733365338613,12
"170",-0.00509860653598602,233.018444103526,3,0.00343010441636497,1.85733365338613,12
"171",-0.00509859591500002,233.018444103526,3,0.00343010441590275,1.85733365338613,12
"172",-0.00509860229609274,233.018444103526,3,0.00343010441876966,1.85733365338613,12
"173",-0.0050985992147431,233.018444103526,3,0.00343010442587027,1.85733365338613,12
"174",-0.00509860346108691,233.018444103526,3,0.00343010442362333,1.85733365338613,12
"175",-0.00509860080337916,233.018444103526,3,0.00343010442344529,1.85733365338613,12
"176",-0.00509860823131849,233.018444103526,3,0.00343010444241726,1.85733365338613,12
"177",-0.00509859979557817,233.018444103526,3,0.0034301044039067,1.85733365338613,12
"178",-0.00509860503572368,233.018444103526,3,0.00343010443289561,1.85733365338613,12
"179",-0.00509860127419115,233.018444103526,3,0.00343010442269319,1.85733365338613,12
"180",-0.00509860502530749,233.018444103526,3,0.00343010444090623,1.85733365338613,12
"181",-0.00509861038875767,233.018444103526,3,0.00343010444863491,1.85733365338613,12
"182",-0.00509859403110825,233.018444103526,3,0.00343010439841364,1.85733365338613,12
"183",-0.00509860258399131,233.018444103526,3,0.00343010442897081,1.85733365338613,12
"184",-0.00509859407412697,233.018444103526,3,0.00343010439236425,1.85733365338613,12
"185",-0.00509860313612832,233.018444103526,3,0.00343010442890394,1.85733365338613,12
"186",-0.00509859292654195,233.018444103526,3,0.00343010439386866,1.85733365338613,12
"187",-0.00509860796590284,233.018444103526,3,0.00343010445682916,1.85733365338613,12
"188",-0.00509860840090948,233.018444103526,3,0.00343010444964858,1.85733365338613,12
"189",-0.00509860873358561,233.018444103526,3,0.0034301044391265,1.85733365338613,12
"190",-0.00509860353492663,233.018444103526,3,0.00343010440734541,1.85733365338613,12
"191",-0.00509860100253111,233.018444103526,3,0.0034301044137587,1.85733365338613,12
"192",-0.00509859493287306,233.018444103526,3,0.00343010441729526,1.85733365338613,12
"193",-0.00509860638621676,233.018444103526,3,0.00343010441933295,1.85733365338613,12
"194",-0.00509859474727954,233.018444103526,3,0.00343010444422294,1.85733365338613,12
"195",-0.00509861254819322,233.018444103526,3,0.0034301043974202,1.85733365338613,12
"196",-0.00509859973451991,233.018444103526,3,0.00343010441052689,1.85733365338613,12
"197",-0.00509860566489319,233.018444103526,3,0.00343010441347909,1.85733365338613,12
"198",-0.00509860239979408,233.018444103526,3,0.00343010440627854,1.85733365338613,12
"199",-0.00509860146202821,233.018444103526,3,0.00343010443500653,1.85733365338613,12
"200",-0.00509859516805921,233.018444103526,3,0.00343010439747317,1.85733365338613,12
"201",-0.00509860488420079,233.018444103526,3,0.00343010443492177,1.85733365338613,12
"202",-0.00509860367676136,233.018444103526,3,0.00343010441747213,1.85733365338613,12
"203",-0.00509860262958458,233.018444103526,3,0.00343010440965711,1.85733365338613,12
"204",-0.00509860825259283,233.018444103526,3,0.00343010440893149,1.85733365338613,12
"205",-0.00509859760619422,233.018444103526,3,0.00343010444807228,1.85733365338613,12
"206",-0.00509860715214571,233.018444103526,3,0.00343010445077165,1.85733365338613,12
"207",-0.00509860954807161,233.018444103526,3,0.00343010442611375,1.85733365338613,12
"208",-0.0050985960048221,233.018444103526,3,0.00343010440765256,1.85733365338613,12
"209",-0.00509860414848815,233.018444103526,3,0.00343010445427338,1.85733365338613,12
"210",-0.00509860002424655,233.018444103526,3,0.00343010439418455,1.85733365338613,12
"211",-0.00509859577024369,233.018444103526,3,0.00343010446092207,1.85733365338613,12
"212",-0.00509859742895506,233.018444103526,3,0.00343010441060781,1.85733365338613,12
"213",-0.00509860264714188,233.018444103526,3,0.00343010439652194,1.85733365338613,12
"214",-0.00509859812163703,233.018444103526,3,0.00343010439568539,1.85733365338613,12
"215",-0.00509860423582574,233.018444103526,3,0.00343010437987238,1.85733365338613,12
"216",-0.00509860834727911,233.018444103526,3,0.00343010444263961,1.85733365338613,12
"217",-0.00509859359087992,233.018444103526,3,0.00343010437586848,1.85733365338613,12
"218",0.00329491527966853,233.018444103526,3,0.00343010450003596,1.85733365338613,12
"219",0.0032949213091898,233.018444103526,3,0.00343010437715887,1.85733365338613,12
"220",0.00329491904321656,233.018444103526,3,0.00343010440125392,1.85733365338613,12
"221",0.00329491585006404,233.018444103526,3,0.00343010443404373,1.85733365338613,12
"222",0.00329491579861002,233.018444103526,3,0.00343010445553526,1.85733365338613,12
"223",0.00329492751880246,233.018444103526,3,0.0034301043797086,1.85733365338613,12
"224",0.00329491129894641,233.018444103526,3,0.00343010449976836,1.85733365338613,12
"225",0.00329491661198167,233.018444103526,3,0.00343010440897614,1.85733365338613,12
"226",0.00329491969039017,233.018444103526,3,0.00343010436779151,1.85733365338613,12
"227",0.00329492060940199,233.018444103526,3,0.00343010438603097,1.85733365338613,12
"228",0.00329491028047963,233.018444103526,3,0.0034301044585222,1.85733365338613,12
"229",0.00329491978833267,233.018444103526,3,0.00343010439029735,1.85733365338613,12
"230",0.00329491838992494,233.018444103526,3,0.0034301044483591,1.85733365338613,12
"231",0.00329491834951772,233.018444103526,3,-0.0251949106959759,1.85733365338613,12
"232",0.00329492307564154,233.018444103526,3,-0.025194910726975,1.85733365338613,12
"233",0.00329491027780219,233.018444103526,3,-0.0251949106312953,1.85733365338613,12
"234",0.00329492320433705,233.018444103526,3,-0.025194910737347,1.85733365338613,12
"235",0.00329491233041655,233.018444103526,3,-0.0251949106592278,1.85733365338613,12
"236",0.00329492035373469,233.018444103526,3,-0.0251949107247274,1.85733365338613,12
"237",0.003294913469508,233.018444103526,3,-0.0251949106633272,1.85733365338613,12
"238",0.00329491556769973,233.018444103526,3,-0.0251949107007194,1.85733365338613,12
"239",0.00329491552744294,233.018444103526,3,-0.0251949106951084,1.85733365338613,12
"240",0.00329491674381019,233.018444103526,3,-0.025194910689817,1.85733365338613,12
"241",0.00329491749791213,233.018444103526,3,-0.0251949106940283,1.85733365338613,12
"242",0.00329491782166259,233.018444103526,3,-0.0251949106769069,1.85733365338613,12
"243",0.00329492092031307,233.018444103526,3,-0.0251949107341127,1.85733365338613,12
"244",0.00329491578149536,233.018444103526,3,-0.0251949106823494,1.85733365338613,12
"245",0.00329491772218662,233.018444103526,3,-0.0251949106907104,1.85733365338613,12
"246",0.00329492233220156,233.018444103526,3,-0.0251949107214651,1.85733365338613,12
"247",0.00329492078411402,233.018444103526,3,-0.0251949107232899,1.85733365338613,12
"248",0.00329491438319735,233.018444103526,3,-0.0251949106802313,1.85733365338613,12
"249",0.0032949149528152,233.018444103526,3,-0.0251949106945278,1.85733365338613,12
"250",0.00329491517569467,233.018444103526,3,-0.0251949106786141,1.85733365338613,12
"251",0.00329491900659816,233.018444103526,3,-0.0251949107055282,1.85733365338613,12
"252",0.0032949160596925,233.018444103526,3,-0.0251949106753722,1.85733365338613,12
"253",0.00329492768524965,233.018444103526,3,-0.0251949107321485,1.85733365338613,12
"254",0.00329491613904825,233.018444103526,3,-0.0251949106919799,1.85733365338613,12
"255",0.00329491364424277,233.018444103526,3,-0.0251949106768149,1.85733365338613,12
"256",0.00329491723349186,233.018444103526,3,-0.0251949106968798,1.85733365338613,12
"257",0.00329492433878616,233.018444103526,3,-0.0251949107008763,1.85733365338613,12
"258",0.00329491041413324,233.018444103526,3,-0.025194910677235,1.85733365338613,12
"259",0.00329491525730002,233.018444103526,3,-0.0251949106927212,1.85733365338613,12
"260",0.0032949147249368,233.018444103526,3,-0.0251949106908421,1.85733365338613,12
"261",0.00329491930133222,233.018444103526,3,-0.0251949106978491,1.85733365338613,12
"262",0.00329491497695012,233.018444103526,3,-0.0251949106978418,1.85733365338613,12
"263",0.00329491166820055,233.018444103526,3,-0.0251949106972769,1.85733365338613,12
"264",0.00329491980880512,233.018444103526,3,-0.0251949106976343,1.85733365338613,12
"265",0.00329492072509037,233.018444103526,3,-0.0251949106969898,1.85733365338613,12
"266",0.0032949239008375,233.018444103526,3,-0.0251949106880581,1.85733365338613,12
"267",0.00329491730208886,233.018444103526,3,-0.0251949106986597,1.85733365338613,12
"268",0.00329491609346599,233.018444103526,3,-0.0251949107054724,1.85733365338613,12
"269",0.0032949237610215,233.018444103526,3,-0.0251949106782804,1.85733365338613,12
"270",0.00329492230890746,233.018444103526,3,-0.0251949106864434,1.85733365338613,12
"271",0.00329492055291634,233.018444103526,3,-0.0251949106861679,1.85733365338613,12
"272",0.00329491379139627,233.018444103526,3,-0.0251949107017297,1.85733365338613,12
"273",0.00329491885437243,233.018444103526,3,-0.0251949106864085,1.85733365338613,12
"274",0.00329491893648148,233.018444103526,3,-0.0251949106934587,1.85733365338613,12
"275",0.00329491245205043,233.018444103526,3,-0.0251949107105324,1.85733365338613,12
"276",0.00329491808548813,233.018444103526,3,-0.025194910697451,1.85733365338613,12
"277",0.00329491626035515,233.018444103526,3,-0.0251949106962636,1.85733365338613,12
"278",0.00329491772969243,233.018444103526,3,-0.0251949106993707,1.85733365338613,12
"279",0.00329491051130803,233.018444103526,3,-0.0251949107284249,1.85733365338613,12
"280",0.00329491805348536,233.018444103526,3,-0.0251949106837844,1.85733365338613,12
"281",0.00329491831171715,233.018444103526,3,-0.0251949106843008,1.85733365338613,12
"282",0.00329491751281782,233.018444103526,3,-0.0251949106805607,1.85733365338613,12
"283",0.00329491160853935,233.018444103526,3,-0.0251949107245224,1.85733365338613,12
"284",0.0032949118745552,233.018444103526,3,-0.0251949107275307,1.85733365338613,12
"285",0.0032949123040663,233.018444103526,3,-0.0251949107233985,1.85733365338613,12
"286",0.00329491217218543,233.018444103526,3,-0.0251949107250941,1.85733365338613,12
"287",0.00329492358961757,233.018444103526,3,-0.0251949106388889,1.85733365338613,12
"288",0.00329491038627827,233.018444103526,3,-0.0251949107451718,1.85733365338613,12
"289",0.00329491679501726,233.018444103526,3,-0.025194910679335,1.85733365338613,12
"290",0.00329491840022882,233.018444103526,3,-0.0251949106826055,1.85733365338613,12
"291",0.0032949214272552,233.018444103526,3,-0.0251949106564103,1.85733365338613,12
"292",0.00329492307776555,233.018444103526,3,-0.0251949106477251,1.85733365338613,12
"293",0.00329491988320723,233.018444103526,3,-0.0251949106751902,1.85733365338613,12
"294",0.00329492168471144,233.018444103526,3,-0.0251949106410358,1.85733365338613,12
"295",0.0032949141564712,233.018444103526,3,-0.0251949107300436,1.85733365338613,12
"296",0.00329491724025599,233.018444103526,3,-0.0251949106924285,1.85733365338613,12
"297",0.00329491854149833,233.018444103526,3,-0.0251949106956684,1.85733365338613,12
"298",0.00329492076147631,233.018444103526,3,-0.0251949106697332,1.85733365338613,12
"299",0.00329491758572811,233.018444103526,3,-0.0251949106776413,1.85733365338613,12
"300",0.00329492063516349,233.018444103526,3,-0.0251949106819478,1.85733365338613,12
"301",0.0032949137867618,233.018444103526,3,-0.0251949107138196,1.85733365338613,12
"302",0.00329491436747857,233.018444103526,3,-0.0251949107383282,1.85733365338613,12
"303",0.00329491361993606,233.018444103526,3,-0.0251949107321943,1.85733365338613,12
"304",0.00329491629502646,233.018444103526,3,-0.025194910710589,1.85733365338613,12
"305",0.00329492046085125,233.018444103526,3,-0.025194910628313,1.85733365338613,12
"306",0.00329491519934922,233.018444103526,3,-0.0251949106966634,1.85733365338613,12
"307",0.00329492149375872,233.018444103526,3,-0.0251949106226032,1.85733365338613,12
"308",0.00329492234284533,233.018444103526,3,-0.0251949106354738,1.85733365338613,12
"309",0.00329492491671441,233.018444103526,3,-0.0251949106324671,1.85733365338613,12
"310",0.0032949209143788,233.018444103526,3,-0.0251949106256256,1.85733365338613,12
"311",0.00329491429801263,233.018444103526,3,-0.0251949106858493,1.85733365338613,12
"312",0.0032949113260358,233.018444103526,3,0.00909008042833752,1.85733365338613,12
"313",0.00329491704785617,233.018444103526,3,0.0090900804193549,1.85733365338613,12
"314",0.00329491376453691,233.018444103526,3,0.0090900804692074,1.85733365338613,12
"315",0.00329491400775989,233.018444103526,3,0.00909008040535012,1.85733365338613,12
"316",0.00329491639658677,233.018444103526,3,0.00909008042021818,1.85733365338613,12
"317",0.00329491242053538,233.018444103526,3,0.00909008040131915,1.85733365338613,12
"318",0.00329491216517701,233.018444103526,3,0.0090900804062354,1.85733365338613,12
"319",0.00329492081528762,233.018444103526,3,0.00909008045115803,1.85733365338613,12
"320",0.00329492048312326,233.018444103526,3,0.00909008046858868,1.85733365338613,12
"321",0.00329491656056059,233.018444103526,3,0.00909008044258158,1.85733365338613,12
"322",0.00329491750527704,233.018444103526,3,0.00909008044259698,1.85733365338613,12
"323",0.00329492072710189,233.018444103526,3,0.00909008047946195,1.85733365338613,12
"324",0.00329491186459417,233.018444103526,3,0.00909008039157108,1.85733365338613,12
"325",0.00329491096243121,233.018444103526,3,0.00909008039820383,1.85733365338613,12
"326",0.0032949173120032,233.018444103526,3,0.00909008041850223,1.85733365338613,12
"327",0.00329491969332796,233.018444103526,3,0.00909008045833598,1.85733365338613,12
"328",0.00329491687646043,233.018444103526,3,0.00909008051516039,1.85733365338613,12
"329",0.00329492468804474,233.018444103526,3,0.00909008050384674,1.85733365338613,12
"330",0.0032949143745177,233.018444103526,3,0.00909008039212241,1.85733365338613,12
"331",0.00329491936417743,233.018444103526,3,0.00909008045584026,1.85733365338613,12
"332",0.0032949150531166,233.018444103526,3,0.00909008043001419,1.85733365338613,12
"333",0.00329491604645425,233.018444103526,3,0.0090900804223595,1.85733365338613,12
"334",0.00329491879675796,233.018444103526,3,0.00909008048477795,1.85733365338613,12
"335",0.00329491714192766,233.018444103526,3,0.00909008043129323,1.85733365338613,12
"336",0.00329491429439546,233.018444103526,3,0.00909008041884264,1.85733365338613,12
"337",0.0032949162368443,233.018444103526,3,0.00909008042508564,1.85733365338613,12
"338",0.00329492128512405,233.018444103526,3,0.00909008047701356,1.85733365338613,12
"339",0.00329492371691532,233.018444103526,3,0.00909008049922305,1.85733365338613,12
"340",0.00329491822785036,233.018444103526,3,0.00909008042131651,1.85733365338613,12
"341",0.00329491721416585,233.018444103526,3,0.00909008045059189,1.85733365338613,12
"342",0.00329492493948992,233.018444103526,3,0.00909008051072112,1.85733365338613,12
"343",0.00329491706678344,233.018444103526,3,0.00909008042577146,1.85733365338613,12
"344",0.00329492136181845,233.018444103526,3,0.00909008047174596,1.85733365338613,12
"345",0.0032949217269134,233.018444103526,3,0.00909008047827218,1.85733365338613,12
"346",0.00329491696925813,233.018444103526,3,0.00909008044118574,1.85733365338613,12
"347",0.00329491519191977,233.018444103526,3,0.00909008042214367,1.85733365338613,12
"348",0.00329492115461241,233.018444103526,3,0.00909008047023344,1.85733365338613,12
"349",0.00329491867313784,233.018444103526,3,0.0090900804362889,1.85733365338613,12
"350",0.00329491222656421,233.018444103526,3,0.00909008040144401,1.85733365338613,12
"351",0.0032949180105646,233.018444103526,3,0.00909008045067044,1.85733365338613,12
"352",0.00329491513522873,233.018444103526,3,0.00909008041335034,1.85733365338613,12
"353",0.00329491379524589,233.018444103526,3,0.0090900804327138,1.85733365338613,12
"354",0.00329491683348546,233.018444103526,3,0.00909008042604793,1.85733365338613,12
"355",0.0032949185297287,233.018444103526,3,0.00909008045148528,1.85733365338613,12
"356",0.00329491694830775,233.018444103526,3,0.00909008044181,1.85733365338613,12
"357",0.00329490875534657,233.018444103526,3,0.00909008038042906,1.85733365338613,12
"358",0.00329491500941536,233.018444103526,3,0.00909008042072917,1.85733365338613,12
"359",0.00329491582311997,233.018444103526,3,0.00909008042090707,1.85733365338613,12
"360",0.00329491312064746,233.018444103526,3,0.00909008049474092,1.85733365338613,12
"361",0.00329491465439617,233.018444103526,3,0.00909008044503199,1.85733365338613,12
"362",0.00329492337920561,233.018444103526,3,0.00909008042366643,1.85733365338613,12
"363",0.00329491628210388,233.018444103526,3,0.00909008044821948,1.85733365338613,12
"364",0.003294914375985,233.018444103526,3,0.00909008043719052,1.85733365338613,12
"365",0.00329491745718201,233.018444103526,3,0.00909008047832174,1.85733365338613,12
"366",0.003294917432943,233.018444103526,3,0.00909008044546956,1.85733365338613,12
"367",0.00329491290711205,233.018444103526,3,0.00909008041349812,1.85733365338613,12
"368",0.00329491566067996,233.018444103526,3,0.0090900804596258,1.85733365338613,12
"369",0.00329491878862531,233.018444103526,3,0.00909008045445543,1.85733365338613,12
"370",0.00329492063637602,233.018444103526,3,0.00909008047881283,1.85733365338613,12
"371",0.00329492239272177,233.018444103526,3,0.00909008050206137,1.85733365338613,12
"372",0.00329492254674571,233.018444103526,3,0.00909008046665995,1.85733365338613,12
"373",0.00329491598979832,233.018444103526,3,0.00909008044202778,1.85733365338613,12
"374",0.00329491372199683,233.018444103526,3,0.00909008042007544,1.85733365338613,12
"375",0.00329491606003733,233.018444103526,3,0.00909008044277505,1.85733365338613,12
"376",0.00329492027534367,233.018444103526,3,0.00909008047225579,1.85733365338613,12
"377",0.00329491358320651,233.018444103526,3,0.00909008041135662,1.85733365338613,12
"378",0.00329491624823375,233.018444103526,3,0.0090900804439976,1.85733365338613,12
"379",0.00329491644381344,233.018444103526,3,0.00909008043033451,1.85733365338613,12
"380",0.00329491697788787,233.018444103526,3,0.00909008045064223,1.85733365338613,12
"381",0.00329491774176546,233.018444103526,3,0.00909008045065703,1.85733365338613,12
"382",0.00329491523894319,233.018444103526,3,0.0090900804430581,1.85733365338613,12
"383",0.00329491928637289,233.018444103526,3,0.00909008037623128,1.85733365338613,12
"384",0.00329492050864254,233.018444103526,3,0.00909008046997091,1.85733365338613,12
"385",0.00329491051384977,233.018444103526,3,0.00909008043977815,1.85733365338613,12
"386",0.00329492243028278,233.018444103526,3,0.00909008046209657,1.85733365338613,12
"387",0.00329492091778573,233.018444103526,3,0.00909008045836305,1.85733365338613,12
"388",0.00329491893640113,233.018444103526,3,0.00909008047188428,1.85733365338613,12
"389",0.00329491616857116,233.018444103526,3,0.00909008043561355,1.85733365338613,12
"390",0.00329492039621963,233.018444103526,3,0.00909008047810256,1.85733365338613,12
"391",0.00329491645432857,233.018444103526,3,0.00909008043312961,1.85733365338613,12
"392",0.00329492025068641,233.018444103526,3,0.00909008046411074,1.85733365338613,12
"393",0.00329491662859112,233.018444103526,3,0.0090900804502898,1.85733365338613,12
"394",0.00329491944749135,233.018444103526,3,0.00909008043491338,1.85733365338613,12
"395",0.00329491893536088,233.018444103526,3,0.00909008045988496,1.85733365338613,12
"396",0.00329492008915922,233.018444103526,3,0.00909008046253793,1.85733365338613,12
"397",0.00329491913457407,233.018444103526,3,0.00909008045250867,1.85733365338613,12
"398",0.0032949159737222,233.018444103526,3,0.00909008042899594,1.85733365338613,12
"399",0.00329491305435814,233.018444103526,3,0.00909008040517081,1.85733365338613,12
"400",0.00329491644738044,233.018444103526,3,0.00909008043466022,1.85733365338613,12
"401",0.00329491619191799,233.018444103526,3,0.00909008043420616,1.85733365338613,12
"402",0.00329491850312892,233.018444103526,3,0.00909008044542172,1.85733365338613,12
"403",0.00329491621140902,233.018444103526,3,0.00909008043225109,1.85733365338613,12
"404",0.00329491649709736,233.018444103526,3,0.0090900804376177,1.85733365338613,12
"405",0.00329491908401308,233.018444103526,3,0.00909008044247762,1.85733365338613,12
"406",0.00329492073308317,233.018444103526,3,0.0090900805291218,1.85733365338613,12
"407",0.00329491914747256,233.018444103526,3,0.0090900804288563,1.85733365338613,12
"408",0.00329491743929919,233.018444103526,3,0.00909008038903582,1.85733365338613,12
"409",0.00329491495157796,233.018444103526,3,0.00909008045533756,1.85733365338613,12
"410",0.00329491288087579,233.018444103526,3,0.0090900804203406,1.85733365338613,12
"411",0.0032949187750676,233.018444103526,3,0.00909008046466816,1.85733365338613,12
"412",0.00329492104909599,233.018444103526,3,0.00909008045776363,1.85733365338613,12
"413",0.0032949145545734,233.018444103526,3,0.00909008042713493,1.85733365338613,12
"414",0.00329492118736894,233.018444103526,3,0.00909008045583515,1.85733365338613,12
"415",0.00329492132278227,233.018444103526,3,0.00909008047310256,1.85733365338613,12
"416",0.00329491544759166,233.018444103526,3,0.0090900804417057,1.85733365338613,12
"417",0.00329491507089942,233.018444103526,3,0.00909008043556859,1.85733365338613,12
"418",0.00329491798736814,233.018444103526,3,0.00909008045000824,1.85733365338613,12
"419",0.00329491829813534,233.018444103526,3,0.00909008045209968,1.85733365338613,12
"420",0.00329492010848624,233.018444103526,3,0.00909008046765811,1.85733365338613,12
"421",0.00329491689181723,233.018444103526,3,0.00909008044568084,1.85733365338613,12
"422",0.00329491766623056,233.018444103526,3,0.00909008044520833,1.85733365338613,12
"423",0.00329491809063916,233.018444103526,3,0.00909008044605326,1.85733365338613,12
"424",0.00329492120042823,233.018444103526,3,0.00909008047002785,1.85733365338613,12
"425",0.00329491677134571,233.018444103526,3,0.0090900804391804,1.85733365338613,12
"426",0.00329491770745534,233.018444103526,3,0.00909008043176784,1.85733365338613,12
"427",0.00329491750470507,233.018444103526,3,0.00909008045472653,1.85733365338613,12
"428",0.0032949151380195,233.018444103526,3,0.00909008042654111,1.85733365338613,12
"429",0.00329491840761883,233.018444103526,3,0.00909008044125254,1.85733365338613,12
"430",0.0032949187260429,233.018444103526,3,0.00909008046381119,1.85733365338613,12
"431",0.00329492201760766,233.018444103526,3,0.00909008047272565,1.85733365338613,12
"432",0.00329491803763799,233.018444103526,3,0.00909008045015471,1.85733365338613,12
"433",0.00329491601100722,233.018444103526,3,0.00909008043644074,1.85733365338613,12
"434",0.00329491338015839,233.018444103526,3,0.00909008041571715,1.85733365338613,12
"435",0.003294915281976,233.018444103526,3,0.00909008043148719,1.85733365338613,12
"436",0.00329491722154689,233.018444103526,3,0.00909008043858981,1.85733365338613,12
"437",0.00329491354052144,233.018444103526,3,0.0090900804317043,1.85733365338613,12
"438",0.00329491934946094,233.018444103526,3,0.00909008045827988,1.85733365338613,12
"439",0.00329491585294369,233.018444103526,3,0.00909008041137077,1.85733365338613,12
"440",0.00329491502538118,233.018444103526,3,0.00909008041379224,1.85733365338613,12
"441",0.00329491735117165,233.018444103526,3,0.00909008043544175,1.85733365338613,12
"442",0.00329491713643684,233.018444103526,3,0.00909008043623729,1.85733365338613,12
"443",0.0032949169089728,233.018444103526,3,0.00909008042974201,1.85733365338613,12
"444",0.00329491818957238,233.018444103526,3,0.00909008044741217,1.85733365338613,12
"445",0.00329491644303491,233.018444103526,3,0.00909008042742082,1.85733365338613,12
"446",0.00329491856697098,233.018444103526,3,0.00909008046018147,1.85733365338613,12
"447",0.00329491879534175,233.018444103526,3,0.00909008044874796,1.85733365338613,12
"448",0.00329491680760507,233.018444103526,3,0.00909008044123599,1.85733365338613,12
"449",0.00329491709191087,233.018444103526,3,0.00909008043082307,1.85733365338613,12
"450",0.00329491853939201,233.018444103526,3,0.0090900804589094,1.85733365338613,12
"451",0.0032949188832537,233.018444103526,3,0.0090900804337215,1.85733365338613,12
"452",0.00329491722406193,233.018444103526,3,0.00909008044376521,1.85733365338613,12
"453",0.00329491788623064,233.018444103526,3,0.00909008045002331,1.85733365338613,12
"454",0.00329491823330669,233.018444103526,3,0.00909008045853823,1.85733365338613,12
"455",0.00329491812646084,233.018444103526,3,0.00909008043875477,1.85733365338613,12
"456",0.00329491581378849,233.018444103526,3,0.00909008041007441,1.85733365338613,12
"457",0.00329491618456918,233.018444103526,3,0.00909008042857621,1.85733365338613,12
"458",0.00329491576105779,233.018444103526,3,0.00909008042799429,1.85733365338613,12
"459",0.00329491388025343,233.018444103526,3,0.00909008038489646,1.85733365338613,12
"460",0.00329491831555561,233.018444103526,3,0.0090900804430322,1.85733365338613,12
"461",0.00329491765123656,233.018444103526,3,0.00909008045905847,1.85733365338613,12
"462",0.00329491715354968,233.018444103526,3,0.00909008044003912,1.85733365338613,12
"463",0.00329491691250037,233.018444103526,3,0.00909008043150561,1.85733365338613,12
"464",0.00329491794274834,233.018444103526,3,0.00909008046028652,1.85733365338613,12
"465",0.0032949157948447,233.018444103526,3,0.00909008042339159,1.85733365338613,12
"466",0.00329491962680747,233.018444103526,3,0.0090900804732649,1.85733365338613,12
"467",0.0032949165021408,233.018444103526,3,0.00909008043795873,1.85733365338613,12
"468",0.00329491777813164,233.018444103526,3,0.0090900804469823,1.85733365338613,12
"469",0.00329491596902642,233.018444103526,3,0.00909008042395384,1.85733365338613,12
"470",0.00329491718065048,233.018444103526,3,0.00909008042304282,1.85733365338613,12
"471",0.00329491729643835,233.018444103526,3,0.0090900804406134,1.85733365338613,12
"472",0.00329491428160403,233.018444103526,3,0.00909008038315208,1.85733365338613,12
"473",0.00329491699674286,233.018444103526,3,0.00909008045343725,1.85733365338613,12
"474",0.00329491735121431,233.018444103526,3,0.00909008044401181,1.85733365338613,12
"475",0.00329491755230112,233.018444103526,3,0.00909008044059344,1.85733365338613,12
"476",0.00329491813735072,233.018444103526,3,0.00909008044888389,1.85733365338613,12
"477",0.00329491886034076,233.018444103526,3,0.00909008047534185,1.85733365338613,12
"478",0.00329491664936238,233.018444103526,3,0.00909008044458313,1.85733365338613,12
"479",0.00329491685196829,233.018444103526,3,0.00909008040534614,1.85733365338613,12
"480",0.00329491679682101,233.018444103526,3,0.00909008042989366,1.85733365338613,12
"481",0.00329491839824076,233.018444103526,3,0.00909008047202532,1.85733365338613,12
"482",0.00329491830214102,233.018444103526,3,0.00909008047572686,1.85733365338613,12
"483",0.00329491726622974,233.018444103526,3,0.00909008043749956,1.85733365338613,12
"484",0.00329491830082941,233.018444103526,3,0.00909008044067664,1.85733365338613,12
"485",0.00329491778110201,233.018444103526,3,0.00909008043985832,1.85733365338613,12
"486",0.00329491841261222,233.018444103526,3,0.00909008047112415,1.85733365338613,12
"487",0.00329491780351524,233.018444103526,3,0.00909008046736883,1.85733365338613,12
"488",0.00329491773981444,233.018444103526,3,0.00909008047520143,1.85733365338613,12
"489",0.0032949179294337,233.018444103526,3,0.00909008047081479,1.85733365338613,12
"490",0.00329491632889133,233.018444103526,3,0.00909008038044842,1.85733365338613,12
"491",0.0032949181498099,233.018444103526,3,0.00909008049637994,1.85733365338613,12
"492",0.00329491771106764,233.018444103526,3,0.00909008045171434,1.85733365338613,12
"493",0.00329491736118849,233.018444103526,3,0.00909008043249261,1.85733365338613,12
"494",0.00329491715844971,233.018444103526,3,0.00909008046657822,1.85733365338613,12
"495",0.00329491770761829,233.018444103526,3,0.00909008047079215,1.85733365338613,12
"496",0.00329491684908156,233.018444103526,3,0.00909008039710587,1.85733365338613,12
"497",0.00329491653678353,233.018444103526,3,0.00909008042423627,1.85733365338613,12
"498",0.00329491682107287,233.018444103526,3,0.00909008042137616,1.85733365338613,12
"499",0.00329491708379956,233.018444103526,3,0.00909008045053863,1.85733365338613,12
"500",0.00329491737181555,233.018444103526,3,0.0090900804480631,1.85733365338613,12
"501",0.00329491703660384,233.018444103526,3,0.00909008042563385,1.85733365338613,12
"502",0.0032949171334189,233.018444103526,3,0.0090900803971684,1.85733365338613,12
"503",0.00329491710841843,233.018444103526,3,0.00909008041500095,1.85733365338613,12
"504",0.00329491741166034,233.018444103526,3,0.00909008043802798,1.85733365338613,12
"505",0.00329491735072252,233.018444103526,3,0.00909008041888775,1.85733365338613,12
"506",0.0032949174902891,233.018444103526,3,0.00909008045834522,1.85733365338613,12
"507",0.00329491765209908,233.018444103526,3,0.00909008041041508,1.85733365338613,12
"508",0.00329491752284809,233.018444103526,3,0.00909008039782472,1.85733365338613,12
"509",0.00329491739106683,233.018444103526,3,0.0090900804859102,1.85733365338613,12
"510",0.00329491719836024,233.018444103526,3,0.00909008045632076,1.85733365338613,12
"511",0.0032949175885633,233.018444103526,3,0.00909008046580238,1.85733365338613,12
"512",0.00329491738672952,233.018444103526,3,0.00909008045941264,1.85733365338613,12
"513",0.00329491749421078,233.018444103526,3,0.00909008044788098,1.85733365338613,12
"514",0.00329491755598598,233.018444103526,3,0.00909008044302566,1.85733365338613,12
"515",0.00329491790003649,233.018444103526,3,0.00909008040840904,1.85733365338613,12
"516",0.00329491778763868,233.018444103526,3,0.00909008043884192,1.85733365338613,12
"517",0.00329491788046852,233.018444103526,3,0.00909008039246424,1.85733365338613,12
"518",0.00329491790676862,233.018444103526,3,0.00909008042607322,1.85733365338613,12
"519",0.00329491718670315,233.018444103526,3,0.00909008046819589,1.85733365338613,12
"520",0.00329491659270253,233.018444103526,3,0.00909008046514755,1.85733365338613,12
"521",0.00329491772722772,233.018444103526,3,0.00909008044607714,1.85733365338613,12
"522",0.00329491695602334,233.018444103526,3,0.0090900804703702,1.85733365338613,12
"523",0.00329491696500029,233.018444103526,3,0.009090080445643,1.85733365338613,12
"524",0.00329491820605332,233.018444103526,3,0.00909008042965186,1.85733365338613,12
"525",0.00329491718548929,233.018444103526,3,0.00909008045685308,1.85733365338613,12
"526",0.0032949161032151,233.018444103526,3,0.00909008058116862,1.85733365338613,12
"527",0.00329491684974756,233.018444103526,3,0.00909008045083296,1.85733365338613,12
"528",0.00329491707407005,233.018444103526,3,0.0090900804280864,1.85733365338613,12
"529",0.00329491703716872,233.018444103526,3,0.00909008041415316,1.85733365338613,12
"530",0.0032949180271008,233.018444103526,3,0.0090900804260289,1.85733365338613,12
"531",0.00329491709656946,233.018444103526,3,0.00909008044155413,1.85733365338613,12
"532",0.00329491721606975,233.018444103526,3,0.00909008041206472,1.85733365338613,12
"533",0.0032949169271812,233.018444103526,3,0.00909008043506022,1.85733365338613,12
"534",0.00329491812059973,233.018444103526,3,0.00909008042984073,1.85733365338613,12
"535",0.00329491705097657,233.018444103526,3,0.00909008043681262,1.85733365338613,12
"536",0.00329491740447106,233.018444103526,3,0.00909008043639935,1.85733365338613,12
"537",0.00329491745619512,233.018444103526,3,0.00909008042478455,1.85733365338613,12
"538",0.00329491667182278,233.018444103526,3,0.00909008047093558,1.85733365338613,12
"539",0.00329491736566183,233.018444103526,3,0.00909008045108127,1.85733365338613,12
"540",0.00329491704129142,233.018444103526,3,0.00909008046672203,1.85733365338613,12
"541",0.00329491773376608,233.018444103526,3,0.00909008045847798,1.85733365338613,12
"542",0.00329491872383566,233.018444103526,3,0.00909008041619797,1.85733365338613,12
"543",0.00329491832938956,233.018444103526,3,0.00909008041644856,1.85733365338613,12
"544",0.00329491767944722,233.018444103526,3,0.00909008043271341,1.85733365338613,12
"545",0.00329491642325454,233.018444103526,3,0.00909008048024683,1.85733365338613,12
"546",0.00329491834694112,233.018444103526,3,0.0090900804135018,1.85733365338613,12
"547",0.00329491815083569,233.018444103526,3,0.00909008043213069,1.85733365338613,12
"548",0.00329491765529534,233.018444103526,3,0.00909008042143178,1.85733365338613,12
"549",0.00329491500586191,233.018444103526,3,0.00909008052639902,1.85733365338613,12
"550",0.00329491641040379,233.018444103526,3,0.00909008046318541,1.85733365338613,12
"551",0.00329491666531163,233.018444103526,3,0.00909008045587157,1.85733365338613,12
"552",0.00329491522771681,233.018444103526,3,0.00909008048393901,1.85733365338613,12
"553",0.00329491709658601,233.018444103526,3,0.00909008044726222,1.85733365338613,12
"554",0.0032949169622609,233.018444103526,3,0.00909008046420002,1.85733365338613,12
"555",0.00329491660420706,233.018444103526,3,0.00909008045986377,1.85733365338613,12
"556",0.0032949170010761,233.018444103526,3,0.00909008045166962,1.85733365338613,12
"557",0.00329491546213742,233.018444103526,3,0.00909008047481446,1.85733365338613,12
"558",0.00329491819131733,233.018444103526,3,0.00909008042277978,1.85733365338613,12
"559",0.00329491942101332,233.018444103526,3,0.00909008042120994,1.85733365338613,12
"560",0.00329491673768338,233.018444103526,3,0.00909008044268802,1.85733365338613,12
"561",0.00329491502222508,233.018444103526,3,0.00909008051199516,1.85733365338613,12
"562",0.0032949201117441,233.018444103526,3,0.00909008038596247,1.85733365338613,12
"563",0.00329491812584741,233.018444103526,3,0.00909008043391045,1.85733365338613,12
"564",0.00329491840414502,233.018444103526,3,0.00909008041943594,1.85733365338613,12
"565",0.00329491813116695,233.018444103526,3,0.00909008034097798,1.85733365338613,12
"566",0.00329491802265544,233.018444103526,3,0.00909008045625228,1.85733365338613,12
"567",0.00329491716828272,233.018444103526,3,0.00909008046148843,1.85733365338613,12
"568",0.00329491664028787,233.018444103526,3,0.00909008044069318,1.85733365338613,12
"569",0.00329491676356954,233.018444103526,3,0.00909008039432365,1.85733365338613,12
"570",0.00329491636861444,233.018444103526,3,0.00909008049187572,1.85733365338613,12
"571",0.00329491737688628,233.018444103526,3,0.00909008044819392,1.85733365338613,12
"572",0.00329491831498751,233.018444103526,3,0.0090900804298324,1.85733365338613,12
"573",0.00329491514135086,233.018444103526,3,0.00909008047818542,1.85733365338613,12
"574",0.00329491855425042,233.018444103526,3,0.00909008042604549,1.85733365338613,12
"575",0.0032949181966681,233.018444103526,3,0.00909008046795268,1.85733365338613,12
"576",0.00329492338599538,233.018444103526,3,0.00909008042122439,1.85733365338613,12
"577",0.00329491459877039,233.018444103526,3,0.0217001569686877,1.85733365338613,12
"578",0.00329491916479818,233.018444103526,3,0.0217001569753931,1.85733365338613,12
"579",0.00329491751201059,233.018444103526,3,0.0217001569661452,1.85733365338613,12
"580",0.00329491681838959,233.018444103526,3,0.0217001570106032,1.85733365338613,12
"581",0.00329492161673908,233.018444103526,3,0.0217001569015906,1.85733365338613,12
"582",0.00329491911195672,233.018444103526,3,0.0217001569496967,1.85733365338613,12
"583",0.00329491832028439,233.018444103526,3,0.0217001569381324,1.85733365338613,12
"584",0.00329491166403493,233.018444103526,3,0.0217001570437018,1.85733365338613,12
"585",0.0032949188107057,233.018444103526,3,0.0217001569431082,1.85733365338613,12
"586",0.00329491787312137,233.018444103526,3,0.0217001569623068,1.85733365338613,12
"587",0.00329491651165884,233.018444103526,3,0.0217001569696083,1.85733365338613,12
"588",0.00329492277543246,233.018444103526,3,0.0217001569032928,1.85733365338613,12
"589",0.00329491765237792,233.018444103526,3,0.0217001569917567,1.85733365338613,12
"590",0.00329491881038099,233.018444103526,3,0.0217001569562455,1.85733365338613,12
"591",0.00329491982585029,233.018444103526,3,0.0217001569617577,1.85733365338613,12
"592",0.00329491798034619,233.018444103526,3,0.021700156960941,1.85733365338613,12
"593",0.00329491411432943,233.018444103526,3,0.0217001570096458,1.85733365338613,12
"594",0.00329491905688814,233.018444103526,3,0.0217001569804948,1.85733365338613,12
"595",0.0032949162121872,233.018444103526,3,0.021700156970097,1.85733365338613,12
"596",0.00329491511936158,233.018444103526,3,0.0217001569958218,1.85733365338613,12
"597",0.0032949216123262,233.018444103526,3,0.0217001569127275,1.85733365338613,12
"598",0.00329491677943013,233.018444103526,3,0.0217001569757346,1.85733365338613,12
"599",0.00329491975952758,233.018444103526,3,0.0217001569693476,1.85733365338613,12
"600",0.00329491792958783,233.018444103526,3,0.0217001569987982,1.85733365338613,12
"601",0.00329491880072423,233.018444103526,3,0.0217001569413297,1.85733365338613,12
"602",0.00329491812288498,233.018444103526,3,0.021700156976227,1.85733365338613,12
"603",0.00329491388060702,233.018444103526,3,0.0217001570129973,1.85733365338613,12
"604",0.00329491752091373,233.018444103526,3,0.0217001569591537,1.85733365338613,12
"605",0.00329492152011268,233.018444103526,3,0.0217001569453004,1.85733365338613,12
"606",0.00329491777822784,233.018444103526,3,0.0217001569705566,1.85733365338613,12
"607",0.00329491722802924,233.018444103526,3,0.0217001569692798,1.85733365338613,12
"608",0.00329491828943603,233.018444103526,3,0.0217001569845679,1.85733365338613,12
"609",0.00329491866070822,233.018444103526,3,0.0217001569732972,1.85733365338613,12
"610",0.00329491655727131,233.018444103526,3,0.0217001569987909,1.85733365338613,12
"611",0.00329492101631218,233.018444103526,3,0.0217001569486637,1.85733365338613,12
"612",0.00329491604288435,233.018444103526,3,0.0217001569896462,1.85733365338613,12
"613",0.00329492147234565,233.018444103526,3,0.0217001569521768,1.85733365338613,12
"614",0.00329491482690653,233.018444103526,3,0.0217001570055191,1.85733365338613,12
"615",0.00329491663314895,233.018444103526,3,0.0217001569762751,1.85733365338613,12
"616",0.00329491893382424,233.018444103526,3,0.021700156971251,1.85733365338613,12
"617",0.00329492092704078,233.018444103526,3,0.0217001569593921,1.85733365338613,12
"618",0.00329491590711531,233.018444103526,3,0.0217001569868525,1.85733365338613,12
"619",0.00329491514894419,233.018444103526,3,0.0217001569959885,1.85733365338613,12
"620",0.00329491456091113,233.018444103526,3,0.0217001569871611,1.85733365338613,12
"621",0.00329491628778806,233.018444103526,3,0.0217001569964153,1.85733365338613,12
"622",0.00329492245201783,233.018444103526,3,0.0217001569608502,1.85733365338613,12
"623",0.00329491297971659,233.018444103526,3,0.0217001569838055,1.85733365338613,12
"624",0.00329491691124278,233.018444103526,3,0.0217001569765392,1.85733365338613,12
"625",0.00329491615617248,233.018444103526,3,0.0217001569790925,1.85733365338613,12
"626",0.00329491477299473,233.018444103526,3,0.0217001569741167,1.85733365338613,12
"627",0.00329491322255246,233.018444103526,3,0.021700156986452,1.85733365338613,12
"628",0.00329491427813036,233.018444103526,3,0.0217001569759833,1.85733365338613,12
"629",0.0032949123651575,233.018444103526,3,0.0217001569807688,1.85733365338613,12
"630",0.00329491758264818,233.018444103526,3,0.021700156974078,1.85733365338613,12
"631",0.00329490729206523,233.018444103526,3,0.0217001569813064,1.85733365338613,12
"632",0.00329491754320752,233.018444103526,3,0.0217001569815361,1.85733365338613,12
"633",0.00329491828477952,233.018444103526,3,0.0217001569749016,1.85733365338613,12
"634",0.00329491672255826,233.018444103526,3,0.0217001569776024,1.85733365338613,12
"635",0.00329491860082866,233.018444103526,3,0.0217001569577291,1.85733365338613,12
"636",0.00329491755911042,233.018444103526,3,0.0217001569581903,1.85733365338613,12
"637",0.00329492109758674,233.018444103526,3,0.0217001569740406,1.85733365338613,12
"638",0.00329492279100908,233.018444103526,3,0.021700156984786,1.85733365338613,12
"639",0.00329491672797283,233.018444103526,3,0.0217001569697424,1.85733365338613,12
"640",0.00329491546965696,233.018444103526,3,0.0217001569520581,1.85733365338613,12
"641",0.00329491556095499,233.018444103526,3,0.0217001569601964,1.85733365338613,12
"642",0.00329492337475743,233.018444103526,3,0.0217001569829517,1.85733365338613,12
"643",0.00329492070444523,233.018444103526,3,0.0217001569744351,1.85733365338613,12
"644",0.00329491377484244,233.018444103526,3,0.0217001569771799,1.85733365338613,12
"645",0.00329491454486749,233.018444103526,3,0.021700156973966,1.85733365338613,12
"646",0.00329491910782403,233.018444103526,3,0.0217001569777268,1.85733365338613,12
"647",0.00329491441662872,233.018444103526,3,0.0217001569533704,1.85733365338613,12
"648",0.00329492173457776,233.018444103526,3,0.021700156954069,1.85733365338613,12
"649",0.00329491377333328,233.018444103526,3,0.021700156986745,1.85733365338613,12
"650",0.00329490812856713,233.018444103526,3,0.0217001569911589,1.85733365338613,12
"651",0.00329491712502713,233.018444103526,3,0.0217001569456707,1.85733365338613,12
"652",0.00329491181717729,233.018444103526,3,0.0217001569426726,1.85733365338613,12
"653",0.00329491839390994,233.018444103526,3,0.0217001569712773,1.85733365338613,12
"654",0.0032949157796824,233.018444103526,3,0.0217001569411352,1.85733365338613,12
"655",0.00329491719282583,233.018444103526,3,0.0217001569852695,1.85733365338613,12
"656",0.00329492317547353,233.018444103526,3,0.0217001570130103,1.85733365338613,12
"657",0.00329492069407786,233.018444103526,3,0.02170015693883,1.85733365338613,12
"658",0.00329492345260033,233.018444103526,3,0.0217001569502621,1.85733365338613,12
"659",0.00329491090602282,233.018444103526,3,0.0217001569592936,1.85733365338613,12
"660",0.00329491403892956,233.018444103526,3,0.0217001569932186,1.85733365338613,12
"661",0.00329491693579424,233.018444103526,3,0.0217001569855026,1.85733365338613,12
"662",0.00329492059427191,233.018444103526,3,0.0217001569783539,1.85733365338613,12
"663",0.00329491207004529,233.018444103526,3,0.0217001569587223,1.85733365338613,12
"664",0.00329491934806007,233.018444103526,3,0.0217001569494385,1.85733365338613,12
"665",0.00329492126931376,233.018444103526,3,0.0217001570007348,1.85733365338613,12
"666",0.00329492025113215,233.018444103526,3,0.021700156951435,1.85733365338613,12
"667",0.00329491786838104,233.018444103526,3,0.0217001569565928,1.85733365338613,12
"668",0.00329492128555342,233.018444103526,3,0.0217001569619161,1.85733365338613,12
"669",0.00329491841860602,233.018444103526,3,-0.0263295881016958,1.85733365338613,12
"670",0.00329491769930008,233.018444103526,3,-0.0263295881404514,1.85733365338613,12
"671",0.00329491681661239,233.018444103526,3,-0.0263295880282223,1.85733365338613,12
"672",0.00329491919932316,233.018444103526,3,-0.0263295880600694,1.85733365338613,12
"673",0.00329492332493859,233.018444103526,3,-0.0263295880500766,1.85733365338613,12
"674",0.00329491919197095,233.018444103526,3,-0.0263295880630974,1.85733365338613,12
"675",0.00329491732326848,233.018444103526,3,-0.026329588073209,1.85733365338613,12
"676",0.00329491845640851,233.018444103526,3,-0.0263295880575724,1.85733365338613,12
"677",0.00329491498211799,233.018444103526,3,-0.0263295881012304,1.85733365338613,12
"678",0.00329492227894421,233.018444103526,3,-0.0263295880581196,1.85733365338613,12
"679",0.00329491388684156,233.018444103526,3,-0.0263295881363234,1.85733365338613,12
"680",0.00329490977304108,233.018444103526,3,-0.0263295881317256,1.85733365338613,12
"681",0.00329490995210441,233.018444103526,3,-0.0263295881296797,1.85733365338613,12
"682",0.00329492358189762,233.018444103526,3,-0.0263295880577348,1.85733365338613,12
"683",0.00329491976584653,233.018444103526,3,-0.0263295881028318,1.85733365338613,12
"684",0.00329491974756261,233.018444103526,3,-0.0263295880828026,1.85733365338613,12
"685",0.00329492017925417,233.018444103526,3,-0.0263295880846046,1.85733365338613,12
"686",0.00329491932614255,233.018444103526,3,-0.026329588072343,1.85733365338613,12
"687",0.00329492480726715,233.018444103526,3,-0.0263295880436262,1.85733365338613,12
"688",0.0032949163903609,233.018444103526,3,-0.026329588098794,1.85733365338613,12
"689",0.0032949168663202,233.018444103526,3,-0.0263295880774122,1.85733365338613,12
"690",0.00329491304242399,233.018444103526,3,-0.0263295881205723,1.85733365338613,12
"691",0.00329492371973825,233.018444103526,3,-0.0263295880500173,1.85733365338613,12
"692",0.00329491798378837,233.018444103526,3,-0.0263295880860914,1.85733365338613,12
"693",0.00329491164638549,233.018444103526,3,-0.0263295881171605,1.85733365338613,12
"694",0.00329491699076055,233.018444103526,3,-0.0263295880937953,1.85733365338613,12
"695",0.00329491963303988,233.018444103526,3,-0.0263295880848325,1.85733365338613,12
"696",0.00329491446370445,233.018444103526,3,-0.02632958809771,1.85733365338613,12
"697",0.00329492252267651,233.018444103526,3,-0.0263295880833646,1.85733365338613,12
"698",0.00329491438394637,233.018444103526,3,-0.0263295881207204,1.85733365338613,12
"699",0.0032949168482862,233.018444103526,3,-0.026329588103213,1.85733365338613,12
"700",0.00329490981315541,233.018444103526,3,-0.0263295881225039,1.85733365338613,12
"701",0.00329491539345687,233.018444103526,3,-0.0263295880974405,1.85733365338613,12
"702",0.00329491947721434,233.018444103526,3,-0.0263295880860048,1.85733365338613,12
"703",0.00329490853585885,233.018444103526,3,-0.026329588103183,1.85733365338613,12
"704",0.00329491232481694,233.018444103526,3,-0.0263295880956489,1.85733365338613,12
"705",0.00329492205579749,233.018444103526,3,-0.0263295880918768,1.85733365338613,12
"706",0.00329491628785788,233.018444103526,3,-0.0263295880961504,1.85733365338613,12
"707",0.00329491681801555,233.018444103526,3,-0.0263295881018123,1.85733365338613,12
"708",0.00329491519821393,233.018444103526,3,-0.0263295880971825,1.85733365338613,12
"709",0.00329490682121594,233.018444103526,3,-0.0263295880903074,1.85733365338613,12
"710",0.00329492517929809,233.018444103526,3,-0.0263295880876759,1.85733365338613,12
"711",0.00329492069566927,233.018444103526,3,-0.0263295880902131,1.85733365338613,12
"712",0.00329490727766357,233.018444103526,3,-0.0263295880756969,1.85733365338613,12
"713",0.00329492155823281,233.018444103526,3,-0.0263295880886088,1.85733365338613,12
"714",0.00329492215186834,233.018444103526,3,-0.0263295880908867,1.85733365338613,12
"715",0.00329492099939371,233.018444103526,3,-0.0263295880962986,1.85733365338613,12
"716",0.00329491543176249,233.018444103526,3,-0.0263295880944661,1.85733365338613,12
"717",0.00329491332579921,233.018444103526,3,-0.0263295880848797,1.85733365338613,12
"718",0.00329492019864681,233.018444103526,3,-0.0263295880944164,1.85733365338613,12
"719",0.00329491974780564,233.018444103526,3,-0.0263295880959333,1.85733365338613,12
"720",0.00329491495027321,233.018444103526,3,-0.0263295880888377,1.85733365338613,12
"721",0.00329492072807865,233.018444103526,3,-0.0263295880888283,1.85733365338613,12
"722",0.00329491787323944,233.018444103526,3,-0.0263295880816079,1.85733365338613,12
"723",0.00329491694001529,233.018444103526,3,-0.0263295880721864,1.85733365338613,12
"724",0.00329491633149767,233.018444103526,3,-0.026329588086213,1.85733365338613,12
"725",0.00329491984913552,233.018444103526,3,-0.026329588087489,1.85733365338613,12
"726",0.00329491521786168,233.018444103526,3,-0.0263295880758558,1.85733365338613,12
"727",0.00329491870221767,233.018444103526,3,-0.0263295880957437,1.85733365338613,12
"728",0.00329491827593612,233.018444103526,3,-0.0263295880858905,1.85733365338613,12
"729",0.00329491700839089,233.018444103526,3,-0.0263295880825033,1.85733365338613,12
"730",0.0032949177066245,233.018444103526,3,-0.0263295880834445,1.85733365338613,12
"731",0.00329492009553655,233.018444103526,3,-0.0263295880974222,1.85733365338613,12
"732",0.00329491690032955,233.018444103526,3,-0.0263295880770197,1.85733365338613,12
"733",0.00329492039076946,233.018444103526,3,-0.0263295880994281,1.85733365338613,12
"734",0.00329491416179451,233.018444103526,3,-0.0263295880949772,1.85733365338613,12
"735",0.00329491515963101,233.018444103526,3,-0.0263295880702106,1.85733365338613,12
"736",0.00329491950480257,233.018444103526,3,-0.0263295880986924,1.85733365338613,12
"737",0.00329492224717171,233.018444103526,3,-0.0263295881078432,1.85733365338613,12
"738",0.00329491651710817,233.018444103526,3,-0.0263295881064633,1.85733365338613,12
"739",0.00329491870813401,233.018444103526,3,-0.0263295880969547,1.85733365338613,12
"740",0.00329491031266112,233.018444103526,3,-0.0263295880356501,1.85733365338613,12
"741",0.00329491868757266,233.018444103526,3,-0.0263295880997662,1.85733365338613,12
"742",0.00329492024888004,233.018444103526,3,-0.0263295880945434,1.85733365338613,12
"743",0.0032949162612296,233.018444103526,3,-0.026329588105487,1.85733365338613,12
"744",0.00329492136583579,233.018444103526,3,-0.0263295880948507,1.85733365338613,12
"745",0.00329491832911074,233.018444103526,3,-0.0263295881017346,1.85733365338613,12
"746",0.00329491000278165,233.018444103526,3,-0.0263295880904293,1.85733365338613,12
"747",0.00329491811186858,233.018444103526,3,-0.0263295880844829,1.85733365338613,12
"748",0.00329491715659302,233.018444103526,3,-0.0263295880845347,1.85733365338613,12
"749",0.00329491750778454,233.018444103526,3,-0.0263295880481606,1.85733365338613,12
"750",0.00329491902352195,233.018444103526,3,-0.0263295881072973,1.85733365338613,12
"751",0.00329491853303056,233.018444103526,3,-0.0263295881016494,1.85733365338613,12
"752",0.00329492245017479,233.018444103526,3,-0.0263295880905835,1.85733365338613,12
"753",0.00329491562654318,233.018444103526,3,0.0556769760270708,1.85733365338613,12
"754",0.00329492288132996,233.018444103526,3,0.0556769759664861,1.85733365338613,12
"755",0.00329491456367531,233.018444103526,3,0.0556769760530972,1.85733365338613,12
"756",0.00329491607528269,233.018444103526,3,0.0556769760177579,1.85733365338613,12
"757",0.00329491257940998,233.018444103526,3,0.0556769760290639,1.85733365338613,12
"758",0.00329491697787114,233.018444103526,3,0.0556769759850659,1.85733365338613,12
"759",0.00329491943098989,233.018444103526,3,0.0556769760217005,1.85733365338613,12
"760",0.00329492087492546,233.018444103526,3,0.0556769759782275,1.85733365338613,12
"761",0.00329491972824875,233.018444103526,3,0.0556769760085923,1.85733365338613,12
"762",0.00329491585498013,233.018444103526,3,0.0556769760086451,1.85733365338613,12
"763",0.0032949202495903,233.018444103526,3,0.0556769760296294,1.85733365338613,12
"764",0.00329491877809735,233.018444103526,3,0.0556769759982565,1.85733365338613,12
"765",0.00329491356045793,233.018444103526,3,0.0556769760401505,1.85733365338613,12
"766",0.00329491549706344,233.018444103526,3,0.0556769760255014,1.85733365338613,12
"767",0.00329491310996175,233.018444103526,3,0.0556769760187635,1.85733365338613,12
"768",0.00329491203576745,233.018444103526,3,0.0556769760411573,1.85733365338613,12
"769",0.00329491805174663,233.018444103526,3,0.0556769760314369,1.85733365338613,12
"770",0.00329492189810363,233.018444103526,3,0.0556769760227993,1.85733365338613,12
"771",0.00329491670779302,233.018444103526,3,0.0556769760230695,1.85733365338613,12
"772",0.00329491144703879,233.018444103526,3,0.0556769760128148,1.85733365338613,12
"773",0.00329491441636043,233.018444103526,3,0.0556769760124319,1.85733365338613,12
"774",0.00329492054505596,233.018444103526,3,0.0556769760253404,1.85733365338613,12
"775",0.00329491961548351,233.018444103526,3,0.0556769760292276,1.85733365338613,12
"776",0.00329491833478031,233.018444103526,3,0.0556769760106047,1.85733365338613,12
"777",0.00329491963186481,233.018444103526,3,0.0556769759990567,1.85733365338613,12
"778",0.0032949197977819,233.018444103526,3,0.0556769760149068,1.85733365338613,12
"779",0.00329491960984208,233.018444103526,3,0.0556769760153722,1.85733365338613,12
"780",0.0032949156158931,233.018444103526,3,0.0556769760072069,1.85733365338613,12
"781",0.00329491830672768,233.018444103526,3,0.05567697602927,1.85733365338613,12
"782",0.00329492234016983,233.018444103526,3,0.0556769760338946,1.85733365338613,12
"783",0.00329491864367353,233.018444103526,3,0.0556769760341704,1.85733365338613,12
"784",0.00329491424823467,233.018444103526,3,0.0556769759893989,1.85733365338613,12
"785",0.00329491594091208,233.018444103526,3,0.0556769760060614,1.85733365338613,12
"786",-0.000190212140063837,233.018444103526,3,0.0556769760616975,1.85733365338613,12
"787",-0.000190218428519581,233.018444103526,3,0.0556769759944738,1.85733365338613,12
"788",-0.00019021308326935,233.018444103526,3,-0.0196857043699359,1.85733365338613,12
"789",-0.000190212725172222,233.018444103526,3,-0.0196857043066436,1.85733365338613,12
"790",-0.000190215064407437,233.018444103526,3,-0.0196857043294026,1.85733365338613,12
"791",-0.000190219549782095,233.018444103526,3,-0.0196857043022412,1.85733365338613,12
"792",-0.000190214895349951,233.018444103526,3,-0.0196857043257665,1.85733365338613,12
"793",-0.000190215602219618,233.018444103526,3,-0.0196857043348691,1.85733365338613,12
"794",-0.000190212129371258,233.018444103526,3,-0.0196857043370514,1.85733365338613,12
"795",-0.000190208025700104,233.018444103526,3,-0.0196857043521177,1.85733365338613,12
"796",-0.000190210508028708,233.018444103526,3,-0.0196857043571799,1.85733365338613,12
"797",-0.000190212080859064,233.018444103526,3,-0.0258660619420481,1.85733365338613,12
"798",-0.000190216108257484,233.018444103526,3,-0.0258660620177294,1.85733365338613,12
"799",-0.000190215400123074,233.018444103526,3,-0.0258660619813697,1.85733365338613,12
"800",-0.000190216438381969,233.018444103526,3,-0.0258660620275566,1.85733365338613,12
"801",-0.000190216940575076,233.018444103526,3,-0.0258660619863291,1.85733365338613,12
"802",-0.000190215523365649,233.018444103526,3,-0.0258660620015918,1.85733365338613,12
"803",-0.000190211938210274,233.018444103526,3,-0.0258660619578802,1.85733365338613,12
"804",-0.000190203224354442,233.018444103526,3,-0.0258660619359541,1.85733365338613,12
"805",-0.000190216103617557,233.018444103526,3,-0.0258660620065709,1.85733365338613,12
"806",-0.000190220542256004,233.018444103526,3,-0.0258660620106284,1.85733365338613,12
"807",-0.000190205379131092,233.018444103526,3,-0.0258660619708267,1.85733365338613,12
"808",-0.000190214880545166,233.018444103526,3,-0.0258660619792793,1.85733365338613,12
"809",-0.000190216998217846,233.018444103526,3,-0.0258660619775019,1.85733365338613,12
"810",-0.000190214550868772,233.018444103526,3,-0.025866061981595,1.85733365338613,12
"811",-0.000190212664233381,233.018444103526,3,-0.0258660619740308,1.85733365338613,12
"812",-0.000190210220454989,233.018444103526,3,-0.0258660619917377,1.85733365338613,12
"813",-0.000190215192219883,233.018444103526,3,-0.0258660619699712,1.85733365338613,12
"814",-0.000190210956049878,233.018444103526,3,-0.0258660619735229,1.85733365338613,12
"815",-0.000190214845991997,233.018444103526,3,-0.0258660619766459,1.85733365338613,12
"816",-0.000190214519577727,233.018444103526,3,-0.0258660619838678,1.85733365338613,12
"817",-0.000190215049879701,233.018444103526,3,-0.025866061996682,1.85733365338613,12
"818",-0.000190209775812531,233.018444103526,3,-0.0258660619507851,1.85733365338613,12
"819",-0.000190216188871032,233.018444103526,3,-0.0258660619605384,1.85733365338613,12
"820",-0.000190220049322154,233.018444103526,3,-0.0258660619737075,1.85733365338613,12
"821",-0.000190214661822229,233.018444103526,3,-0.0258660620045214,1.85733365338613,12
"822",-0.000190213130895886,233.018444103526,3,-0.0258660619853785,1.85733365338613,12
"823",-0.000190210396531622,233.018444103526,3,-0.0258660619964563,1.85733365338613,12
"824",-0.000190215792215098,233.018444103526,3,-0.0258660619691434,1.85733365338613,12
"825",-0.000190212525166481,233.018444103526,3,-0.0258660619870575,1.85733365338613,12
"826",-0.000190214993688991,233.018444103526,3,-0.0258660619633351,1.85733365338613,12
"827",-0.000190215072581906,233.018444103526,3,-0.0258660619820507,1.85733365338613,12
"828",-0.000190217554077333,233.018444103526,3,-0.0258660619638172,1.85733365338613,12
"829",-0.000190213773796339,233.018444103526,3,-0.0258660619781489,1.85733365338613,12
"830",-0.000190208318894872,233.018444103526,3,-0.0258660620019821,1.85733365338613,12
"831",-0.000190212208678323,233.018444103526,3,-0.0258660619903315,1.85733365338613,12
"832",-0.000190219327449511,233.018444103526,3,-0.025866061975995,1.85733365338613,12
"833",-0.000190213920472187,233.018444103526,3,-0.0258660619960424,1.85733365338613,12
"834",-0.00019021330003559,233.018444103526,3,-0.0258660619806477,1.85733365338613,12
"835",-0.00019021316580723,233.018444103526,3,-0.0258660619954623,1.85733365338613,12
"836",-0.000190213122014501,233.018444103526,3,-0.0258660619910949,1.85733365338613,12
"837",-0.000190212580270951,233.018444103526,3,-0.0258660619699068,1.85733365338613,12
"838",-0.000190214682895282,233.018444103526,3,-0.0258660619738815,1.85733365338613,12
"839",-0.000190212040982985,233.018444103526,3,-0.0258660619874368,1.85733365338613,12
"840",-0.000190215739424312,233.018444103526,3,-0.025866061931676,1.85733365338613,12
"841",-0.000190213290251715,233.018444103526,3,-0.0258660620058376,1.85733365338613,12
"842",-0.000190218942453455,233.018444103526,3,-0.0258660619477382,1.85733365338613,12
"843",-0.000190208618663839,233.018444103526,3,-0.025866061994525,1.85733365338613,12
"844",-0.000190213973798383,233.018444103526,3,-0.0258660619842588,1.85733365338613,12
"845",-0.000190216548576451,233.018444103526,3,-0.0258660619615422,1.85733365338613,12
"846",-0.000190213316112526,233.018444103526,3,0.00857147221246777,1.85733365338613,12
"847",-0.000190218419568651,233.018444103526,3,0.00857147222749804,1.85733365338613,12
"848",-0.000190213120277062,233.018444103526,3,0.00857147218692859,1.85733365338613,12
"849",-0.000190215527615539,233.018444103526,3,0.00857147221193224,1.85733365338613,12
"850",-0.000190213111760421,233.018444103526,3,0.00857147220802889,1.85733365338613,12
"851",-0.000190213998498569,233.018444103526,3,0.00857147219260216,1.85733365338613,12
"852",-0.000190214864405536,233.018444103526,3,0.0085714722222389,1.85733365338613,12
"853",-0.000190211906381231,233.018444103526,3,0.00857147223247793,1.85733365338613,12
"854",-0.000190214262029635,233.018444103526,3,0.008571472240021,1.85733365338613,12
"855",-0.000190216493518536,233.018444103526,3,0.00857147221708014,1.85733365338613,12
"856",-0.000190213007487694,233.018444103526,3,0.00857147220304419,1.85733365338613,12
"857",-0.000190212591792729,233.018444103526,3,0.00857147218601187,1.85733365338613,12
"858",-0.000190214551557839,233.018444103526,3,0.00857147222493801,1.85733365338613,12
"859",-0.000190213505388977,233.018444103526,3,0.00857147221046594,1.85733365338613,12
"860",-0.000190210989895603,233.018444103526,3,0.0085714722177452,1.85733365338613,12
"861",-0.000190215105403416,233.018444103526,3,0.00857147222433216,1.85733365338613,12
"862",-0.000190213489912433,233.018444103526,3,0.00857147221106245,1.85733365338613,12
"863",-0.000190211760236934,233.018444103526,3,0.00857147220560557,1.85733365338613,12
"864",-0.000190213574273414,233.018444103526,3,0.00857147221919086,1.85733365338613,12
"865",-0.000190209770812339,233.018444103526,3,0.00857147217684337,1.85733365338613,12
"866",-0.000190214107633409,233.018444103526,3,0.00857147220310283,1.85733365338613,12
"867",-0.000190211565414995,233.018444103526,3,0.00857147220677175,1.85733365338613,12
"868",-0.000190214661072262,233.018444103526,3,0.00857147222716311,1.85733365338613,12
"869",-0.000190216289767244,233.018444103526,3,0.00857147221375787,1.85733365338613,12
"870",-0.000190215760477885,233.018444103526,3,0.00857147221425843,1.85733365338613,12
"871",-0.000190213299433485,233.018444103526,3,0.00857147221126021,1.85733365338613,12
"872",-0.000190213048912303,233.018444103526,3,0.00857147220858222,1.85733365338613,12
"873",-0.000190211207431498,233.018444103526,3,0.00857147221341275,1.85733365338613,12
"874",-0.000190213388741832,233.018444103526,3,0.0085714722299606,1.85733365338613,12
"875",-0.000190212455540153,233.018444103526,3,0.00857147220737364,1.85733365338613,12
"876",-0.000190215422320964,233.018444103526,3,0.00857147220616818,1.85733365338613,12
"877",-0.000190213982325318,233.018444103526,3,0.00857147221678023,1.85733365338613,12
"878",-0.00019021413415963,233.018444103526,3,0.00857147220376892,1.85733365338613,12
"879",-0.000190215038673877,233.018444103526,3,0.0085714722314101,1.85733365338613,12
"880",-0.000190213329316049,233.018444103526,3,0.00857147221417347,1.85733365338613,12
"881",-0.000190213074054204,233.018444103526,3,0.00857147221617626,1.85733365338613,12
"882",-0.000190213344806793,233.018444103526,3,0.00857147221160237,1.85733365338613,12
"883",-0.00019021102220194,233.018444103526,3,0.00857147216404289,1.85733365338613,12
"884",-0.000190214061273443,233.018444103526,3,0.00857147219944228,1.85733365338613,12
"885",-0.000190212710483055,233.018444103526,3,0.00857147222511325,1.85733365338613,12
"886",-0.000190213366896639,233.018444103526,3,0.00857147221023547,1.85733365338613,12
"887",-0.000190214444859995,233.018444103526,3,0.00857147221731261,1.85733365338613,12
"888",-0.000190213936017139,233.018444103526,3,0.00857147223945656,1.85733365338613,12
"889",-0.000190214178274108,233.018444103526,3,0.00857147222146862,1.85733365338613,12
"890",-0.00019021655961448,233.018444103526,3,0.00857147221017572,1.85733365338613,12
"891",-0.000190215084806726,233.018444103526,3,0.00857147218486558,1.85733365338613,12
"892",-0.000190215710980502,233.018444103526,3,0.0085714722059415,1.85733365338613,12
"893",-0.00019021421938524,233.018444103526,3,0.00857147221276768,1.85733365338613,12
"894",-0.00019021453186636,233.018444103526,3,0.00857147223860726,1.85733365338613,12
"895",-0.000190216066754243,233.018444103526,3,0.00857147222826996,1.85733365338613,12
"896",-0.000190215221552131,233.018444103526,3,0.00857147221738091,1.85733365338613,12
"897",-0.000190214198481454,233.018444103526,3,0.00857147221448487,1.85733365338613,12
"898",-0.000190215056693678,233.018444103526,3,0.008571472203551,1.85733365338613,12
"899",-0.000190216282698293,233.018444103526,3,0.00857147219989717,1.85733365338613,12
"900",-0.000190215815306586,233.018444103526,3,0.00857147221929393,1.85733365338613,12
"901",-0.000190214230622409,233.018444103526,3,0.00857147222909552,1.85733365338613,12
"902",-0.000190215462691117,233.018444103526,3,0.00857147220974823,1.85733365338613,12
"903",-0.000190211952938287,233.018444103526,3,0.00857147226715544,1.85733365338613,12
"904",-0.000190211369766849,233.018444103526,3,0.00857147222135617,1.85733365338613,12
"905",-0.000190213210797959,233.018444103526,3,0.00857147220516995,1.85733365338613,12
"906",-0.000190214017184659,233.018444103526,3,0.00857147224451157,1.85733365338613,12
"907",-0.000190212260054633,233.018444103526,3,0.00857147217904835,1.85733365338613,12
"908",-0.000190212761439337,233.018444103526,3,-0.00109554669619585,1.85733365338613,12
"909",-0.000190215317973227,233.018444103526,3,-0.00141890061726202,1.85733365338613,12
"910",-0.000190215047173713,233.018444103526,3,-0.00141890061968461,1.85733365338613,12
"911",-0.000190214819310594,233.018444103526,3,-0.00141890059358638,1.85733365338613,12
"912",-0.000190214791459017,233.018444103526,3,-0.00141890061968274,1.85733365338613,12
"913",-0.00019021393170512,233.018444103526,3,-0.00141890064072173,1.85733365338613,12
"914",-0.000190212978778924,233.018444103526,3,-0.00141890061132511,1.85733365338613,12
"915",-0.000190213249287555,233.018444103526,3,-0.00141890058643204,1.85733365338613,12
"916",-0.000190212323984254,233.018444103526,3,-0.00141890060576055,1.85733365338613,12
"917",-0.000190210496563868,233.018444103526,3,-0.00141890064190457,1.85733365338613,12
"918",-0.000190213584845589,233.018444103526,3,-0.00141890061357746,1.85733365338613,12
"919",-0.000190213253292673,233.018444103526,3,-0.00141890062869995,1.85733365338613,12
"920",-0.000190213664663341,233.018444103526,3,-0.00141890062706872,1.85733365338613,12
"921",-0.000190213411337944,233.018444103526,3,-0.00141890060041083,1.85733365338613,12
"922",-0.000190213021900407,233.018444103526,3,-0.00141890063160834,1.85733365338613,12
"923",-0.000190213553711425,233.018444103526,3,-0.00141890062510192,1.85733365338613,12
"924",-0.000190212053813899,233.018444103526,3,-0.00141890060316364,1.85733365338613,12
"925",-0.000190212256030396,233.018444103526,3,-0.00141890056769048,1.85733365338613,12
"926",-0.000190210472742277,233.018444103526,3,-0.00141890066269665,1.85733365338613,12
"927",-0.000190213161900982,233.018444103526,3,-0.00141890059532672,1.85733365338613,12
"928",-0.00019021297306105,233.018444103526,3,-0.00141890061655003,1.85733365338613,12
"929",-0.000190215696862339,233.018444103526,3,-0.00141890059215249,1.85733365338613,12
"930",-0.000190214554866908,233.018444103526,3,-0.00141890060069922,1.85733365338613,12
"931",-0.000190215500216047,233.018444103526,3,-0.00141890064917706,1.85733365338613,12
"932",-0.0001902172342163,233.018444103526,3,-0.00141890059271405,1.85733365338613,12
"933",-0.000190215325956603,233.018444103526,3,-0.00141890063584517,1.85733365338613,12
"934",-0.000190213482571655,233.018444103526,3,-0.00141890061905672,1.85733365338613,12
"935",-0.000190213653778258,233.018444103526,3,-0.00141890060711322,1.85733365338613,12
"936",-0.000190212447143143,233.018444103526,3,-0.00141890063834729,1.85733365338613,12
"937",-0.000190213656553836,233.018444103526,3,-0.0014189006099275,1.85733365338613,12
"938",-0.000190215033183906,233.018444103526,3,-0.00141890060416068,1.85733365338613,12
"939",-0.000190215246400531,233.018444103526,3,-0.00141890059512806,1.85733365338613,12
"940",-0.000190211236083173,233.018444103526,3,-0.00141890061970407,1.85733365338613,12
"941",-0.000190211127699812,233.018444103526,3,-0.00141890063219726,1.85733365338613,12
"942",-0.00019021244740361,233.018444103526,3,-0.00141890061787062,1.85733365338613,12
"943",-0.000190213406418071,233.018444103526,3,-0.00141890060575791,1.85733365338613,12
"944",-0.000190216073662098,233.018444103526,3,-0.00141890056329861,1.85733365338613,12
"945",-0.000190211861041168,233.018444103526,3,-0.00141890061340313,1.85733365338613,12
"946",-0.000190212494668854,233.018444103526,3,-0.00141890063926477,1.85733365338613,12
"947",-0.000190211950807951,233.018444103526,3,-0.00141890064709635,1.85733365338613,12
"948",-0.000190211911720339,233.018444103526,3,-0.0014189006551681,1.85733365338613,12
"949",-0.000190213852659551,233.018444103526,3,-0.00141890061626867,1.85733365338613,12
"950",-0.000190217218630106,233.018444103526,3,-0.00141890060244296,1.85733365338613,12
"951",-0.000190217293749022,233.018444103526,3,-0.00141890057610223,1.85733365338613,12
"952",-0.000190214486625253,233.018444103526,3,-0.00141890060219216,1.85733365338613,12
"953",-0.000190215719651857,233.018444103526,3,-0.00141890061724082,1.85733365338613,12
"954",-0.000190214016178259,233.018444103526,3,-0.00141890060935842,1.85733365338613,12
"955",-0.000190211994853772,233.018444103526,3,-0.00141890061692796,1.85733365338613,12
"956",-0.000190211876041674,233.018444103526,3,-0.00141890061480358,1.85733365338613,12
"957",-0.000190211574657971,233.018444103526,3,-0.00141890059702185,1.85733365338613,12
"958",-0.000190212281543322,233.018444103526,3,-0.0014189006237335,1.85733365338613,12
"959",-0.000190213484302724,233.018444103526,3,-0.00141890060771896,1.85733365338613,12
"960",-0.000190216927955395,233.018444103526,3,-0.00141890063956524,1.85733365338613,12
"961",-0.000190212757066668,233.018444103526,3,-0.00141890061280299,1.85733365338613,12
"962",-0.000190215531826742,233.018444103526,3,-0.00141890061988266,1.85733365338613,12
"963",-0.000190206572513851,233.018444103526,3,-0.00141890062978566,1.85733365338613,12
"964",-0.000190215040103226,233.018444103526,3,-0.00141890063419903,1.85733365338613,12
"965",-0.000190216297742176,233.018444103526,3,-0.00141890063920059,1.85733365338613,12
"966",-0.000190214067302029,233.018444103526,3,-0.00141890060669002,1.85733365338613,12
"967",-0.000190219062367787,233.018444103526,3,-0.00141890062698611,1.85733365338613,12
"968",-0.000190212471669185,233.018444103526,3,-0.0014189006007683,1.85733365338613,12
"969",-0.000190214863427466,233.018444103526,3,-0.00141890060288865,1.85733365338613,12
"970",-0.000190212822182891,233.018444103526,3,-0.00141890059824922,1.85733365338613,12
"971",-0.000190216862643571,233.018444103526,3,-0.00141890063760661,1.85733365338613,12
"972",-0.000190212603909679,233.018444103526,3,-0.00141890061883239,1.85733365338613,12
"973",-0.000190213232094304,233.018444103526,3,-0.00141890064434864,1.85733365338613,12
"974",-0.000190218950859601,233.018444103526,3,-0.00141890061893856,1.85733365338613,12
"975",-0.000190215862613027,233.018444103526,3,-0.00141890061387353,1.85733365338613,12
"976",-0.00019020701497627,233.018444103526,3,-0.00141890061993879,1.85733365338613,12
"977",-0.000190214420679844,233.018444103526,3,-0.00141890061442164,1.85733365338613,12
"978",-0.000190211755351352,233.018444103526,3,-0.00141890060229433,1.85733365338613,12
"979",-0.000190213832113104,233.018444103526,3,-0.00141890062614575,1.85733365338613,12
"980",-0.000190216133751594,233.018444103526,3,-0.00141890061057086,1.85733365338613,12
"981",-0.000190215241418966,233.018444103526,3,-0.00141890062253429,1.85733365338613,12
"982",-0.000190212834251214,233.018444103526,3,-0.00141890059722329,1.85733365338613,12
"983",-0.00019021361321272,233.018444103526,3,-0.00141890062942941,1.85733365338613,12
"984",-0.000190212356061664,233.018444103526,3,-0.00141890065147059,1.85733365338613,12
"985",-0.00019020940270528,233.018444103526,3,-0.00141890060087177,1.85733365338613,12
"986",-0.00019021725782604,233.018444103526,3,-0.00141890060650404,1.85733365338613,12
"987",-0.00019021417636655,233.018444103526,3,-0.00141890061866161,1.85733365338613,12
"988",-0.000190214289778469,233.018444103526,3,-0.00141890059937604,1.85733365338613,12
"989",-0.000190215827227528,233.018444103526,3,-0.00141890062208936,1.85733365338613,12
"990",-0.000190217432204454,233.018444103526,3,-0.0014189006188281,1.85733365338613,12
"991",-0.000190216308711438,233.018444103526,3,-0.0014189006234358,1.85733365338613,12
"992",-0.000190211780223279,233.018444103526,3,-0.00141890062621847,1.85733365338613,12
"993",-0.000190206503253741,233.018444103526,3,-0.00141890057932975,1.85733365338613,12
"994",-0.000190210264362868,233.018444103526,3,-0.00141890060847322,1.85733365338613,12
"995",-0.000190219367004925,233.018444103526,3,-0.00141890064228898,1.85733365338613,12
"996",-0.000190212763191993,233.018444103526,3,-0.00141890060180088,1.85733365338613,12
"997",-0.00019021070436031,233.018444103526,3,-0.00141890061607791,1.85733365338613,12
"998",-0.000190218154482641,233.018444103526,3,-0.00141890065023606,1.85733365338613,12
"999",-0.000190213115027222,233.018444103526,3,-0.00141890056421055,1.85733365338613,12
"1000",-0.000190217259196419,233.018444103526,3,-0.00141890064851574,1.85733365338613,12
