# Col. 0-49 X, col 50: x, col 51: y, poly. basis params.: means = [0.  0.  0.3], stdv = [0.  0.  0.3], y col. 50, sample mean, no noise 
#  d = [[1.   1.01 1.02 1.03 1.04 1.05 1.06 1.07 1.08 1.09 1.1  1.11 1.12 1.13
#   1.14 1.15 1.16 1.17 1.18 1.19 1.2  1.21 1.22 1.23 1.24 1.25 1.26 1.27
#   1.28 1.29 1.3  1.31 1.32 1.33 1.34 1.35 1.36 1.37 1.38 1.39 1.4  1.41
#   1.42 1.43 1.44 1.45 1.46 1.47 1.48 1.49 1.5  1.51 1.52 1.53 1.54 1.55
#   1.56 1.57 1.58 1.59 1.6  1.61 1.62 1.63 1.64 1.65 1.66 1.67 1.68 1.69
#   1.7  1.71 1.72 1.73 1.74 1.75 1.76 1.77 1.78 1.79 1.8  1.81 1.82 1.83
#   1.84 1.85 1.86 1.87 1.88 1.89 1.9  1.91 1.92 1.93 1.94 1.95 1.96 1.97
#   1.98 1.99 2.   2.01 2.02 2.03 2.04 2.05 2.06 2.07 2.08 2.09 2.1  2.11
#   2.12 2.13 2.14 2.15 2.16 2.17 2.18 2.19 2.2  2.21 2.22 2.23 2.24 2.25
#   2.26 2.27 2.28 2.29 2.3  2.31 2.32 2.33 2.34 2.35 2.36 2.37 2.38 2.39
#   2.4  2.41 2.42 2.43 2.44 2.45 2.46 2.47 2.48 2.49 2.5  2.51 2.52 2.53
#   2.54 2.55 2.56 2.57 2.58 2.59 2.6  2.61 2.62 2.63 2.64 2.65 2.66 2.67
#   2.68 2.69 2.7  2.71 2.72 2.73 2.74 2.75 2.76 2.77 2.78 2.79 2.8  2.81
#   2.82 2.83 2.84 2.85 2.86 2.87 2.88 2.89 2.9  2.91 2.92 2.93 2.94 2.95
#   2.96 2.97 2.98 2.99 3.  ]]
-9.583159872627473874e-02,-8.802190145597441062e-02,-8.066683070997777982e-02,-7.382144492643530342e-02,-6.682495507998119366e-02,-6.049309319768203519e-02,-5.492863035842415059e-02,-4.904575307847803406e-02,-4.378960204280581830e-02,-3.840771386468449372e-02,-3.374249660275009666e-02,-2.921561817196935071e-02,-2.479540328354053885e-02,-2.136451834478561920e-02,-1.758586959032919228e-02,-1.439322441724103473e-02,-1.154813812686221637e-02,-8.963273097414502580e-03,-7.061109267553490089e-03,-4.944347972613130637e-03,-3.015793697373812896e-03,-2.124825298817357034e-03,-7.629099079772957634e-04,-5.576869434897429841e-04,-2.552925424545880381e-04,-1.741576219029051565e-04,-2.000228745037457617e-04,-1.074993556422098066e-03,-1.907302414969770828e-03,-3.223032772968602126e-03,-4.837849757644992719e-03,-6.566566675034241421e-03,-8.872903238847550805e-03,-1.169771299787639683e-02,-1.444953424194141654e-02,-1.735827278345636673e-02,-2.107194628057599065e-02,-2.516188358328340716e-02,-2.930344666546232102e-02,-3.344612031513591321e-02,-3.826284431307158673e-02,-4.360146509886168864e-02,-4.879501957473397766e-02,-5.442318667457473474e-02,-6.051079810468956710e-02,-6.687714669560063108e-02,-7.373141745303879446e-02,-8.086052023158629698e-02,-8.823727836489261844e-02,-9.584736428861988233e-02,-3.308955462473798376e-02
5.740478784345708352e-01,5.285209822673188063e-01,4.858546265733584280e-01,4.412814741040045341e-01,4.011208684659803292e-01,3.648231972151064761e-01,3.274363946728304775e-01,2.916308527374326109e-01,2.606499334819113445e-01,2.298865228503515767e-01,2.009670791642144128e-01,1.750993831770640274e-01,1.484945990353501166e-01,1.266512573522422247e-01,1.053950146541655086e-01,8.645380624786040691e-02,6.772019945321505752e-02,5.342194012348033816e-02,4.047457820650116750e-02,2.942459537268786451e-02,2.095277581564418054e-02,1.241207743418430536e-02,6.374947583370271960e-03,3.230008109929339861e-03,-1.758561952335885780e-05,1.553749968767648235e-03,3.101271550035649468e-03,5.607754607554612039e-03,1.335771773850188970e-02,1.976907378318294370e-02,3.082174027815683462e-02,4.071429662189302023e-02,5.338871521809237380e-02,6.853612603910991252e-02,8.612091523757706146e-02,1.050902442066226350e-01,1.277156486816078962e-01,1.495977446193486049e-01,1.731542105966198675e-01,2.015118668423418746e-01,2.301653367122080129e-01,2.603054505971010291e-01,2.934859501133872395e-01,3.276952714315951587e-01,3.646567678688805159e-01,4.029103411866126749e-01,4.429511144567945813e-01,4.836774885208505737e-01,5.306172083422519004e-01,5.734727478921832766e-01,1.998551271002610707e-01
-1.881709149777461426e-02,-1.733937210637125081e-02,-1.585633044174675904e-02,-1.448438716781944545e-02,-1.317649272417520390e-02,-1.187608817860006868e-02,-1.069639178972639666e-02,-9.607795039862339695e-03,-8.510820553870987806e-03,-7.486794634571754259e-03,-6.559337413961855399e-03,-5.716000295385687859e-03,-4.941343123563740787e-03,-4.136100197514969851e-03,-3.437035563300656297e-03,-2.849996369545334477e-03,-2.263894639568332125e-03,-1.765328414041948332e-03,-1.285815505452823524e-03,-8.967975557541274642e-04,-6.021563893524770842e-04,-3.863181581882386821e-04,-1.641181843998189445e-04,-5.255968979093877393e-05,-9.909294844999284231e-06,5.009197662549512740e-05,-9.095333678550599919e-05,-1.791734514576924920e-04,-3.607063759949711321e-04,-6.426515071436032052e-04,-9.326406271624351459e-04,-1.298058152742462496e-03,-1.756260983558206173e-03,-2.251437796435900533e-03,-2.825770724960233789e-03,-3.433466704978341798e-03,-4.151427311297585000e-03,-4.905947852314427281e-03,-5.711659886726568047e-03,-6.557058284238341354e-03,-7.578488329416179642e-03,-8.558258793595813207e-03,-9.535734336091712324e-03,-1.071946185079604257e-02,-1.192937637924005798e-02,-1.314981502806185538e-02,-1.450995233955901936e-02,-1.592551860360391994e-02,-1.729925018175379817e-02,-1.883375989341975684e-02,-6.524607849762234513e-03
6.044425781776174844e-01,5.563172994154629292e-01,5.098363543485303628e-01,4.638893852809139462e-01,4.231455713260987017e-01,3.832442172425165050e-01,3.433439917003525688e-01,3.069920176286752289e-01,2.731599760670719301e-01,2.425561098942934923e-01,2.099097895213268561e-01,1.842335314308133909e-01,1.576665581040720410e-01,1.329248582455821448e-01,1.096867337585631375e-01,9.015849036685422146e-02,7.343916424466452597e-02,5.775208543054158317e-02,4.162153466610871155e-02,3.147223833964644252e-02,2.099836879159349551e-02,1.232764210229540802e-02,5.636518142246596530e-03,1.748329420423522674e-03,1.872890335408955269e-03,4.104024737322486114e-04,3.448070854644817718e-03,6.507540648276509757e-03,1.193112430672426012e-02,2.090784818273405676e-02,3.237577340991382169e-02,4.196592470316590218e-02,5.744717267381500847e-02,7.291321823793441015e-02,8.957771229606358021e-02,1.096945205808908530e-01,1.327518995426126558e-01,1.576269231405499627e-01,1.842767521366283356e-01,2.102898920127028726e-01,2.424724529946651330e-01,2.740054136010517394e-01,3.083460129153532403e-01,3.451125786943278206e-01,3.844016846274261878e-01,4.233922370418878867e-01,4.642026596448144415e-01,5.095435788405772159e-01,5.567821823181429153e-01,6.051395056843914544e-01,2.094086204596666834e-01
3.033548075927695042e-01,2.785958873485914755e-01,2.549885828752443406e-01,2.336464930026379838e-01,2.116368740212081490e-01,1.922919923690162847e-01,1.731064451382689495e-01,1.544127908667727866e-01,1.374050831200463174e-01,1.213874857173949384e-01,1.058781155322088552e-01,9.139931151842707602e-02,7.887096097583734533e-02,6.680018733216579185e-02,5.627066794654643489e-02,4.521722999282577066e-02,3.695452959431699824e-02,2.788829198864741649e-02,2.073179447582518611e-02,1.513863067274789399e-02,9.804332734718965159e-03,5.578962272539753596e-03,4.022637332781111609e-03,9.345755875419603856e-04,1.156977283913373719e-03,-3.173928955469537596e-04,3.740452349703267659e-04,3.731405422880705852e-03,5.860792649435525407e-03,1.028587229187810474e-02,1.466824186990797578e-02,2.131444018785602634e-02,2.778814806931175288e-02,3.644505992950760470e-02,4.535461313000845041e-02,5.576638212749788354e-02,6.705022036600596924e-02,7.899596406745838795e-02,9.221663966567819615e-02,1.061036755631627054e-01,1.211047467384573362e-01,1.376648930942090954e-01,1.545716629911603468e-01,1.727645703253243292e-01,1.921603146504100856e-01,2.117176027967122287e-01,2.340211479641896297e-01,2.554873784818062488e-01,2.788787227458887075e-01,3.030380205676451166e-01,1.047206235998026924e-01
1.324999304390512833e-01,1.218534391638060321e-01,1.116332912980011333e-01,1.022219280815405418e-01,9.205349923173003490e-02,8.409837333477934718e-02,7.565544304129134812e-02,6.717953016000416389e-02,6.022015036537834570e-02,5.318837320010581793e-02,4.647573663349710560e-02,3.988778748865659529e-02,3.459069654619782719e-02,2.936120931325405387e-02,2.420190650282253580e-02,1.998870916113015470e-02,1.586444800293910010e-02,1.257724423177588972e-02,9.256299059394757292e-03,6.558012345126549951e-03,4.458065978127620337e-03,2.440141757860990381e-03,1.351314130510869200e-03,5.667240780560711590e-04,2.245937644919803367e-04,1.036272219058643866e-04,2.171313425469850451e-04,1.641720914192614129e-03,2.981238018927642210e-03,4.487647884274312618e-03,6.524542313469374952e-03,9.213812656110783803e-03,1.236513496055522549e-02,1.598753268267385369e-02,1.984346825680859475e-02,2.414616062556257034e-02,2.936428957018741293e-02,3.450783834168470732e-02,3.998649177656225101e-02,4.642305445140095660e-02,5.301372303773180944e-02,5.989926188872632395e-02,6.776991974843436795e-02,7.550246750517659866e-02,8.381411363256770219e-02,9.266122484627402345e-02,1.020261934581187663e-01,1.116289553239761118e-01,1.217716798775095866e-01,1.325804229070126905e-01,4.599816185228671611e-02
7.784922246294059267e-01,7.163001177717873702e-01,6.588444870589656999e-01,6.035408869157591338e-01,5.471880437051145352e-01,4.963355462877949154e-01,4.443097629616544197e-01,3.972893194127403715e-01,3.543563505145058690e-01,3.133379309722433836e-01,2.717477427242206978e-01,2.366181463239651062e-01,2.030407586951423760e-01,1.711006189477827510e-01,1.426420233810377081e-01,1.182620846146082288e-01,9.443957737460201285e-02,7.402244611049398071e-02,5.529733359476753096e-02,3.831221287053156177e-02,2.680381639736078431e-02,1.482784198390276094e-02,7.764983873389553863e-03,1.734639202444296629e-03,-3.763730790270330149e-04,4.287828860999337729e-04,2.399042768836485463e-03,7.109016799717036636e-03,1.722699758450788737e-02,2.618081281247928993e-02,3.870864376855541467e-02,5.366803345009570070e-02,7.095682300729627690e-02,9.364548237775643935e-02,1.157120869577231426e-01,1.441048483891542997e-01,1.719138047808343450e-01,2.048607433352419294e-01,2.371190022340917414e-01,2.724191892190968578e-01,3.100849455065501359e-01,3.547581563311346664e-01,3.965295082107288538e-01,4.443398711783848598e-01,4.961172914037828563e-01,5.468832407105037596e-01,6.012150942719258762e-01,6.590366121994046811e-01,7.187781541520197326e-01,7.819354239772547954e-01,2.711550578215193297e-01
2.790959665714506377e-01,2.568504874269281202e-01,2.352187529920886921e-01,2.151078150347988660e-01,1.955209984960980252e-01,1.762388095049739201e-01,1.590070279214803872e-01,1.431137671556461377e-01,1.267997086195972178e-01,1.121012838494581110e-01,9.779629793621252842e-02,8.403952871021760918e-02,7.266252771960747536e-02,6.197452555560988008e-02,5.082059564983129607e-02,4.230750073481505391e-02,3.292403805600399580e-02,2.618584595191387684e-02,1.988607880969410144e-02,1.394940361192789288e-02,1.044026607022075469e-02,5.498153875501071361e-03,2.670848853639317191e-03,1.131161609178779354e-03,-1.939992963163235666e-04,-4.761405324420428260e-04,5.958868869073055251e-04,3.220198968169147354e-03,5.575537450456713798e-03,1.012355986654722879e-02,1.389632521345150751e-02,1.995431247273169936e-02,2.638753589233452240e-02,3.343609536632851514e-02,4.163916961934613359e-02,5.059610420940879871e-02,6.177368856252427737e-02,7.320796968675034877e-02,8.416168231759707519e-02,9.769357238062574555e-02,1.115330600611023071e-01,1.269259719448488366e-01,1.423870969620989468e-01,1.598196570355536472e-01,1.768022000171586838e-01,1.950671194405707576e-01,2.149285459001877285e-01,2.354504998009399053e-01,2.572215914645348822e-01,2.791899610922382591e-01,9.680789424869265525e-02
1.915803032113574111e-01,1.759234781217968169e-01,1.613909613094797191e-01,1.472185278158922583e-01,1.338048107710626822e-01,1.216440693301697323e-01,1.089629081558532026e-01,9.758385894378400482e-02,8.713142250185547388e-02,7.684167161291161063e-02,6.752392810430551950e-02,5.826665651785244149e-02,4.966849456589709361e-02,4.276215846892673228e-02,3.532943837359035083e-02,2.874264270488159287e-02,2.306111898703058771e-02,1.799206374380490567e-02,1.340938174843495610e-02,9.260940283270745893e-03,6.917265759886862334e-03,3.901120220876070147e-03,2.045203594994905553e-03,1.303150879568427956e-03,-1.127660621992094170e-04,2.644142853044721925e-04,4.944427999015234840e-04,2.083949288757235875e-03,3.964043168686152280e-03,6.681700370219190860e-03,9.988953879934259206e-03,1.331282810249769834e-02,1.834068241267387822e-02,2.346400631228877376e-02,2.871579603455046842e-02,3.516359051298658528e-02,4.204330962935340366e-02,4.975159500765027887e-02,5.779157083355219993e-02,6.728060045844969084e-02,7.605272662139300754e-02,8.664072248410531474e-02,9.766878632050221554e-02,1.095305863196096990e-01,1.211312871504161420e-01,1.341638818586148862e-01,1.474168843433330545e-01,1.617402567989489615e-01,1.762520024408374686e-01,1.916902121912442969e-01,6.655252211080969760e-02
5.722713003000786669e-01,5.260810057737049794e-01,4.833536246663807656e-01,4.406500458363684092e-01,4.010118840177274713e-01,3.630872720132811149e-01,3.276084241156383414e-01,2.928748535356032190e-01,2.591964817056069403e-01,2.282722448053282061e-01,2.020514233277501681e-01,1.725620406925554018e-01,1.487063464501258425e-01,1.267316603948042963e-01,1.065774504985375348e-01,8.595321831578026095e-02,6.896120571899783114e-02,5.293410087975271294e-02,4.042003172415897794e-02,2.789402647118879516e-02,1.868942420710624497e-02,1.233228805222294500e-02,5.598087925085346722e-03,2.919925319314761562e-03,1.091637419038148159e-04,-9.151252227939796939e-04,3.131567492329208249e-03,4.854945041497504485e-03,1.118128745556452690e-02,1.915346085199740728e-02,2.971109985485982999e-02,3.986959484885950478e-02,5.289053649646380251e-02,6.907526261419608127e-02,8.593273461081685216e-02,1.048023747342953227e-01,1.263702996817145652e-01,1.480733210411412648e-01,1.724447383300200809e-01,2.024149665175490054e-01,2.293250841042997479e-01,2.599172407669306240e-01,2.915528629636591207e-01,3.273183232382564367e-01,3.623702468776975882e-01,3.986381470928715975e-01,4.405832068976735516e-01,4.828070305933677697e-01,5.267922838958699616e-01,5.725676502117366118e-01,1.984953843763365977e-01
-1.442739224973191570e-01,-1.327682450145074855e-01,-1.216282567476942161e-01,-1.113484123921388153e-01,-1.013292172779015621e-01,-9.128806499567912458e-02,-8.215964414543380778e-02,-7.335282932608717943e-02,-6.542919118157478064e-02,-5.794404589629256058e-02,-5.089842465404707805e-02,-4.395223377617457627e-02,-3.743046029689740123e-02,-3.145125718045466146e-02,-2.646269563109066719e-02,-2.192900472958250746e-02,-1.753591906210113030e-02,-1.368724226501069965e-02,-1.023154106998046958e-02,-7.026140664754446097e-03,-4.608308547150166516e-03,-2.978110335539741350e-03,-1.461973215954807948e-03,-7.094544376001711474e-04,-4.227107355466651036e-04,3.192817905629293375e-04,-1.032898180500509914e-03,-1.890192416850274525e-03,-2.560549085772852000e-03,-4.859077974270718629e-03,-7.502698372184298491e-03,-1.000062497213193013e-02,-1.334326046571560065e-02,-1.763195238883332253e-02,-2.178461601984523974e-02,-2.628831201978086909e-02,-3.193026348512333773e-02,-3.746023038261542953e-02,-4.346121100739854665e-02,-5.099447345880103039e-02,-5.776325282903607694e-02,-6.531949065788213160e-02,-7.391945484544248934e-02,-8.229631263686124076e-02,-9.108732051211126945e-02,-1.010633911951522856e-01,-1.113142318886896631e-01,-1.213252001693433668e-01,-1.325166847131460379e-01,-1.441517381584754842e-01,-4.986958968165849937e-02
-4.582160157292460290e-01,-4.208197169793606585e-01,-3.862042250850102332e-01,-3.523838787163571795e-01,-3.212289411976089193e-01,-2.915240871754964380e-01,-2.608080829064412520e-01,-2.330076056816288432e-01,-2.079502318346581058e-01,-1.827758479477956111e-01,-1.607024151692953706e-01,-1.391661534735353090e-01,-1.180786557920011637e-01,-1.011383056260033025e-01,-8.438629089232120573e-02,-7.014536246741960579e-02,-5.468064140646084620e-02,-4.341220965732205811e-02,-3.214867950587588924e-02,-2.330115480889991680e-02,-1.575665949950564443e-02,-9.429365225675126472e-03,-4.797946974037309124e-03,-9.244481300816661650e-04,8.340913952637867826e-04,2.478876907369854791e-04,-8.600788438923973826e-04,-4.194549431968040004e-03,-9.016530927904642043e-03,-1.447507274819294192e-02,-2.397091647615943663e-02,-3.270939249583465491e-02,-4.348708501219908373e-02,-5.534907191315054792e-02,-6.842222060701155795e-02,-8.490173007688718576e-02,-1.006027856428016037e-01,-1.196559101361014954e-01,-1.393389914382421046e-01,-1.603413012445103203e-01,-1.822408859862532648e-01,-2.082790903636824731e-01,-2.338038353014484927e-01,-2.619542950477112275e-01,-2.907181587118952693e-01,-3.214950935320943226e-01,-3.526541112448886017e-01,-3.861160545649263698e-01,-4.210497720320581228e-01,-4.586577822994201137e-01,-1.593932750574435786e-01
6.478778935331486188e-01,5.957317904334602510e-01,5.459561571770552568e-01,4.973727253969659756e-01,4.534026848112082120e-01,4.102912635838470989e-01,3.692274321048195640e-01,3.306841730003817759e-01,2.942943964648039867e-01,2.580733255526856951e-01,2.265567205124859318e-01,1.970553790410276840e-01,1.682662766246149910e-01,1.435510064118038498e-01,1.189950108140003099e-01,9.547589519528719426e-02,7.872425558904960763e-02,6.055634789141845636e-02,4.388239212122923422e-02,3.238550435763307839e-02,2.063211607857850724e-02,1.392960684553292208e-02,6.706734140319551771e-03,1.546693097685755344e-03,1.042104664799703862e-03,7.064581715820623378e-04,2.202110667035459598e-03,5.554237098823846738e-03,1.240952392403266331e-02,2.102357378568368504e-02,3.333701747160890128e-02,4.396700200276543180e-02,6.062290933486484679e-02,7.768611989151286146e-02,9.832481423831865297e-02,1.191308214081480410e-01,1.431468717307660676e-01,1.680214739532103208e-01,1.953912900514939988e-01,2.264530893230919384e-01,2.598597561593041227e-01,2.943708909666957196e-01,3.298928499133297887e-01,3.683105149756699115e-01,4.091083961468424679e-01,4.531265251284868345e-01,4.986854780134449827e-01,5.474146395259501530e-01,5.957415368808678391e-01,6.479787077059644407e-01,2.238566682103076688e-01
4.905297463627176363e-02,4.518527617931687723e-02,4.142890151057752879e-02,3.780876852298759722e-02,3.438112282813700349e-02,3.111922613218385397e-02,2.803590254424579570e-02,2.514029247428604258e-02,2.211037523235716978e-02,1.973650881618674649e-02,1.707794237178787353e-02,1.493307350542742717e-02,1.295380691343685220e-02,1.081694246681928762e-02,9.033098914855644188e-03,7.361370706045692290e-03,5.959345221514987349e-03,4.628262082563318336e-03,3.407822669834803531e-03,2.466635945585663597e-03,1.575925536908019068e-03,9.936366793724059863e-04,4.810363424487255251e-04,1.939508104461821678e-04,-3.084934605687060055e-05,4.957468549755621699e-06,1.847174387126949025e-04,5.170099250857895703e-04,1.022053723166323680e-03,1.644164635623112563e-03,2.418048175917945474e-03,3.462609462237207017e-03,4.589161054878615129e-03,5.985172097232611260e-03,7.466952296856703072e-03,8.920933955274178151e-03,1.086461636990485903e-02,1.284266920672974197e-02,1.481350161374409870e-02,1.724345318867914062e-02,1.972077040834523468e-02,2.220547093505322381e-02,2.503872468234504683e-02,2.801460435747797281e-02,3.115132981724519703e-02,3.431126844262637199e-02,3.790253712703187811e-02,4.127212442666376019e-02,4.527792517992801358e-02,4.914914236353617322e-02,1.702498484219010927e-02
5.588749088776782115e-01,5.153659739872973322e-01,4.709234654833937550e-01,4.308759768347488750e-01,3.918369317205607771e-01,3.545580643179299107e-01,3.182593927925131960e-01,2.849930397174698093e-01,2.538203442197213278e-01,2.232962515828107175e-01,1.961602417888942407e-01,1.693374254000891421e-01,1.464361170329009365e-01,1.245331480573348415e-01,1.024996397581810770e-01,8.486356488855502367e-02,6.715666930371327892e-02,5.164982910721161585e-02,3.902330830383585192e-02,2.826110583914366245e-02,1.740048314692009199e-02,1.193107259467276159e-02,5.895327298774073743e-03,2.920436408663397605e-03,7.335765092603132795e-04,3.317176356382359843e-04,1.803916720804899735e-03,7.078080238426457879e-03,1.320221260734302793e-02,1.859226402347774129e-02,2.904864454925741579e-02,3.879197348177185201e-02,5.193690297128915334e-02,6.701348815188305774e-02,8.466964759502305926e-02,1.018596731138835393e-01,1.245226768399033401e-01,1.463849758088018038e-01,1.703874848580843315e-01,1.956949350433752899e-01,2.245772822234075872e-01,2.513145501324940412e-01,2.857643249298218446e-01,3.190824228703741938e-01,3.528110259384391600e-01,3.919750156049425782e-01,4.312677655013015254e-01,4.702600514113387531e-01,5.136775226212343393e-01,5.610860545102610564e-01,1.945815823080622453e-01
3.137626456132787123e-01,2.892018571023159401e-01,2.652199634830925135e-01,2.418755091423301640e-01,2.202031177431876541e-01,1.978429588996874211e-01,1.788435051852773627e-01,1.587041433374835331e-01,1.415431209187943129e-01,1.253657416097044841e-01,1.096247117553980494e-01,9.531096621090755228e-02,8.168785743760062501e-02,6.921044277573600023e-02,5.772636998784372309e-02,4.734217292969084001e-02,3.733394807165855284e-02,2.907632246277904245e-02,2.207394368892855174e-02,1.580675854266887226e-02,1.008830270755332360e-02,6.904585442316217916e-03,3.602639282994759499e-03,7.793890919703843397e-04,3.448362668216076990e-05,1.058805919956678880e-03,1.250603726324649168e-03,3.450640236027056450e-03,6.123843648833729274e-03,1.044337398934911017e-02,1.651460964089484368e-02,2.214329967117995707e-02,2.937830445681166927e-02,3.778040429123050853e-02,4.836398021546484127e-02,5.766406649257362071e-02,6.876531048860989870e-02,8.139472605258447901e-02,9.565242721572157769e-02,1.092722815497886718e-01,1.258260123197252611e-01,1.420152511153391361e-01,1.592684355337746771e-01,1.784973347336999694e-01,1.988314960495811412e-01,2.203776599145133575e-01,2.421153865301502728e-01,2.645639203515277593e-01,2.892002688319699200e-01,3.136839355743294422e-01,1.084872846111850087e-01
-4.930300779270634787e-02,-4.526120466499269218e-02,-4.160156709894439336e-02,-3.782898470056308970e-02,-3.438559257502089156e-02,-3.122921693031715032e-02,-2.804046855233148505e-02,-2.509057885688029468e-02,-2.225064234528666834e-02,-1.978116687941185517e-02,-1.718881224541032177e-02,-1.503264394937270203e-02,-1.275007609334433481e-02,-1.076235264265246704e-02,-9.084629419423964625e-03,-7.308683302415362563e-03,-6.035604634100130012e-03,-4.530678047810756011e-03,-3.358697102879515135e-03,-2.454272203404891418e-03,-1.673856930567798858e-03,-9.813993989340535299e-04,-5.559629080451557919e-04,5.599341639377796885e-06,-6.295225751797783799e-05,7.488351492694164300e-05,-2.380726945617504873e-04,-3.966522128740799591e-04,-8.583339845036684450e-04,-1.631757859127673689e-03,-2.458554959511035677e-03,-3.532086412858118606e-03,-4.688156012855069187e-03,-5.900084417682015595e-03,-7.291376219245813799e-03,-9.075841432577018766e-03,-1.067944323522378690e-02,-1.285051261138995919e-02,-1.492070913726297084e-02,-1.721541542492275798e-02,-1.969838039470292457e-02,-2.246173191865692351e-02,-2.514524616912207008e-02,-2.803655618075228187e-02,-3.117246010791880836e-02,-3.439787642440427645e-02,-3.783148757970294235e-02,-4.150992510062453955e-02,-4.533240675182118040e-02,-4.908474830467043915e-02,-1.701163464769769179e-02
4.812229495234520149e-01,4.432036101700407293e-01,4.060708208833456179e-01,3.718580825248586352e-01,3.385240569139656985e-01,3.053340509968816008e-01,2.750946886832892901e-01,2.463168528584671613e-01,2.199802361620477043e-01,1.917359367245478619e-01,1.694232584579282996e-01,1.466697747855562617e-01,1.252535090405285378e-01,1.064687605912785356e-01,8.909020110937869441e-02,7.291219809618849912e-02,5.957047151338482754e-02,4.527644587802234083e-02,3.395879030735888399e-02,2.417137995417816682e-02,1.665932603175095117e-02,9.817757479659629596e-03,5.030038245117218754e-03,1.820090905772062074e-03,1.053143115893199940e-04,-2.310607913900525573e-04,2.104109609504396881e-03,4.818408418069313262e-03,1.027594456065156897e-02,1.634555243219554949e-02,2.402572508005492227e-02,3.505003431860546220e-02,4.511339405213898174e-02,5.848082232168355654e-02,7.200173447161138662e-02,8.712730798220243156e-02,1.058349668255016557e-01,1.240000009623136307e-01,1.462345419460694684e-01,1.699372786180846362e-01,1.923520359503826382e-01,2.172058383203687992e-01,2.470771315497815868e-01,2.745943584062023879e-01,3.054461289042427197e-01,3.381488848713498085e-01,3.716996494233304471e-01,4.072064455778429126e-01,4.442649187185570003e-01,4.809457598531804434e-01,1.664196280056093602e-01
1.765806635719857354e-01,1.631038820123300315e-01,1.490349323033575701e-01,1.360924876093590474e-01,1.235575402583050098e-01,1.119892428406002449e-01,1.008016298630504542e-01,9.003596929140493532e-02,7.998293213550568270e-02,7.090677206914883235e-02,6.176972625042600334e-02,5.356797912916180099e-02,4.549198077245607263e-02,3.949093622985044155e-02,3.274606604737818200e-02,2.647614313415551368e-02,2.106461740747645264e-02,1.658488952401115935e-02,1.245066001212624326e-02,8.585213719423263543e-03,5.305410164808350981e-03,3.474218996842639955e-03,1.435366302253917844e-03,7.079074717173357897e-04,1.200683442727079739e-04,-1.797150127804815576e-04,5.240827723512861587e-04,2.301525591467596700e-03,3.813037181933202902e-03,5.851778263976282861e-03,9.514259260141327487e-03,1.214329687195729937e-02,1.637043815344584041e-02,2.126995083025406963e-02,2.620632869364543024e-02,3.296700150233358717e-02,3.903394251562333078e-02,4.585556839271225094e-02,5.384245404748814329e-02,6.201806494664607178e-02,7.074446845837725761e-02,7.994245937831201410e-02,8.990610039084635796e-02,1.014620046339288068e-01,1.117424503601734814e-01,1.243284995180330699e-01,1.360476713488849299e-01,1.494442029948374884e-01,1.629201165881939140e-01,1.771222100595808979e-01,6.134254791141342117e-02
-2.317710779554761971e-02,-2.140172943962229124e-02,-1.959171145573743167e-02,-1.791454943184594972e-02,-1.623790639021725421e-02,-1.474339001188582424e-02,-1.329699153284953292e-02,-1.184591474452832173e-02,-1.059899284375666328e-02,-9.277804391586546781e-03,-8.169955727201451412e-03,-7.073402690602256272e-03,-6.117557267620223754e-03,-5.055660449276783326e-03,-4.311558537215283600e-03,-3.500957182919364839e-03,-2.853931167773069832e-03,-2.202823133654148099e-03,-1.573321840931431832e-03,-1.159128663403645974e-03,-8.074516284347164202e-04,-4.746790450942078138e-04,-2.607270059860575012e-04,-9.012714757311907532e-05,1.573432612599347146e-05,-2.096816398727175291e-05,-7.946049136994192904e-05,-2.335132451719609109e-04,-4.846478241337060454e-04,-8.078714152694768365e-04,-1.187216671745967497e-03,-1.609261913768230204e-03,-2.147577021974604334e-03,-2.831603608620357482e-03,-3.497440057025388849e-03,-4.287317310484856266e-03,-5.084687035668662529e-03,-6.055785475761135510e-03,-6.969556912291720481e-03,-8.119576946634616058e-03,-9.246281669199369821e-03,-1.055821022427719594e-02,-1.183740634926223542e-02,-1.320831487831811840e-02,-1.473348706301474617e-02,-1.624367511968905983e-02,-1.783192676856818273e-02,-1.957979913201890812e-02,-2.137578720977389643e-02,-2.314054261201910559e-02,-8.085678909521791871e-03
-1.541544636820657739e-02,-1.415478126168017402e-02,-1.299502554351644745e-02,-1.187215117446011221e-02,-1.075736580968181776e-02,-9.753315276782571069e-03,-8.765244192340931537e-03,-7.902554348349740548e-03,-6.968417032982533559e-03,-6.175728513738970755e-03,-5.432832638241167668e-03,-4.629754277788536779e-03,-3.992249742894010862e-03,-3.385413077092355380e-03,-2.798241132252101120e-03,-2.308178398613682566e-03,-1.870394630058052005e-03,-1.446071810737512226e-03,-1.098546449451866074e-03,-7.868652105953883322e-04,-5.476407277732438586e-04,-3.360259819583372295e-04,-1.399760995480910867e-04,-5.016438311232914945e-05,-1.780033697695264773e-05,-2.968962850598882357e-05,-6.686478387576729051e-05,-1.983659490114925887e-04,-3.111918136740883891e-04,-4.977488171844303725e-04,-7.219333098098386055e-04,-1.108168334987438483e-03,-1.421642568580377530e-03,-1.868324777110881270e-03,-2.339339128093184238e-03,-2.852099209837831006e-03,-3.387372853225870204e-03,-4.026938217594262792e-03,-4.686177368995981043e-03,-5.400258264927968246e-03,-6.176167199925483055e-03,-6.998211760419530136e-03,-7.906494976040125480e-03,-8.772466580212258044e-03,-9.747128370014299450e-03,-1.079221721352236103e-02,-1.184277506700875254e-02,-1.294735269029933210e-02,-1.415777750026239214e-02,-1.535878736217065159e-02,-5.383074227372449706e-03
-2.191275428893675326e-01,-2.014521428341389531e-01,-1.858069699444585832e-01,-1.696895586417616064e-01,-1.540673909565246913e-01,-1.392312956361440313e-01,-1.248414849133663296e-01,-1.119662711680057265e-01,-1.001054160491872264e-01,-8.819347471918104198e-02,-7.702117549963369281e-02,-6.723389307250228486e-02,-5.722476013985626497e-02,-4.882326402934239473e-02,-4.091495440131415889e-02,-3.336194553997295226e-02,-2.632979977016865897e-02,-2.047176554111395166e-02,-1.544350125931810876e-02,-1.075876152286690465e-02,-7.130396965546209609e-03,-4.420646163952234031e-03,-2.267691344261156539e-03,-7.821891040746234598e-04,-1.393330529379601702e-04,-7.950128903403872425e-04,-4.567466832819001973e-04,-2.160560181299503359e-03,-4.880275726619752105e-03,-6.954972912593560853e-03,-1.127044072702994802e-02,-1.550963642918448855e-02,-2.027135707016907568e-02,-2.639155406593439446e-02,-3.262355308895949213e-02,-4.049482328101128292e-02,-4.789164922851342487e-02,-5.748081798714517465e-02,-6.632583919441804865e-02,-7.774039863048365362e-02,-8.835152608492075066e-02,-9.961972863106416387e-02,-1.122987496943943370e-01,-1.253789834118443358e-01,-1.392594627860809786e-01,-1.543088907507431662e-01,-1.696678395592447208e-01,-1.853474538253713777e-01,-2.024863943935955590e-01,-2.194177732259249003e-01,-7.618666476785962427e-02
4.207885756988970494e-01,3.876940747542041987e-01,3.552670547964076331e-01,3.237667185376670309e-01,2.934612332359062825e-01,2.673729396100634759e-01,2.393863156213563714e-01,2.144986252633419854e-01,1.908137880505928752e-01,1.684365731636223995e-01,1.480273825211913807e-01,1.278010008020029065e-01,1.094867855008191254e-01,9.336719528259287970e-02,7.768156866477581024e-02,6.282952859673465729e-02,4.995263477578046341e-02,3.893345367576972471e-02,2.959607032243981306e-02,2.044012754056458506e-02,1.425592135208656776e-02,8.509924919944764771e-03,2.807831597103264618e-03,7.067834872174057420e-04,-1.612081846097796877e-03,-3.770291361561087110e-05,2.242972236776402499e-03,3.211583779121996579e-03,7.770945241085968486e-03,1.409829380589415655e-02,2.055304166708534636e-02,2.896463765276918387e-02,3.977909456958930029e-02,5.035663400275319085e-02,6.236427571462393321e-02,7.601643695140399004e-02,9.410423214250628055e-02,1.102645228939258953e-01,1.275176591029970330e-01,1.474859787503407516e-01,1.681655806828006583e-01,1.912233860359234261e-01,2.142196199270509360e-01,2.396562033483380649e-01,2.669210740358397005e-01,2.955883135353552515e-01,3.245982884381463651e-01,3.557570259022675430e-01,3.870553856543045845e-01,4.205215821097217366e-01,1.459470099543024313e-01
1.932449754297333594e-02,1.783209922317223819e-02,1.635568593284975406e-02,1.491572887707172043e-02,1.354611501291677275e-02,1.231227773820595291e-02,1.106796137873011267e-02,9.925080563237190581e-03,8.762716848675562373e-03,7.736556036795446366e-03,6.822480775101833102e-03,5.882805177940569896e-03,5.028485055957379428e-03,4.255601405949336995e-03,3.559234819725116440e-03,2.942429683600417470e-03,2.328098622351275782e-03,1.838641921455197968e-03,1.377419671074426016e-03,9.516081594616123719e-04,6.287238686983004452e-04,3.826648576043422041e-04,1.636644035153633726e-04,5.798158414257983311e-05,5.123192697786637219e-05,7.176348209818383835e-06,5.078605072007703490e-05,2.564221668300868196e-04,3.689661238234833991e-04,6.263638857649470731e-04,1.011719507383956364e-03,1.382950497091974115e-03,1.812388312055799233e-03,2.356400695385496829e-03,2.922399880433535543e-03,3.525722754463303694e-03,4.201471892275540805e-03,5.028535218313722778e-03,5.915095524644731727e-03,6.775949144927287913e-03,7.769874732618147969e-03,8.795172390645651650e-03,9.839345591563068705e-03,1.103835379370990931e-02,1.228705271074943990e-02,1.354581714242548626e-02,1.491394555584396424e-02,1.635604811560710178e-02,1.783211153281556369e-02,1.940963263834704841e-02,6.693891040114180631e-03
2.897468571441762508e-01,2.660190207438765664e-01,2.440306979923373421e-01,2.230155776297978454e-01,2.033148810150393615e-01,1.832452335514804243e-01,1.643760707049124747e-01,1.479343539127828122e-01,1.310217372483663545e-01,1.153579989846301723e-01,1.014405853676175473e-01,8.833888355817545723e-02,7.513637469330813889e-02,6.401402228658274740e-02,5.347936773237300934e-02,4.387743420279398981e-02,3.454409316872401187e-02,2.665940115201017105e-02,1.996336475259666635e-02,1.493080877534360904e-02,1.005376720990669437e-02,5.501989524610107624e-03,3.924030436405532597e-03,6.268093797444865972e-04,5.465157198103636794e-04,7.681915220603453571e-04,1.132256835601757163e-03,2.687231030908127614e-03,5.591167811369361640e-03,9.657682181252038450e-03,1.505434353990763377e-02,1.987169352104796102e-02,2.635357117016350753e-02,3.501042390795149062e-02,4.378786763532026283e-02,5.402740061451354048e-02,6.321336100606377018e-02,7.532347929103143380e-02,8.841941012640856801e-02,1.014840763059169787e-01,1.158224269605118845e-01,1.316803298868651773e-01,1.474911927228315101e-01,1.654771938675096976e-01,1.829128325478616701e-01,2.020970535869994200e-01,2.228903433563711178e-01,2.431418906776625644e-01,2.664624349586756091e-01,2.888450573333823379e-01,1.003035652007108897e-01
2.455852730562376185e-01,2.259197661315160421e-01,2.070156761260552314e-01,1.892032674383420376e-01,1.719427129428093837e-01,1.554043714556529177e-01,1.406308493377023683e-01,1.253886362681873035e-01,1.116204766758768230e-01,9.864228455787293903e-02,8.622695729140086862e-02,7.527965811046405387e-02,6.396127279456428893e-02,5.408354947812993307e-02,4.485410949693469790e-02,3.681681728665642250e-02,2.928381613426465566e-02,2.324910524862493569e-02,1.694934821317162221e-02,1.239794920197502363e-02,8.483739452716456894e-03,5.064165184066333168e-03,2.232412460774325404e-03,1.172665203833479644e-03,7.141402506333848041e-05,-9.354946540270250681e-04,5.649534440460825474e-04,3.062196304433786875e-03,5.546057760277509421e-03,8.471661152872952266e-03,1.265452914583100122e-02,1.699776233166671799e-02,2.291049524111732003e-02,2.999422628259724652e-02,3.706325087358815912e-02,4.511222241951470813e-02,5.401858159058962189e-02,6.432557009440306728e-02,7.493980383793241717e-02,8.622028244466797831e-02,9.827858707379456826e-02,1.112127586004531404e-01,1.254969007994997943e-01,1.395713643215387434e-01,1.551870609629234232e-01,1.713447574546235197e-01,1.894918330702677345e-01,2.067798936605898530e-01,2.259987143985368874e-01,2.454378953270416885e-01,8.528665277666808153e-02
1.760775380863340012e-02,1.614234159754823761e-02,1.473925940363705889e-02,1.353241310764522094e-02,1.226529894772423156e-02,1.110172406016960572e-02,9.979596337444829324e-03,8.950452856704146226e-03,7.956992266331661123e-03,7.000926001540517044e-03,6.128184598916470299e-03,5.326042572088793454e-03,4.503538811666479326e-03,3.825763433579562698e-03,3.263432889931488882e-03,2.644614331068869794e-03,2.096842613105187950e-03,1.599273837685120719e-03,1.232647912117685544e-03,9.090055551174004538e-04,6.595851743888263719e-04,4.066323751724467989e-04,1.596757969343376318e-04,5.292943840744631967e-05,-3.066314923252272292e-05,-1.441280971495373430e-05,6.022987448119049265e-05,1.730869605228712042e-04,4.108252488285071401e-04,5.575551868585346647e-04,8.824235733219398543e-04,1.180862459776000012e-03,1.651570915742675691e-03,2.075768800192442660e-03,2.664604752435683743e-03,3.212837504653379486e-03,3.826782896787460191e-03,4.509731716007149734e-03,5.298179925231870369e-03,6.147471181903605732e-03,7.028454974843626780e-03,7.939423338149988185e-03,8.969292034907093078e-03,9.967644722354207162e-03,1.103138829493092304e-02,1.228257770965990141e-02,1.353537140264604068e-02,1.482082725149343541e-02,1.609740436264798027e-02,1.751894225045223449e-02,6.075794408098928595e-03
-1.567028269373614835e-01,-1.444703096949845333e-01,-1.322795363896309140e-01,-1.209702447419009896e-01,-1.100800160835736924e-01,-9.958182169197536682e-02,-8.922332475442119881e-02,-8.003248890489075840e-02,-7.085647534831353289e-02,-6.266703243074994711e-02,-5.457609992184098147e-02,-4.744054722777098221e-02,-4.065923881829582726e-02,-3.459015616302469481e-02,-2.811819326890486331e-02,-2.356000672650844854e-02,-1.933743165809021641e-02,-1.463855616280730632e-02,-1.126840905161432052e-02,-7.670793971120558503e-03,-5.124606307045152624e-03,-3.245636015263632899e-03,-1.838343103154931740e-03,-5.542161165366911663e-04,-2.133582663684236824e-04,1.165221854532359048e-04,-4.596659723138985009e-04,-9.556396967487156783e-04,-3.304177486815497358e-03,-5.362197603367037727e-03,-7.941292755781223164e-03,-1.106727577809268545e-02,-1.446333739753196367e-02,-1.894567661414418153e-02,-2.313071561068713589e-02,-2.867842844843580818e-02,-3.467447039493744276e-02,-4.100563564378126302e-02,-4.738911493934371694e-02,-5.494035427226663659e-02,-6.278507540993948088e-02,-7.128823146894459895e-02,-8.004985471116768392e-02,-8.959144221996938329e-02,-9.906056316737676948e-02,-1.096630136905908381e-01,-1.208452048774691229e-01,-1.323476005249759058e-01,-1.443042703485150346e-01,-1.568711931556829864e-01,-5.445844989705789230e-02
1.058620425313802293e+00,9.723742976601001953e-01,8.928535972565350143e-01,8.161882657157220056e-01,7.410607109918031510e-01,6.728451217087484393e-01,6.040969300239478201e-01,5.437968871218558098e-01,4.799501096363675279e-01,4.245297360703217948e-01,3.708760062416851522e-01,3.225613397446808195e-01,2.776187518717016522e-01,2.345182282248991223e-01,1.915466298236411513e-01,1.601720733831238919e-01,1.260251630898344133e-01,9.886098275799895529e-02,7.569390588487150129e-02,5.167828531503273343e-02,3.756720300947743313e-02,2.108368115416325850e-02,1.442491614620779530e-02,4.080906568214676296e-03,3.101869881836899663e-03,2.309913209729493565e-03,3.020443111138762949e-03,9.007605475207652868e-03,2.181222329801324467e-02,3.485499542873221612e-02,5.588948205111465839e-02,7.423344912481233404e-02,9.887559253025703099e-02,1.254245301918307243e-01,1.600462675595898387e-01,1.928828879165682963e-01,2.342595109956550903e-01,2.768611216886101567e-01,3.207057890889981611e-01,3.728188991593101576e-01,4.238814108824603410e-01,4.785308976752961074e-01,5.432847595714909161e-01,6.030137926542182836e-01,6.723579834514735731e-01,7.428759737901198257e-01,8.169958827076433394e-01,8.946781185339143239e-01,9.738260154906537291e-01,1.062751759394169770e+00,3.673309603370460419e-01
2.858419030243556924e-01,2.628140753403890861e-01,2.401799956265404934e-01,2.194053782765934268e-01,2.001199913690402676e-01,1.799807877012588042e-01,1.628943265687017028e-01,1.450736320228840914e-01,1.290999601478544645e-01,1.136547254465141571e-01,1.000847333116186844e-01,8.713527662735938428e-02,7.444861758462090195e-02,6.308188992718075094e-02,5.249834867919576237e-02,4.320384474612674192e-02,3.455364052391834973e-02,2.560843338811191403e-02,2.047206209605157215e-02,1.472146594612499734e-02,9.477410747758506504e-03,4.996069555880076896e-03,3.073945745885422239e-03,1.207164988913224900e-03,-6.613582679760735071e-05,1.973048463397434390e-04,1.520168549537987508e-03,3.979147301897974220e-03,5.887016165405416050e-03,9.769852220936311657e-03,1.403892932328244629e-02,1.988077535391314515e-02,2.669173429007677331e-02,3.485213302390344908e-02,4.326108088394644419e-02,5.323820098055240257e-02,6.226363135810025068e-02,7.374641829482876665e-02,8.712927911023417293e-02,1.005899354750239283e-01,1.142613422865200873e-01,1.275888437761737715e-01,1.453204662604006825e-01,1.628929781599877946e-01,1.804446233482013551e-01,1.999215947035616059e-01,2.206137949064247428e-01,2.413389258063226572e-01,2.629542988852612839e-01,2.854131710713079251e-01,9.884793363875948868e-02
8.463983218964832300e-01,7.802263930755837240e-01,7.144028076604280741e-01,6.523570173195005761e-01,5.910827873976969293e-01,5.356815075520879876e-01,4.838873121254667620e-01,4.307780607314574683e-01,3.845041149081022125e-01,3.395317723983685698e-01,2.972714381344802592e-01,2.578719401620388485e-01,2.212673344822730370e-01,1.858409321710603190e-01,1.537448493816737372e-01,1.262633007673917007e-01,1.028620171131773009e-01,7.787781415248740124e-02,5.832208609394386178e-02,4.138194705572516979e-02,2.627398758592121644e-02,1.585636942736409760e-02,1.006631123597209916e-02,2.281593445864591504e-03,-1.827134807867255087e-03,-2.849470175121033341e-04,3.811338936665509530e-03,6.537486037012802884e-03,1.847424267286491492e-02,2.677877957033595810e-02,4.219294284246825205e-02,5.911025396627254958e-02,7.867478288990105428e-02,1.018714589700125128e-01,1.283225052072739236e-01,1.555233068150490006e-01,1.858635165850376914e-01,2.210549728016938942e-01,2.574319534576200996e-01,2.958500320442145060e-01,3.390703451776440613e-01,3.832351979949576992e-01,4.310713782882545919e-01,4.839545449261497545e-01,5.371292103688027897e-01,5.939764690715299000e-01,6.530742371120560330e-01,7.132653078514966660e-01,7.805299343916700661e-01,8.466439425115384054e-01,2.933090757526629067e-01
6.503691255892861678e-01,5.974246137338505847e-01,5.480706877355594475e-01,5.004906496476734246e-01,4.554950838854088802e-01,4.098749730416724191e-01,3.688138808444615946e-01,3.320098558787079601e-01,2.949198681154945878e-01,2.592134031624497292e-01,2.278423746729843491e-01,1.958520550774471569e-01,1.721850538335064351e-01,1.443503421441133805e-01,1.198871944679590629e-01,9.772436695387960726e-02,7.758442504785863225e-02,5.961129010090086833e-02,4.560645672188976679e-02,3.190932345272300130e-02,2.114488552733763405e-02,1.190066427247479103e-02,7.001222614371758850e-03,2.074231786424726286e-03,7.818935961691264114e-04,7.073719046551159425e-04,2.653847973523727755e-03,9.304342637475204736e-03,1.404196315821897717e-02,2.070608228532079542e-02,3.316946361255382336e-02,4.566361367546603600e-02,5.958133307530500550e-02,7.681705692849001565e-02,9.808522807002068022e-02,1.199591089741780109e-01,1.420968714854916326e-01,1.699924696583819395e-01,1.974700027424396709e-01,2.286371203537665153e-01,2.609961102787000109e-01,2.944278538504992992e-01,3.329310828449963955e-01,3.692461443991250647e-01,4.137216734801584250e-01,4.538779854345700859e-01,5.001167349281517849e-01,5.472293008635926714e-01,5.971840785102663363e-01,6.522751917569348246e-01,2.248850228624142134e-01
2.035117411833707868e-01,1.876202228955728135e-01,1.716879213688607131e-01,1.571109896309717258e-01,1.424176583862981071e-01,1.290864508106810971e-01,1.163056142379381708e-01,1.036869573588311139e-01,9.319432341414397858e-02,8.171511997483923984e-02,7.126505660107246287e-02,6.162410053917280472e-02,5.303936014292259110e-02,4.450483802006163087e-02,3.793929641042733530e-02,3.074889592809726055e-02,2.448632215372438872e-02,1.939773328683205497e-02,1.411818642162278835e-02,9.916679970711895706e-03,6.831340336575033451e-03,4.194353152547386672e-03,2.279481244234220390e-03,3.209592523395288850e-04,-5.193026222101088172e-05,-8.392352918295464467e-04,4.090439673785066120e-04,2.334824839614407614e-03,4.444131507309647018e-03,6.528102184871442844e-03,1.016582086855309826e-02,1.434208400055475216e-02,1.940736270608931641e-02,2.497092978543147268e-02,3.066553334721477259e-02,3.732707553372871523e-02,4.443660208812768436e-02,5.304425878367825808e-02,6.245486195574262434e-02,7.171942124650143580e-02,8.156345684140316188e-02,9.245880313022081243e-02,1.036969352487975560e-01,1.160101790276858863e-01,1.290539256109294597e-01,1.426258745610853862e-01,1.571332257756327400e-01,1.720467845319228473e-01,1.875211660241703771e-01,2.033509849211306009e-01,7.048595031009725898e-02
3.537881550448626622e-01,3.254951403104241470e-01,2.989299598999532459e-01,2.717803425317171229e-01,2.480435700464662940e-01,2.251717853166099181e-01,2.023560547308252133e-01,1.805770407988860904e-01,1.603278192023243065e-01,1.422243535127604430e-01,1.242567630242477628e-01,1.074421033585531982e-01,9.191734279884292147e-02,7.809858461262850216e-02,6.491557271397382922e-02,5.367777206092620018e-02,4.329166540016600451e-02,3.248797782056078720e-02,2.429840340369136126e-02,1.855746299145629233e-02,1.203873693244305633e-02,6.640406996339213129e-03,4.201597974048006806e-03,1.506170207309457179e-03,1.296226498278949067e-03,2.488400940061022827e-05,1.906057327849173437e-03,2.933624147936262326e-03,7.958218011879847342e-03,1.244452691837198699e-02,1.869108104026478978e-02,2.551649102564123792e-02,3.314915775332969577e-02,4.203400933859979122e-02,5.295495220550688886e-02,6.415538171952829549e-02,7.757864926663053662e-02,9.244645926813860326e-02,1.075456854253732941e-01,1.239806310838825337e-01,1.413908058532375722e-01,1.597678118913266887e-01,1.808548229331589374e-01,2.022060794619722213e-01,2.239204320838012463e-01,2.477687312208104176e-01,2.736407647502123730e-01,2.994116778458933426e-01,3.251841363689027542e-01,3.542452658207987937e-01,1.225213083830804378e-01
3.463146208340721621e-01,3.178302139657585013e-01,2.913204765513630612e-01,2.666813375058281754e-01,2.424474457791989668e-01,2.193924010117272727e-01,1.969062617244086155e-01,1.766507374604915082e-01,1.574993483108805548e-01,1.382908893466611722e-01,1.208395660451083709e-01,1.055501338816109552e-01,9.099610299720867213e-02,7.721424661088142904e-02,6.328246071179312315e-02,5.181919302349029949e-02,4.107226786728627316e-02,3.244417093330225627e-02,2.377786590714755371e-02,1.714766170997209307e-02,1.201483406627060387e-02,7.250860181225040647e-03,2.677434396236355596e-03,2.093903704480043568e-03,-4.088388480303769505e-04,-3.447326614191212335e-04,6.653384546864260073e-04,3.261956213664624071e-03,6.596494116484242012e-03,1.121463251453116983e-02,1.616231750283955021e-02,2.439015762339095603e-02,3.250214969889986955e-02,4.273697061634346150e-02,5.220586846091575944e-02,6.322038082936562442e-02,7.552810898870934708e-02,8.990697951367981888e-02,1.051527953657362541e-01,1.207887442291917385e-01,1.383472799178512014e-01,1.577040861965183505e-01,1.761183091995887351e-01,1.960800095018135070e-01,2.193609655381540957e-01,2.421053344367407600e-01,2.652565784953119232e-01,2.916747107358569902e-01,3.174328282573661841e-01,3.457991595527757367e-01,1.197493127227564763e-01
8.556549854335256944e-01,7.848056158757992229e-01,7.209986159656697202e-01,6.555495951404729515e-01,5.954809602087095532e-01,5.430614659375472275e-01,4.868976254704443507e-01,4.361362491603598679e-01,3.884520569551151992e-01,3.408545794314164490e-01,2.999080915835959926e-01,2.599155506625519529e-01,2.204848631035075390e-01,1.898941587238092976e-01,1.583621693227876825e-01,1.266792535163965283e-01,1.029554381912002325e-01,7.966968179901166847e-02,6.183955584806753031e-02,4.122944023651364809e-02,3.330876561019806975e-02,1.719438957265903914e-02,9.811624296630809886e-03,4.940549614729618580e-03,1.092783162367082402e-04,2.110548543500997151e-04,2.567033713111385729e-03,7.772625991090743348e-03,1.775482261596176073e-02,2.861569583200037833e-02,4.236104326032376355e-02,5.949248033637211802e-02,8.068335215324919096e-02,1.017025279886807909e-01,1.279810100789599836e-01,1.578496380356641526e-01,1.883048582622703082e-01,2.207927958251068856e-01,2.590398692636028399e-01,2.994207960263636781e-01,3.427594487377290666e-01,3.860571056047131244e-01,4.346355447491726531e-01,4.856382802281916655e-01,5.397179143130876877e-01,5.978972856696924687e-01,6.578385422338535182e-01,7.209579747566122743e-01,7.849133401969708990e-01,8.514956694052110420e-01,2.954299981607317882e-01
5.494909082692512881e-01,5.051809465330113769e-01,4.630321868983774403e-01,4.217074299152958616e-01,3.841754684062405056e-01,3.467879945713405743e-01,3.133892071855242101e-01,2.797293152757696078e-01,2.485626865806321584e-01,2.184755027892792967e-01,1.931108419928737330e-01,1.664652780077162664e-01,1.429664804963252378e-01,1.203532261808356874e-01,9.949422938297144969e-02,8.210740562352447647e-02,6.577507813875890785e-02,5.167913090435635737e-02,3.835234044109907953e-02,2.708442243557491330e-02,1.730494593036908946e-02,1.124220435284270514e-02,5.072384053612475664e-03,3.124658523299619125e-03,3.499230432414000207e-04,6.827029534416594828e-04,1.856733009037845944e-03,5.878443735878222630e-03,1.048353989090445269e-02,1.756757967680716917e-02,2.767693057165155138e-02,3.909990184092154708e-02,4.987080332461691495e-02,6.567203290233303292e-02,8.402492886018841922e-02,1.012146927683977154e-01,1.221894749724951046e-01,1.423840329267282989e-01,1.663042494128697812e-01,1.930620808750955486e-01,2.202209056954209099e-01,2.489061243692600733e-01,2.790567199471963300e-01,3.139343836827955259e-01,3.497800065711564321e-01,3.830639054013246225e-01,4.238780179497627643e-01,4.626054476983521568e-01,5.047830122496226313e-01,5.491679233896895607e-01,1.898066343720399840e-01
5.771560788343600007e-02,5.319148875412756106e-02,4.862667927498202231e-02,4.456604031006358713e-02,4.066999709230211674e-02,3.657259530247565504e-02,3.295235818742332790e-02,2.948890404587311068e-02,2.630800145315928887e-02,2.317622590125886436e-02,2.033031909645326152e-02,1.751188494801622988e-02,1.508743456582054172e-02,1.245224225999789353e-02,1.067645405272049826e-02,8.589582954846936014e-03,6.931499974949494221e-03,5.481603876798886790e-03,3.938973979492498521e-03,3.006476739598693167e-03,1.939974617431267914e-03,1.303596723568096246e-03,5.252060566912935451e-04,6.249228679893785378e-05,2.161802916636407560e-05,7.403046787631518640e-05,2.738125012997804004e-04,5.054122462789330163e-04,1.041735779491918942e-03,1.923977574617710077e-03,2.957725716767654368e-03,4.109297607511085311e-03,5.551956059189297812e-03,6.927598003001469822e-03,8.536227727279599789e-03,1.072147976599661934e-02,1.275538944724348249e-02,1.507455476243598456e-02,1.762022202330312468e-02,2.035952753461986106e-02,2.313976041482409401e-02,2.632417409469296754e-02,2.954604633288796314e-02,3.291093695638395294e-02,3.660716351721183398e-02,4.053242139965402419e-02,4.446522605363738972e-02,4.883918962191443475e-02,5.320810713220049115e-02,5.785064502787184981e-02,2.010795807928694029e-02
4.063451859604405580e-01,3.732730693066944605e-01,3.420286345591130317e-01,3.122135143984258177e-01,2.838102718232003441e-01,2.570558482206463102e-01,2.320129213760371567e-01,2.065153934439035444e-01,1.835022851851437764e-01,1.630623599201503349e-01,1.416919369624049796e-01,1.232439102041547191e-01,1.051981223447974179e-01,8.833643972970932345e-02,7.459523527299651013e-02,6.163180676596923674e-02,4.876986676057160075e-02,3.711435637483217337e-02,2.860613713217624240e-02,1.998365186885342829e-02,1.211640869675947169e-02,8.226954865904636052e-03,4.530946612703692575e-03,2.222662861191070528e-03,1.217179486379501218e-03,5.572887388060824686e-04,2.076988138091838410e-03,3.455562432146268119e-03,9.242944460653155711e-03,1.443566198763221800e-02,2.021566632980716441e-02,2.894779553545919967e-02,3.834516461477018717e-02,4.968415583409097752e-02,6.087623285077915086e-02,7.403168681340720203e-02,8.904619407870213721e-02,1.060863510376499202e-01,1.219694012723577525e-01,1.402414276446259656e-01,1.628291789396376921e-01,1.840764575724628260e-01,2.068914510530443229e-01,2.304204338033875310e-01,2.558492283683487245e-01,2.835120031699383536e-01,3.124786139180010802e-01,3.416365093019091415e-01,3.735973901568927502e-01,4.049163733820624334e-01,1.412270519522377255e-01
5.408806241865469211e-01,4.985689204302921063e-01,4.562266209070298673e-01,4.165877185206746658e-01,3.784610821091227151e-01,3.422421051224218691e-01,3.089168097123200507e-01,2.765558530499085399e-01,2.456909263243928776e-01,2.161621743456036693e-01,1.894390493166662193e-01,1.656208885073605919e-01,1.397714008635969063e-01,1.207627785389419478e-01,9.950083316271032818e-02,8.124229634974849956e-02,6.591311056267050439e-02,4.907854875851358489e-02,3.919974275359405097e-02,2.875863797649433340e-02,1.912768597984681671e-02,9.372271693363522574e-03,6.244822843199812623e-03,3.340109100372853652e-03,1.454303847408959082e-03,-8.961516522684984153e-04,2.838575352622052083e-03,7.066374516497522969e-03,1.107029307180742474e-02,1.710394176970756255e-02,2.793894173461516223e-02,3.893970358234999374e-02,5.061432071623566537e-02,6.420525137303371987e-02,8.216787263401052754e-02,9.880901678277068112e-02,1.195770957967001030e-01,1.421444873681045051e-01,1.630283691254039435e-01,1.903226141192191634e-01,2.164884376863148996e-01,2.453660966360785289e-01,2.765802351985706120e-01,3.080202569645981159e-01,3.419664404265435609e-01,3.775524658422212965e-01,4.178296114696578578e-01,4.562307970229991794e-01,4.984627732253499866e-01,5.409079558037204194e-01,1.877959214403144284e-01
-5.268563133289221045e-02,-4.833932298433275127e-02,-4.433376798791476003e-02,-4.052207388053080672e-02,-3.680020617678257666e-02,-3.339298992870047555e-02,-2.990688970229638324e-02,-2.673452096334678896e-02,-2.379659797656489412e-02,-2.108021986539354922e-02,-1.841814561702146552e-02,-1.584787138127179487e-02,-1.359193777886518774e-02,-1.143382442925165200e-02,-9.720847128195065148e-03,-7.975328824409049985e-03,-6.320362980157062660e-03,-4.897302115853348695e-03,-3.713085118225027507e-03,-2.680756566253937254e-03,-1.676273592896032442e-03,-1.080404314600302059e-03,-6.416974393453449277e-04,-2.822643096077623944e-04,-2.783740878282470638e-06,2.104902400478889546e-04,-2.726868036696440288e-04,-5.720141196632349710e-04,-8.872574976380607700e-04,-1.811847878139432157e-03,-2.615344942472729983e-03,-3.556882703572947224e-03,-5.002436086252819852e-03,-6.354698606294712990e-03,-7.945465513059867674e-03,-9.777917784090171816e-03,-1.146667965665207518e-02,-1.373640455332216133e-02,-1.603711315762985229e-02,-1.845713668008844635e-02,-2.097954064956379649e-02,-2.384662818667327572e-02,-2.689582081958071663e-02,-2.995730990728071030e-02,-3.325575909119132118e-02,-3.682541130161106485e-02,-4.052190838853510918e-02,-4.428052562610093612e-02,-4.840367834068306369e-02,-5.247124563451439211e-02,-1.824365711192465350e-02
4.477450584801159761e-01,4.118850546382973876e-01,3.774528773814140870e-01,3.450338915924273664e-01,3.138290213818167307e-01,2.830824236427363361e-01,2.556436372835004800e-01,2.290692426242455781e-01,2.023397129367729419e-01,1.790661650410054206e-01,1.573813506043766353e-01,1.353790578016569324e-01,1.164733769596633245e-01,9.947725445221358709e-02,8.351480205848237082e-02,6.768558106348253334e-02,5.384202290972605470e-02,4.167471996216707414e-02,3.215150298182427313e-02,2.333720483276522858e-02,1.435916250999783213e-02,9.748381474114817258e-03,4.266857054194857571e-03,1.113244723040712585e-03,8.534533844997756083e-05,8.407707542892613834e-04,1.884305349760138784e-03,4.853501325729452608e-03,9.380327833053946074e-03,1.543043408333100337e-02,2.251430100923257696e-02,3.196756009531744741e-02,4.157031383987338374e-02,5.438307676740824353e-02,6.796068547990259667e-02,8.279183698589263896e-02,9.925486318250729967e-02,1.169884310445724745e-01,1.368716685766718510e-01,1.555086468405589284e-01,1.799730768799438774e-01,2.046094038258713388e-01,2.282861186438248369e-01,2.550958381097458427e-01,2.848053001367641945e-01,3.132160813962417967e-01,3.447516582759726500e-01,3.781611325360490494e-01,4.118731567278279271e-01,4.488219799974371704e-01,1.551729162904917358e-01
7.028278532184328853e-01,6.477518137322126890e-01,5.937491857791469263e-01,5.435982214301524618e-01,4.938472082656192863e-01,4.452020608063597673e-01,3.998953142334940036e-01,3.598710839430825925e-01,3.184701548241155589e-01,2.812869376969154289e-01,2.453694366617968914e-01,2.143467437719497881e-01,1.824955966274301178e-01,1.549945772277971090e-01,1.292210338090238886e-01,1.059861747207871963e-01,8.538059031832891110e-02,6.568797452965034755e-02,4.876010868314151203e-02,3.353528533845263893e-02,2.384445230764700718e-02,1.419757228928580396e-02,6.590943315228705267e-03,2.702345841652768407e-03,1.179388654490835407e-03,1.444365132388709342e-03,1.048022732696230743e-03,6.952947505646568140e-03,1.535522708864592127e-02,2.539080058759955738e-02,3.461451199763675157e-02,5.095499787809620179e-02,6.454144906889834610e-02,8.588448649683287639e-02,1.055043637033684090e-01,1.308594487780323223e-01,1.545503813308210794e-01,1.828441305441448339e-01,2.135055419506495522e-01,2.448752981177669819e-01,2.798095662043735277e-01,3.196749439707398666e-01,3.600269119837543053e-01,4.018337433054992025e-01,4.444519332612598683e-01,4.931378099759581302e-01,5.408500499241803983e-01,5.938767220335178232e-01,6.485497972793196064e-01,7.040271792929133632e-01,2.449460495285478157e-01
4.285060550620155978e-02,3.932953553377364214e-02,3.604857743760055827e-02,3.293215121141877116e-02,2.985160596267552591e-02,2.706137206161202818e-02,2.436000586695768674e-02,2.179754102654036033e-02,1.941033572521838266e-02,1.702082374839856277e-02,1.490486441564471340e-02,1.305362575632637752e-02,1.100401425476499502e-02,9.459478041920783148e-03,7.830043178645631347e-03,6.438942898660138942e-03,5.244692487491427885e-03,3.998658030345333438e-03,3.048985990617648391e-03,2.158513366176439789e-03,1.435606354266597906e-03,8.579448954075245175e-04,4.893234510673430404e-04,1.142436768539563028e-04,-5.341904867573185270e-05,2.249450629837048218e-05,1.724065649119047462e-04,3.304353825311392686e-04,8.719565436101695856e-04,1.365292567306272209e-03,2.194269626182421013e-03,2.896147335731351097e-03,4.128038999487946073e-03,5.125376382067410759e-03,6.374443999537487103e-03,7.835742978408870990e-03,9.455696502290051111e-03,1.118634034974605451e-02,1.296513546464031670e-02,1.488642387884676378e-02,1.703768847439687123e-02,1.941147436934399437e-02,2.187753365369222644e-02,2.445014640887931828e-02,2.709730245501078272e-02,2.999694875062560578e-02,3.304823953664468711e-02,3.613710649637388167e-02,3.939698798387494816e-02,4.270745547280753451e-02,1.491601848224956110e-02
8.432370841253984672e-02,7.752803254344353689e-02,7.109851862133985401e-02,6.500174144014335409e-02,5.899805106292518864e-02,5.332962479848393778e-02,4.787903766893995827e-02,4.292470224898701364e-02,3.821822135102501128e-02,3.373721418361560337e-02,2.952456510822369651e-02,2.568533620020622618e-02,2.202633172863267819e-02,1.854463619549853379e-02,1.536113506569015789e-02,1.270797651744046304e-02,1.041373849598152199e-02,7.930682777141925127e-03,5.890257619604110512e-03,4.309934255043963020e-03,2.914533855111962543e-03,1.790902103422788161e-03,1.046878442735982209e-03,3.634760719627980804e-04,1.993030720759759512e-04,6.359899271822021889e-05,5.030495282140248076e-04,1.026291331174354355e-03,1.832678384484171408e-03,2.938504278424150691e-03,4.528720752868873115e-03,6.060329941650278301e-03,7.785638118084625518e-03,1.016586332800365443e-02,1.262767325036695011e-02,1.572193005818909792e-02,1.870739584711770057e-02,2.217088403479340955e-02,2.547227153491856202e-02,2.963085534276406821e-02,3.353373474774916374e-02,3.799456478893048494e-02,4.291225670032924183e-02,4.819900446083230650e-02,5.321933593085122899e-02,5.895153881263755224e-02,6.499278724408016905e-02,7.112277627612674513e-02,7.774548980071935289e-02,8.420484754992087206e-02,2.919865012505293289e-02
6.477205390344314972e-01,5.952681250749496389e-01,5.462908485491929644e-01,4.980786579726361740e-01,4.520668162778825883e-01,4.124613794123095922e-01,3.696035212352339894e-01,3.331562279149301031e-01,2.931713442331400632e-01,2.590096842344208339e-01,2.262855554139378000e-01,1.961799275022055311e-01,1.695498320610389908e-01,1.433418859333274453e-01,1.198813825456957194e-01,9.873093437429326935e-02,7.907072410234683435e-02,5.977611546403355930e-02,4.512137102835443031e-02,3.277940337481245053e-02,2.542116530599779559e-02,1.396407399804057078e-02,6.850421113866797702e-03,3.071667827846583099e-03,-3.052849039802290644e-04,5.202399029945918921e-04,3.340046467499423882e-03,6.721009450522395443e-03,1.250580564418280610e-02,2.179139956192458275e-02,3.235873457351219618e-02,4.432658687290916971e-02,6.019285298743630441e-02,7.668614152732466938e-02,9.627110071059806484e-02,1.179582466873569380e-01,1.437111159821462258e-01,1.701369353657041505e-01,1.953259955948166149e-01,2.285322085394047298e-01,2.583441579936097132e-01,2.946841826086621929e-01,3.309311722948438672e-01,3.701633309389656401e-01,4.094769068432833614e-01,4.520516399028972621e-01,4.983654472973365057e-01,5.470489695705945676e-01,5.981784417439849344e-01,6.471596331567205374e-01,2.244947117249817270e-01
1.937009294511163326e-01,1.780236844335857105e-01,1.633859429179216893e-01,1.486395397166559440e-01,1.360616438432414588e-01,1.227315379491061148e-01,1.107217522225549949e-01,9.877518432214414668e-02,8.792231466961009101e-02,7.786187451126162784e-02,6.789518353856768829e-02,5.886851722354347755e-02,5.020293845070961103e-02,4.253098514915656936e-02,3.529416267814416280e-02,2.891755503627933821e-02,2.367519864236203656e-02,1.867013922835366810e-02,1.328050197899791930e-02,9.875763722995190702e-03,6.445066412200614082e-03,4.351904245049181656e-03,2.055617102908835134e-03,7.240503918944921806e-04,-1.316326440011453963e-04,-3.559943487536209737e-04,9.431105789560424377e-04,2.117798474323386720e-03,4.061257332027449346e-03,6.364777457547402158e-03,9.721552010065017888e-03,1.386159539841986220e-02,1.843452083356793628e-02,2.298253743921152906e-02,2.894739431379554293e-02,3.518666786519910467e-02,4.274071571879815151e-02,5.068138379356455087e-02,5.874125089553184492e-02,6.766866584495699610e-02,7.744446641098687301e-02,8.852545606357542507e-02,9.918117658033939743e-02,1.106686791466233305e-01,1.228159309578880781e-01,1.356309479941959495e-01,1.489315062036787873e-01,1.630881861405822641e-01,1.780753321139178780e-01,1.934572017276827149e-01,6.728471719023336461e-02
5.392648345352528579e-03,4.965048418766497725e-03,4.552022632492998266e-03,4.151646088581372428e-03,3.782840848043564613e-03,3.417724515042817011e-03,3.079233220526297107e-03,2.747900272230125330e-03,2.453587913190881983e-03,2.156091116020185383e-03,1.903353937667263268e-03,1.637013472250626721e-03,1.404255242173341797e-03,1.193912812704376551e-03,9.978213577576978965e-04,8.188361915141269091e-04,6.637781926561102082e-04,5.110597283569653579e-04,3.793819206398547483e-04,2.678026322087141264e-04,1.810259962029399871e-04,1.219395536949304128e-04,4.518414148953768972e-05,1.372703255299494306e-05,5.086826111286308681e-07,-4.362755938002481820e-06,1.698538328897884099e-05,7.054653039128911459e-05,1.077849304149571116e-04,1.853585129008699652e-04,2.588389781448064211e-04,3.711577259563347570e-04,5.132105753339320266e-04,6.629238873992350902e-04,8.132907868393555399e-04,9.889425664991069887e-04,1.193138987968558147e-03,1.384376840058947847e-03,1.640620317987599112e-03,1.882268936960873563e-03,2.166646377499458712e-03,2.430672085367898989e-03,2.748823319411961355e-03,3.077202494729697549e-03,3.413175101507495614e-03,3.775925254633128673e-03,4.163757123506141647e-03,4.552029030863552136e-03,4.958466485206072284e-03,5.404945217008983241e-03,1.873357191325355706e-03
5.648904665149774296e-01,5.197692184649695957e-01,4.755102899396193017e-01,4.327422213131666973e-01,3.945949413329908340e-01,3.568806204752164035e-01,3.214601987211143652e-01,2.874034732979315332e-01,2.562113495720278467e-01,2.267458456711901327e-01,1.986857813542123596e-01,1.721463779592149190e-01,1.462454498627489552e-01,1.244624098874517609e-01,1.050176671642553128e-01,8.358535351830735649e-02,6.908911075349008502e-02,5.208916439406183901e-02,3.999056250692360759e-02,2.880052799735810173e-02,1.920788606209034022e-02,1.337587956028896130e-02,5.629675875726042680e-03,7.543359063449746240e-04,5.313773204165453791e-04,9.389069838819093065e-05,2.577689613967793468e-03,6.612634141076009428e-03,1.149612609777595981e-02,1.941263100909058556e-02,2.857737758900274691e-02,4.123543338993265750e-02,5.260896079388403812e-02,6.739786948921043519e-02,8.563404218643405619e-02,1.029449801839486395e-01,1.247393311981251501e-01,1.468504142795998835e-01,1.713665004102729594e-01,1.998168289966111011e-01,2.270393463972508741e-01,2.569665880673225322e-01,2.885438966877046374e-01,3.213952038407459910e-01,3.579353923962573791e-01,3.958326106498820107e-01,4.350245135291027077e-01,4.763306588971254474e-01,5.191959126081712173e-01,5.649091445209564188e-01,1.956001941078688300e-01
4.726904086902443125e-01,4.357172003941753302e-01,3.975717643136558177e-01,3.652444970650434164e-01,3.302854162616555289e-01,2.989316065497430452e-01,2.700114079141624490e-01,2.417311062641626096e-01,2.160066202083055775e-01,1.895469737062679128e-01,1.656695994073633660e-01,1.437641639784368874e-01,1.242476039095113671e-01,1.059137395733942000e-01,8.675924276738533614e-02,7.150374802072907710e-02,5.688835022044663736e-02,4.426493337145406132e-02,3.460522236392910012e-02,2.319556381966886294e-02,1.433405262970356177e-02,9.875189945218066506e-03,5.761665466515202352e-03,1.926297281945551316e-03,5.466201493076975476e-04,7.207830545720747377e-04,1.850429927461699027e-03,5.312875703931249985e-03,1.002984588853102557e-02,1.459556977508466753e-02,2.391925237090837889e-02,3.220232156047027339e-02,4.430398227938420891e-02,5.659535776546254643e-02,7.184571069469773696e-02,8.705802786669823712e-02,1.045554593220258538e-01,1.230071554762189184e-01,1.443634436936299115e-01,1.645858259283664859e-01,1.887173433283684809e-01,2.154553110483740930e-01,2.410519753570975476e-01,2.682330319938801555e-01,3.006857644259215423e-01,3.319481771313215202e-01,3.647935665469267397e-01,3.990407072891003493e-01,4.363836155760474345e-01,4.739324243062205677e-01,1.643661130873810827e-01
