"","coef_D1_1se.0.205","coef_D1_1se.0.204691655996898","coef_D1_1se.7","coef_D1_cv.0.001","coef_D1_cv.0.00126494383514721","coef_D1_cv.168"
"1",-0.83812532999708,0.204691655996898,7,-1.95206962120523,0.00126494383514721,168
"2",-0.838125329996977,0.204691655996898,7,-1.9520696212052,0.00126494383514721,168
"3",-0.838125329996847,0.204691655996898,7,-1.95206962120525,0.00126494383514721,168
"4",-0.838125329997172,0.204691655996898,7,-1.9520696212054,0.00126494383514721,168
"5",-0.838125329997408,0.204691655996898,7,-1.95206962120555,0.00126494383514721,168
"6",-0.838125329996757,0.204691655996898,7,-1.95206962120558,0.00126494383514721,168
"7",-0.838125329997892,0.204691655996898,7,-1.9520696212062,0.00126494383514721,168
"8",-0.838125329997391,0.204691655996898,7,-1.95206962120619,0.00126494383514721,168
"9",-0.838125329997537,0.204691655996898,7,-1.95206962120594,0.00126494383514721,168
"10",-0.838125329997069,0.204691655996898,7,-1.95206962120597,0.00126494383514721,168
"11",-0.838125329998206,0.204691655996898,7,-1.95206962120594,0.00126494383514721,168
"12",-0.83812532999731,0.204691655996898,7,-1.85910151330512,0.00126494383514721,168
"13",-0.83812532999762,0.204691655996898,7,-1.56793275718242,0.00126494383514721,168
"14",-0.838125329997,0.204691655996898,7,-1.56793275718238,0.00126494383514721,168
"15",-0.838125329997678,0.204691655996898,7,-1.56793275718231,0.00126494383514721,168
"16",-0.83812532999695,0.204691655996898,7,-1.56793275718232,0.00126494383514721,168
"17",-0.838125329998264,0.204691655996898,7,-1.56793275718231,0.00126494383514721,168
"18",-0.838125329997015,0.204691655996898,7,-1.56793275718228,0.00126494383514721,168
"19",-0.838125329995991,0.204691655996898,7,-1.56793275718231,0.00126494383514721,168
"20",-0.838125329997127,0.204691655996898,7,-1.5679327571822,0.00126494383514721,168
"21",-0.838125329996373,0.204691655996898,7,-1.56793275718222,0.00126494383514721,168
"22",-0.838125329996193,0.204691655996898,7,-1.56793275718221,0.00126494383514721,168
"23",-0.838125329995872,0.204691655996898,7,-1.56793275718192,0.00126494383514721,168
"24",-0.838125329996024,0.204691655996898,7,-1.56793275718181,0.00126494383514721,168
"25",-0.838125329995533,0.204691655996898,7,-1.56793275718187,0.00126494383514721,168
"26",-0.838125329997219,0.204691655996898,7,-1.56793275718176,0.00126494383514721,168
"27",-0.838125329997056,0.204691655996898,7,-1.56793275718181,0.00126494383514721,168
"28",-0.838125329994836,0.204691655996898,7,-1.56793275718188,0.00126494383514721,168
"29",-0.838125329996705,0.204691655996898,7,-1.56793275718206,0.00126494383514721,168
"30",-0.838125329998104,0.204691655996898,7,-1.56793275718204,0.00126494383514721,168
"31",-0.838125329996187,0.204691655996898,7,-1.5679327571819,0.00126494383514721,168
"32",-0.838125329993669,0.204691655996898,7,-1.56793275718186,0.00126494383514721,168
"33",-0.838125329994986,0.204691655996898,7,-1.56793275718224,0.00126494383514721,168
"34",-0.838125329994427,0.204691655996898,7,-1.56793275718208,0.00126494383514721,168
"35",-0.838125329997375,0.204691655996898,7,-1.5679327571821,0.00126494383514721,168
"36",-0.838125329996871,0.204691655996898,7,-1.56793275718208,0.00126494383514721,168
"37",-0.838125329996735,0.204691655996898,7,-1.4698321509268,0.00126494383514721,168
"38",-0.838125329996018,0.204691655996898,7,-1.04872567101142,0.00126494383514721,168
"39",-0.838125329997615,0.204691655996898,7,-1.0487256710115,0.00126494383514721,168
"40",-0.83812532999677,0.204691655996898,7,-1.04872567101151,0.00126494383514721,168
"41",-0.838125329995232,0.204691655996898,7,-1.04872567101156,0.00126494383514721,168
"42",-0.838125329995599,0.204691655996898,7,-1.04872567101172,0.00126494383514721,168
"43",-0.838125329998106,0.204691655996898,7,-1.04872567101168,0.00126494383514721,168
"44",-0.838125329998328,0.204691655996898,7,-1.04872567101145,0.00126494383514721,168
"45",-0.838125330000677,0.204691655996898,7,-1.04872567101179,0.00126494383514721,168
"46",-0.838125329999617,0.204691655996898,7,-1.04872567101265,0.00126494383514721,168
"47",-0.838125330000863,0.204691655996898,7,-1.04872567101245,0.00126494383514721,168
"48",-0.838125329996583,0.204691655996898,7,-1.04872567101216,0.00126494383514721,168
"49",-0.838125329997081,0.204691655996898,7,-1.04872567101235,0.00126494383514721,168
"50",-0.838125329994692,0.204691655996898,7,-1.04872567101242,0.00126494383514721,168
"51",-0.838125329991734,0.204691655996898,7,-1.04872567101215,0.00126494383514721,168
"52",-0.838125329998685,0.204691655996898,7,-1.04872567101239,0.00126494383514721,168
"53",-0.838125329998718,0.204691655996898,7,-1.04872567101242,0.00126494383514721,168
"54",-0.838125329999571,0.204691655996898,7,-1.04872567101242,0.00126494383514721,168
"55",-0.838125329994936,0.204691655996898,7,-1.04872567101242,0.00126494383514721,168
"56",-0.838125329994327,0.204691655996898,7,-1.04872567101254,0.00126494383514721,168
"57",-0.838125329997544,0.204691655996898,7,-1.0487256710125,0.00126494383514721,168
"58",-0.838125329999868,0.204691655996898,7,-1.04872567101252,0.00126494383514721,168
"59",-0.838125329991942,0.204691655996898,7,-1.04872567101239,0.00126494383514721,168
"60",-0.838125330000181,0.204691655996898,7,-1.0487256710126,0.00126494383514721,168
"61",-0.838125329995989,0.204691655996898,7,-1.04872567101253,0.00126494383514721,168
"62",-0.838125330000363,0.204691655996898,7,-1.04872567101232,0.00126494383514721,168
"63",-0.838125329995784,0.204691655996898,7,-1.04872567101226,0.00126494383514721,168
"64",-0.838125329996941,0.204691655996898,7,-1.04872567101228,0.00126494383514721,168
"65",-0.838125330001276,0.204691655996898,7,-1.04872567101224,0.00126494383514721,168
"66",-0.838125329997568,0.204691655996898,7,-1.04872567101241,0.00126494383514721,168
"67",-0.838125329998121,0.204691655996898,7,-1.04872567101264,0.00126494383514721,168
"68",-0.838125329997507,0.204691655996898,7,-0.894846686375476,0.00126494383514721,168
"69",-0.838125329997394,0.204691655996898,7,-0.684460728937686,0.00126494383514721,168
"70",-0.838125330000323,0.204691655996898,7,-0.484256055607677,0.00126494383514721,168
"71",-0.838125329995728,0.204691655996898,7,-0.297267689809073,0.00126494383514721,168
"72",-0.838125329999934,0.204691655996898,7,-0.124640155745836,0.00126494383514721,168
"73",-0.8381253299972,0.204691655996898,7,0.0388596263549371,0.00126494383514721,168
"74",-0.838125329995072,0.204691655996898,7,0.0806683538838029,0.00126494383514721,168
"75",-0.83812533000134,0.204691655996898,7,0.0806683538837688,0.00126494383514721,168
"76",-0.838125329999676,0.204691655996898,7,0.0806683538838833,0.00126494383514721,168
"77",-0.838125329995413,0.204691655996898,7,0.0806683538839048,0.00126494383514721,168
"78",-0.838125329995004,0.204691655996898,7,0.0806683538838784,0.00126494383514721,168
"79",-0.838125329995754,0.204691655996898,7,0.0806683538839092,0.00126494383514721,168
"80",-0.8381253299948,0.204691655996898,7,0.0806683538839905,0.00126494383514721,168
"81",-0.838125329997396,0.204691655996898,7,0.0806683538838675,0.00126494383514721,168
"82",-0.838125329998429,0.204691655996898,7,0.0806683538838089,0.00126494383514721,168
"83",-0.838125329994863,0.204691655996898,7,0.0806683538838432,0.00126494383514721,168
"84",-0.83812532999901,0.204691655996898,7,0.0806683538837717,0.00126494383514721,168
"85",-0.838125329993712,0.204691655996898,7,0.0806683538837144,0.00126494383514721,168
"86",-0.838125329994879,0.204691655996898,7,0.0806683538830745,0.00126494383514721,168
"87",-0.838125329999038,0.204691655996898,7,0.0806683538832841,0.00126494383514721,168
"88",-0.838125330001594,0.204691655996898,7,0.0806683538829751,0.00126494383514721,168
"89",-0.838125330005984,0.204691655996898,7,0.0806683538831564,0.00126494383514721,168
"90",-0.838125330003533,0.204691655996898,7,0.0806683538835654,0.00126494383514721,168
"91",-0.838125330000325,0.204691655996898,7,0.080668353883867,0.00126494383514721,168
"92",-0.838125329995766,0.204691655996898,7,0.0806683538839877,0.00126494383514721,168
"93",-0.838125329996849,0.204691655996898,7,0.0806683538840255,0.00126494383514721,168
"94",-0.838125329995556,0.204691655996898,7,0.0806683538840939,0.00126494383514721,168
"95",-0.838125329995593,0.204691655996898,7,0.0806683538840569,0.00126494383514721,168
"96",-0.838125330001986,0.204691655996898,7,0.0806683538841002,0.00126494383514721,168
"97",-0.83812532999991,0.204691655996898,7,0.0806683538840202,0.00126494383514721,168
"98",-0.838125329995652,0.204691655996898,7,0.08066835388416,0.00126494383514721,168
"99",-0.838125330000171,0.204691655996898,7,0.0806683538840729,0.00126494383514721,168
"100",-0.838125330000503,0.204691655996898,7,0.0806683538840357,0.00126494383514721,168
"101",-0.838125329999559,0.204691655996898,7,0.0806683538840941,0.00126494383514721,168
"102",-0.838125329996014,0.204691655996898,7,0.0806683538840822,0.00126494383514721,168
"103",-0.838125329988227,0.204691655996898,7,0.0806683538837539,0.00126494383514721,168
"104",-0.83812532999577,0.204691655996898,7,0.0806683538842071,0.00126494383514721,168
"105",-0.838125329997284,0.204691655996898,7,0.0806683538841823,0.00126494383514721,168
"106",-0.838125329991954,0.204691655996898,7,0.0806683538842153,0.00126494383514721,168
"107",-0.838125330000791,0.204691655996898,7,0.0806683538847734,0.00126494383514721,168
"108",-0.838125329992398,0.204691655996898,7,0.0806683538849416,0.00126494383514721,168
"109",-0.83812532999545,0.204691655996898,7,0.0806683538848374,0.00126494383514721,168
"110",-0.838125329998093,0.204691655996898,7,0.0806683538848775,0.00126494383514721,168
"111",-0.83812532999234,0.204691655996898,7,0.0806683538848314,0.00126494383514721,168
"112",-0.838125329993926,0.204691655996898,7,0.0806683538850571,0.00126494383514721,168
"113",-0.838125330000341,0.204691655996898,7,0.0806683538850085,0.00126494383514721,168
"114",-0.838125329995534,0.204691655996898,7,0.0806683538848679,0.00126494383514721,168
"115",-0.838125329990308,0.204691655996898,7,0.080668353884874,0.00126494383514721,168
"116",-0.838125329996856,0.204691655996898,7,0.0806683538849571,0.00126494383514721,168
"117",-0.8381253299897,0.204691655996898,7,0.080668353884934,0.00126494383514721,168
"118",-0.838125329999266,0.204691655996898,7,0.0806683538848492,0.00126494383514721,168
"119",-0.838125329993066,0.204691655996898,7,0.0806683538848489,0.00126494383514721,168
"120",-0.838125329993546,0.204691655996898,7,0.0806683538846082,0.00126494383514721,168
"121",-0.838125329996498,0.204691655996898,7,0.0806683538845962,0.00126494383514721,168
"122",-0.838125329987784,0.204691655996898,7,0.0806683538849824,0.00126494383514721,168
"123",-0.838125330004188,0.204691655996898,7,0.0806683538844514,0.00126494383514721,168
"124",-0.838125329995856,0.204691655996898,7,0.0806683538846969,0.00126494383514721,168
"125",-0.838125330001695,0.204691655996898,7,0.0806683538847066,0.00126494383514721,168
"126",-0.838125329995034,0.204691655996898,7,0.0806683538849355,0.00126494383514721,168
"127",-0.83812533000085,0.204691655996898,7,0.080668353885008,0.00126494383514721,168
"128",-0.838125329994668,0.204691655996898,7,0.0806683538857045,0.00126494383514721,168
"129",-0.838125329994911,0.204691655996898,7,0.0806683538856194,0.00126494383514721,168
"130",-0.838125329991836,0.204691655996898,7,0.0806683538857083,0.00126494383514721,168
"131",-0.838125330001952,0.204691655996898,7,0.0806683538856963,0.00126494383514721,168
"132",-0.838125329987745,0.204691655996898,7,0.080668353886067,0.00126494383514721,168
"133",-0.838125329992916,0.204691655996898,7,0.0806683538857767,0.00126494383514721,168
"134",-0.838125329987886,0.204691655996898,7,0.0806683538857002,0.00126494383514721,168
"135",-0.838125329997951,0.204691655996898,7,0.129636372253731,0.00126494383514721,168
"136",-0.838125329996931,0.204691655996898,7,0.129636372253742,0.00126494383514721,168
"137",-0.838125329998477,0.204691655996898,7,0.129636372253394,0.00126494383514721,168
"138",-0.838125329992994,0.204691655996898,7,0.129636372253576,0.00126494383514721,168
"139",-0.838125329991947,0.204691655996898,7,0.129636372253529,0.00126494383514721,168
"140",-0.83812532999582,0.204691655996898,7,0.129636372253464,0.00126494383514721,168
"141",-0.838125330000943,0.204691655996898,7,0.129636372253431,0.00126494383514721,168
"142",-0.838125329994151,0.204691655996898,7,0.12963637225351,0.00126494383514721,168
"143",-0.838125329995431,0.204691655996898,7,0.129636372253549,0.00126494383514721,168
"144",-0.838125329994498,0.204691655996898,7,0.129636372253587,0.00126494383514721,168
"145",-0.838125329998545,0.204691655996898,7,0.129636372253586,0.00126494383514721,168
"146",-0.838125330000633,0.204691655996898,7,0.129636372253264,0.00126494383514721,168
"147",-0.838125329994697,0.204691655996898,7,0.129636372253157,0.00126494383514721,168
"148",-0.838125330000632,0.204691655996898,7,0.1296363722532,0.00126494383514721,168
"149",-0.838125329996299,0.204691655996898,7,0.129636372252854,0.00126494383514721,168
"150",-0.838125329995523,0.204691655996898,7,0.129636372252753,0.00126494383514721,168
"151",-0.838125329998459,0.204691655996898,7,0.129636372252789,0.00126494383514721,168
"152",-0.838125329996463,0.204691655996898,7,0.129636372252634,0.00126494383514721,168
"153",-0.83812532999867,0.204691655996898,7,0.12963637225264,0.00126494383514721,168
"154",-0.838125329994142,0.204691655996898,7,0.129636372252495,0.00126494383514721,168
"155",-0.838125330000114,0.204691655996898,7,0.129636372252633,0.00126494383514721,168
"156",-0.385875874367052,0.204691655996898,7,0.129636372252376,0.00126494383514721,168
"157",-0.38587587436744,0.204691655996898,7,0.129636372252646,0.00126494383514721,168
"158",-0.385875874371261,0.204691655996898,7,0.129636372252629,0.00126494383514721,168
"159",-0.385875874363663,0.204691655996898,7,0.129636372252539,0.00126494383514721,168
"160",-0.385875874373736,0.204691655996898,7,0.129636372252382,0.00126494383514721,168
"161",-0.385875874369964,0.204691655996898,7,0.129636372252455,0.00126494383514721,168
"162",-0.385875874368996,0.204691655996898,7,0.129636372252487,0.00126494383514721,168
"163",-0.385875874362636,0.204691655996898,7,0.129636372252442,0.00126494383514721,168
"164",-0.38587587436325,0.204691655996898,7,0.129636372252628,0.00126494383514721,168
"165",-0.385875874358486,0.204691655996898,7,0.129636372252556,0.00126494383514721,168
"166",-0.385875874362341,0.204691655996898,7,0.129636372252309,0.00126494383514721,168
"167",-0.385875874371908,0.204691655996898,7,0.129636372252033,0.00126494383514721,168
"168",-0.385875874365136,0.204691655996898,7,0.129636372252147,0.00126494383514721,168
"169",-0.0508371846036698,0.204691655996898,7,0.129636372251779,0.00126494383514721,168
"170",-0.0508371846026371,0.204691655996898,7,0.129636372251818,0.00126494383514721,168
"171",-0.0508371846011857,0.204691655996898,7,0.129636372251825,0.00126494383514721,168
"172",-0.0508371845995624,0.204691655996898,7,0.129636372252071,0.00126494383514721,168
"173",-0.0508371845976658,0.204691655996898,7,0.179613360861828,0.00126494383514721,168
"174",-0.0508371846028163,0.204691655996898,7,0.17961336086157,0.00126494383514721,168
"175",-0.0508371846058384,0.204691655996898,7,0.179613360862168,0.00126494383514721,168
"176",-0.0508371846028323,0.204691655996898,7,0.179613360862331,0.00126494383514721,168
"177",-0.0508371845977235,0.204691655996898,7,0.179613360862338,0.00126494383514721,168
"178",-0.0508371846017051,0.204691655996898,7,0.179613360862422,0.00126494383514721,168
"179",-0.0508371845941504,0.204691655996898,7,0.179613360862476,0.00126494383514721,168
"180",-0.0508371845980158,0.204691655996898,7,0.179613360862093,0.00126494383514721,168
"181",-0.0508371845969592,0.204691655996898,7,0.179613360862216,0.00126494383514721,168
"182",-0.0508371845933595,0.204691655996898,7,0.179613360862156,0.00126494383514721,168
"183",-0.0508371845975762,0.204691655996898,7,0.17961336086236,0.00126494383514721,168
"184",-0.0508371846028864,0.204691655996898,7,0.179613360862314,0.00126494383514721,168
"185",-0.0508371846046518,0.204691655996898,7,0.179613360862167,0.00126494383514721,168
"186",-0.0508371846039668,0.204691655996898,7,0.179613360862093,0.00126494383514721,168
"187",-0.0508371846092498,0.204691655996898,7,0.179613360862114,0.00126494383514721,168
"188",-0.0508371846092369,0.204691655996898,7,0.179613360861711,0.00126494383514721,168
"189",-0.050837184597372,0.204691655996898,7,0.179613360861686,0.00126494383514721,168
"190",-0.0508371846025729,0.204691655996898,7,0.179613360861626,0.00126494383514721,168
"191",-0.0508371846040244,0.204691655996898,7,0.179613360861566,0.00126494383514721,168
"192",-0.0508371846035042,0.204691655996898,7,0.179613360861232,0.00126494383514721,168
"193",-0.0508371846080111,0.204691655996898,7,0.179613360861332,0.00126494383514721,168
"194",-0.0508371846057469,0.204691655996898,7,0.179613360861513,0.00126494383514721,168
"195",-0.0508371846000306,0.204691655996898,7,0.179613360861406,0.00126494383514721,168
"196",-0.0508371845972435,0.204691655996898,7,0.458526125038443,0.00126494383514721,168
"197",-0.0508371846006572,0.204691655996898,7,1.1419167509827,0.00126494383514721,168
"198",-0.0508371846045485,0.204691655996898,7,1.39198777387048,0.00126494383514721,168
"199",-0.0508371846013401,0.204691655996898,7,1.3919877738705,0.00126494383514721,168
"200",-0.0508371846015716,0.204691655996898,7,1.39198777387044,0.00126494383514721,168
"201",-0.0508371846052713,0.204691655996898,7,1.39198777387037,0.00126494383514721,168
"202",-0.0508371846016964,0.204691655996898,7,1.39198777387049,0.00126494383514721,168
"203",-0.0508371846018456,0.204691655996898,7,1.39198777387042,0.00126494383514721,168
"204",-0.0508371846028021,0.204691655996898,7,1.39198777387042,0.00126494383514721,168
"205",-0.050837184604803,0.204691655996898,7,1.39198777387041,0.00126494383514721,168
"206",-0.0508371846031292,0.204691655996898,7,1.39198777387047,0.00126494383514721,168
"207",-0.0508371846048925,0.204691655996898,7,1.39198777387058,0.00126494383514721,168
"208",-0.0508371846025903,0.204691655996898,7,1.39198777387038,0.00126494383514721,168
"209",-0.0508371846060674,0.204691655996898,7,1.39198777387059,0.00126494383514721,168
"210",-0.0508371846089652,0.204691655996898,7,1.39198777387034,0.00126494383514721,168
"211",-0.0508371846023156,0.204691655996898,7,1.39198777387022,0.00126494383514721,168
"212",-0.0508371845986325,0.204691655996898,7,1.39198777387018,0.00126494383514721,168
"213",-0.0508371846063078,0.204691655996898,7,1.39198777387032,0.00126494383514721,168
"214",-0.0508371846029626,0.204691655996898,7,1.39198777387056,0.00126494383514721,168
"215",-0.0508371846042333,0.204691655996898,7,1.39198777387049,0.00126494383514721,168
"216",-0.050837184598942,0.204691655996898,7,1.39198777387039,0.00126494383514721,168
"217",-0.0508371846054346,0.204691655996898,7,1.39198777387047,0.00126494383514721,168
"218",-0.0508371845995821,0.204691655996898,7,1.39198777387066,0.00126494383514721,168
"219",-0.0508371845996104,0.204691655996898,7,1.39198777387036,0.00126494383514721,168
"220",-0.0508371846021578,0.204691655996898,7,1.39198777387039,0.00126494383514721,168
"221",-0.0508371846043599,0.204691655996898,7,1.39198777387062,0.00126494383514721,168
"222",-0.0508371846076948,0.204691655996898,7,1.39198777387042,0.00126494383514721,168
"223",-0.0508371846059869,0.204691655996898,7,1.39198777387037,0.00126494383514721,168
"224",-0.0508371846015557,0.204691655996898,7,1.39198777387055,0.00126494383514721,168
"225",-0.0508371846022764,0.204691655996898,7,1.39198777387049,0.00126494383514721,168
"226",-0.0508371846027961,0.204691655996898,7,1.39198777387048,0.00126494383514721,168
"227",-0.0508371846058533,0.204691655996898,7,1.39198777387045,0.00126494383514721,168
"228",-0.0508371846040056,0.204691655996898,7,1.3919877738705,0.00126494383514721,168
"229",-0.0508371846039603,0.204691655996898,7,1.3919877738702,0.00126494383514721,168
"230",-0.0508371846024315,0.204691655996898,7,1.3919877738705,0.00126494383514721,168
"231",-0.0508371846060388,0.204691655996898,7,1.39198777387056,0.00126494383514721,168
"232",-0.0508371846032653,0.204691655996898,7,1.39198777387035,0.00126494383514721,168
"233",-0.0508371846012086,0.204691655996898,7,1.3919877738706,0.00126494383514721,168
"234",-0.0508371846041163,0.204691655996898,7,1.05961937612443,0.00126494383514721,168
"235",-0.0508371846021477,0.204691655996898,7,0.476868297801675,0.00126494383514721,168
"236",-0.0508371846081078,0.204691655996898,7,-0.121625652532531,0.00126494383514721,168
"237",-0.0508371846009668,0.204691655996898,7,-0.725332767604455,0.00126494383514721,168
"238",-0.0508371846037245,0.204691655996898,7,-1.31040665597475,0.00126494383514721,168
"239",-0.050837184600449,0.204691655996898,7,-1.84557922757653,0.00126494383514721,168
"240",-0.0508371846004452,0.204691655996898,7,-2.29823771416142,0.00126494383514721,168
"241",-0.050837184607066,0.204691655996898,7,-2.64704766852674,0.00126494383514721,168
"242",-0.0508371846026734,0.204691655996898,7,-2.87381778560265,0.00126494383514721,168
"243",-0.0508371845992437,0.204691655996898,7,-2.88847092475759,0.00126494383514721,168
"244",-0.0508371846044836,0.204691655996898,7,-2.88847092475761,0.00126494383514721,168
"245",-0.0508371845994673,0.204691655996898,7,-2.88847092475743,0.00126494383514721,168
"246",-0.050837184605379,0.204691655996898,7,-2.88847092475744,0.00126494383514721,168
"247",-0.0508371845997913,0.204691655996898,7,-2.88847092475728,0.00126494383514721,168
"248",-0.0508371845975503,0.204691655996898,7,-2.88847092475711,0.00126494383514721,168
"249",-0.0508371846021145,0.204691655996898,7,-3.05354521103676,0.00126494383514721,168
"250",-0.0508371846013388,0.204691655996898,7,-3.35023063242839,0.00126494383514721,168
"251",-0.0508371846042886,0.204691655996898,7,-3.39212549765773,0.00126494383514721,168
"252",-0.0508371846052283,0.204691655996898,7,-3.39212549765799,0.00126494383514721,168
"253",-0.0508371846040036,0.204691655996898,7,-3.3921254976582,0.00126494383514721,168
"254",-0.0508371846085415,0.204691655996898,7,-3.39212549765783,0.00126494383514721,168
"255",-0.0508371846013011,0.204691655996898,7,-3.3921254976586,0.00126494383514721,168
"256",-0.0508371846032053,0.204691655996898,7,-3.39212549765897,0.00126494383514721,168
"257",-0.0508371846017344,0.204691655996898,7,-3.39212549765891,0.00126494383514721,168
"258",-0.0508371845975317,0.204691655996898,7,-3.3921254976589,0.00126494383514721,168
"259",-0.0508371846003305,0.204691655996898,7,-3.39212549765906,0.00126494383514721,168
"260",-0.050837184601618,0.204691655996898,7,-3.39212549765911,0.00126494383514721,168
"261",-0.0508371846086065,0.204691655996898,7,-3.39212549765927,0.00126494383514721,168
"262",-0.0508371846042785,0.204691655996898,7,-3.39212549765945,0.00126494383514721,168
"263",-0.0508371846016189,0.204691655996898,7,-3.39212549765948,0.00126494383514721,168
"264",-0.0508371846080374,0.204691655996898,7,-3.39212549765979,0.00126494383514721,168
"265",-0.0508371846028318,0.204691655996898,7,-3.39212549765986,0.00126494383514721,168
"266",-0.0508371846044719,0.204691655996898,7,-3.39212549765977,0.00126494383514721,168
"267",-0.0508371846006879,0.204691655996898,7,-3.39212549765972,0.00126494383514721,168
"268",-0.0508371846135093,0.204691655996898,7,-3.39212549765979,0.00126494383514721,168
"269",-0.0508371846041511,0.204691655996898,7,-3.39212549765956,0.00126494383514721,168
"270",-0.0508371846036008,0.204691655996898,7,-3.39212549765948,0.00126494383514721,168
"271",-0.050837184595928,0.204691655996898,7,-3.21918951294759,0.00126494383514721,168
"272",-0.0508371846027121,0.204691655996898,7,-2.50865268658116,0.00126494383514721,168
"273",-0.0508371846077572,0.204691655996898,7,-1.86517182008691,0.00126494383514721,168
"274",-0.0508371846004742,0.204691655996898,7,-1.78709655767566,0.00126494383514721,168
"275",-0.0508371846118352,0.204691655996898,7,-1.78709655767551,0.00126494383514721,168
"276",-0.0508371846020937,0.204691655996898,7,-1.7870965576757,0.00126494383514721,168
"277",-0.0508371846008742,0.204691655996898,7,-1.78709655767565,0.00126494383514721,168
"278",-0.0508371846047418,0.204691655996898,7,-1.78709655767585,0.00126494383514721,168
"279",-0.0508371846105826,0.204691655996898,7,-1.78709655767578,0.00126494383514721,168
"280",-0.0508371846020536,0.204691655996898,7,-1.78709655767557,0.00126494383514721,168
"281",-0.0508371846039087,0.204691655996898,7,-1.78709655767565,0.00126494383514721,168
"282",-0.0508371846074905,0.204691655996898,7,-1.78709655767562,0.00126494383514721,168
"283",-0.0508371845999143,0.204691655996898,7,-1.78709655767557,0.00126494383514721,168
"284",-0.050837184605072,0.204691655996898,7,-1.78709655767551,0.00126494383514721,168
"285",-0.0508371846044315,0.204691655996898,7,-1.7870965576756,0.00126494383514721,168
"286",-0.0508371846037759,0.204691655996898,7,-1.78709655767549,0.00126494383514721,168
"287",-0.0508371846024679,0.204691655996898,7,-1.48315807143642,0.00126494383514721,168
"288",-0.0508371846116655,0.204691655996898,7,-1.35959526669047,0.00126494383514721,168
"289",-0.0508371846047585,0.204691655996898,7,-1.35959526669055,0.00126494383514721,168
"290",-0.0508371846095319,0.204691655996898,7,-1.35959526669055,0.00126494383514721,168
"291",-0.0508371846073391,0.204691655996898,7,-1.3595952666906,0.00126494383514721,168
"292",-0.0508371846095923,0.204691655996898,7,-1.35959526669068,0.00126494383514721,168
"293",-0.0508371846110065,0.204691655996898,7,-1.35959526669079,0.00126494383514721,168
"294",-0.0508371846060035,0.204691655996898,7,-1.3595952666905,0.00126494383514721,168
"295",-0.0508371846085801,0.204691655996898,7,-1.35959526669047,0.00126494383514721,168
"296",-0.050837184599756,0.204691655996898,7,-1.35959526669033,0.00126494383514721,168
"297",-0.0508371846056831,0.204691655996898,7,-1.35959526669056,0.00126494383514721,168
"298",-0.050837184605797,0.204691655996898,7,-1.35959526669018,0.00126494383514721,168
"299",-0.0508371845996287,0.204691655996898,7,-1.35959526669006,0.00126494383514721,168
"300",-0.0508371846030313,0.204691655996898,7,-1.35959526669016,0.00126494383514721,168
"301",-0.0508371846081373,0.204691655996898,7,-1.35959526669035,0.00126494383514721,168
"302",-0.0508371846069842,0.204691655996898,7,-1.35959526669019,0.00126494383514721,168
"303",-0.0508371846054786,0.204691655996898,7,-1.3595952666901,0.00126494383514721,168
"304",-0.0508371846035122,0.204691655996898,7,-1.35959526669008,0.00126494383514721,168
"305",-0.0508371846033361,0.204691655996898,7,-1.35959526669014,0.00126494383514721,168
"306",-0.0508371846004506,0.204691655996898,7,-1.35959526668998,0.00126494383514721,168
"307",-0.0508371846018991,0.204691655996898,7,-1.35959526668997,0.00126494383514721,168
"308",-0.0508371846053779,0.204691655996898,7,-1.17661390051442,0.00126494383514721,168
"309",-0.0508371846025066,0.204691655996898,7,-0.655841657477422,0.00126494383514721,168
"310",-0.0508371846112107,0.204691655996898,7,-0.0503943878020041,0.00126494383514721,168
"311",-0.0508371845970259,0.204691655996898,7,0.571902683952315,0.00126494383514721,168
"312",-0.0508371845994844,0.204691655996898,7,0.653683119251733,0.00126494383514721,168
"313",-0.0508371846065825,0.204691655996898,7,0.653683119251728,0.00126494383514721,168
"314",-0.0508371846108958,0.204691655996898,7,0.653683119251646,0.00126494383514721,168
"315",-0.0508371845965003,0.204691655996898,7,0.653683119251818,0.00126494383514721,168
"316",-0.0508371846041264,0.204691655996898,7,0.653683119251811,0.00126494383514721,168
"317",-0.0508371845999491,0.204691655996898,7,0.653683119251487,0.00126494383514721,168
"318",-0.0508371846090168,0.204691655996898,7,0.653683119251588,0.00126494383514721,168
"319",-0.0508371846113897,0.204691655996898,7,0.653683119251651,0.00126494383514721,168
"320",-0.0508371846101609,0.204691655996898,7,0.653683119251428,0.00126494383514721,168
"321",-0.0508371846042844,0.204691655996898,7,0.653683119251451,0.00126494383514721,168
"322",-0.0508371846029352,0.204691655996898,7,0.653683119251443,0.00126494383514721,168
"323",-0.0508371846000132,0.204691655996898,7,0.653683119251486,0.00126494383514721,168
"324",-0.0508371846047378,0.204691655996898,7,0.653683119251749,0.00126494383514721,168
"325",-0.0508371846047232,0.204691655996898,7,0.653683119251677,0.00126494383514721,168
"326",-0.050837184605691,0.204691655996898,7,0.653683119251837,0.00126494383514721,168
"327",-0.0508371846065436,0.204691655996898,7,0.653683119251646,0.00126494383514721,168
"328",-0.0508371846097675,0.204691655996898,7,0.653683119251769,0.00126494383514721,168
"329",-0.050837184601813,0.204691655996898,7,0.653683119251647,0.00126494383514721,168
"330",-0.0508371846024128,0.204691655996898,7,0.653683119251666,0.00126494383514721,168
"331",-0.0508371846095919,0.204691655996898,7,0.653683119251615,0.00126494383514721,168
"332",-0.0508371846077064,0.204691655996898,7,0.653683119251755,0.00126494383514721,168
"333",-0.0508371845990576,0.204691655996898,7,0.653683119251873,0.00126494383514721,168
"334",-0.050837184598604,0.204691655996898,7,0.653683119251861,0.00126494383514721,168
"335",-0.0508371846043328,0.204691655996898,7,0.653683119251749,0.00126494383514721,168
"336",-0.0508371846023424,0.204691655996898,7,0.653683119251755,0.00126494383514721,168
"337",-0.050837184605703,0.204691655996898,7,0.65368311925172,0.00126494383514721,168
"338",-0.0508371845995856,0.204691655996898,7,0.653683119251789,0.00126494383514721,168
"339",-0.050837184604184,0.204691655996898,7,0.653683119252367,0.00126494383514721,168
"340",-0.0508371846036541,0.204691655996898,7,0.653683119251968,0.00126494383514721,168
"341",-0.0508371846071311,0.204691655996898,7,0.653683119251867,0.00126494383514721,168
"342",-0.0508371846025959,0.204691655996898,7,0.653683119251918,0.00126494383514721,168
"343",-0.0508371845971928,0.204691655996898,7,0.653683119252006,0.00126494383514721,168
"344",-0.0508371846052234,0.204691655996898,7,0.653683119251944,0.00126494383514721,168
"345",-0.050837184605491,0.204691655996898,7,0.653683119252056,0.00126494383514721,168
"346",-0.0508371846033964,0.204691655996898,7,0.653683119252122,0.00126494383514721,168
"347",-0.0508371846015379,0.204691655996898,7,0.653683119252155,0.00126494383514721,168
"348",-0.0508371846090955,0.204691655996898,7,0.653683119251815,0.00126494383514721,168
"349",-0.0508371846064716,0.204691655996898,7,0.653683119251781,0.00126494383514721,168
"350",-0.0508371846031306,0.204691655996898,7,0.653683119251829,0.00126494383514721,168
"351",-0.0508371845995425,0.204691655996898,7,0.653683119251884,0.00126494383514721,168
"352",-0.0508371846123435,0.204691655996898,7,0.653683119251852,0.00126494383514721,168
"353",-0.0508371846037707,0.204691655996898,7,0.653683119252145,0.00126494383514721,168
"354",-0.0508371846036127,0.204691655996898,7,0.653683119252198,0.00126494383514721,168
"355",-0.0508371845965115,0.204691655996898,7,0.653683119252279,0.00126494383514721,168
"356",-0.0508371846043206,0.204691655996898,7,0.653683119251991,0.00126494383514721,168
"357",-0.0508371846104193,0.204691655996898,7,0.653683119251993,0.00126494383514721,168
"358",-0.0508371846066337,0.204691655996898,7,0.653683119252075,0.00126494383514721,168
"359",-0.0508371846021983,0.204691655996898,7,0.65368311925213,0.00126494383514721,168
"360",-0.0508371846012983,0.204691655996898,7,0.653683119252357,0.00126494383514721,168
"361",-0.050837184602653,0.204691655996898,7,0.653683119252305,0.00126494383514721,168
"362",-0.0508371846077186,0.204691655996898,7,0.653683119252229,0.00126494383514721,168
"363",-0.0508371846084193,0.204691655996898,7,0.653683119252453,0.00126494383514721,168
"364",-0.0508371846082127,0.204691655996898,7,0.653683119252096,0.00126494383514721,168
"365",-0.0508371846066669,0.204691655996898,7,0.653683119252065,0.00126494383514721,168
"366",-0.0508371846049456,0.204691655996898,7,0.653683119252034,0.00126494383514721,168
"367",-0.0508371845987015,0.204691655996898,7,0.653683119251984,0.00126494383514721,168
"368",-0.0508371845968942,0.204691655996898,7,0.653683119252024,0.00126494383514721,168
"369",-0.0508371845994963,0.204691655996898,7,0.653683119252105,0.00126494383514721,168
"370",-0.0508371845920262,0.204691655996898,7,0.653683119252213,0.00126494383514721,168
"371",-0.0508371846070928,0.204691655996898,7,0.65368311925203,0.00126494383514721,168
"372",-0.0508371846041168,0.204691655996898,7,0.653683119252058,0.00126494383514721,168
"373",-0.0508371846013841,0.204691655996898,7,0.653683119252052,0.00126494383514721,168
"374",-0.05083718460577,0.204691655996898,7,0.65368311925197,0.00126494383514721,168
"375",-0.0508371846034336,0.204691655996898,7,0.653683119252012,0.00126494383514721,168
"376",-0.0508371846027155,0.204691655996898,7,0.653683119251932,0.00126494383514721,168
"377",-0.0508371846044577,0.204691655996898,7,0.653683119252002,0.00126494383514721,168
"378",-0.0508371846035295,0.204691655996898,7,0.653683119252013,0.00126494383514721,168
"379",-0.050837184604693,0.204691655996898,7,0.653683119252157,0.00126494383514721,168
"380",-0.0508371846052837,0.204691655996898,7,0.653683119252072,0.00126494383514721,168
"381",-0.050837184604112,0.204691655996898,7,0.65368311925194,0.00126494383514721,168
"382",-0.0508371846030799,0.204691655996898,7,0.653683119251563,0.00126494383514721,168
"383",-0.0508371846016177,0.204691655996898,7,0.653683119251344,0.00126494383514721,168
"384",0.340789910125662,0.204691655996898,7,0.653683119251427,0.00126494383514721,168
"385",0.340789910129784,0.204691655996898,7,0.653683119251625,0.00126494383514721,168
"386",0.340789910128607,0.204691655996898,7,0.653683119251492,0.00126494383514721,168
"387",0.340789910123692,0.204691655996898,7,0.653683119251331,0.00126494383514721,168
"388",0.340789910119171,0.204691655996898,7,0.653683119251307,0.00126494383514721,168
"389",0.340789910121514,0.204691655996898,7,0.653683119251259,0.00126494383514721,168
"390",0.340789910125039,0.204691655996898,7,0.653683119251254,0.00126494383514721,168
"391",0.340789910124936,0.204691655996898,7,0.65368311925106,0.00126494383514721,168
"392",0.340789910129549,0.204691655996898,7,0.653683119251008,0.00126494383514721,168
"393",0.340789910114461,0.204691655996898,7,0.653683119251052,0.00126494383514721,168
"394",0.34078991012914,0.204691655996898,7,0.653683119251076,0.00126494383514721,168
"395",0.340789910123851,0.204691655996898,7,0.653683119251041,0.00126494383514721,168
"396",0.340789910125595,0.204691655996898,7,0.653683119250978,0.00126494383514721,168
"397",0.340789910120523,0.204691655996898,7,0.653683119250999,0.00126494383514721,168
"398",0.340789910124162,0.204691655996898,7,0.653683119251159,0.00126494383514721,168
"399",0.340789910130167,0.204691655996898,7,0.653683119251108,0.00126494383514721,168
"400",0.340789910118956,0.204691655996898,7,0.653683119251211,0.00126494383514721,168
"401",0.340789910122907,0.204691655996898,7,0.65368311925152,0.00126494383514721,168
"402",0.340789910123258,0.204691655996898,7,0.6536831192515,0.00126494383514721,168
"403",0.340789910121601,0.204691655996898,7,0.653683119251537,0.00126494383514721,168
"404",0.340789910127622,0.204691655996898,7,0.653683119251382,0.00126494383514721,168
"405",0.340789910120698,0.204691655996898,7,0.653683119251355,0.00126494383514721,168
"406",0.340789910119745,0.204691655996898,7,0.653683119251075,0.00126494383514721,168
"407",0.544127748195191,0.204691655996898,7,0.653683119251047,0.00126494383514721,168
"408",0.544127748197234,0.204691655996898,7,0.653683119250956,0.00126494383514721,168
"409",0.544127748185463,0.204691655996898,7,0.653683119250874,0.00126494383514721,168
"410",0.544127748197914,0.204691655996898,7,0.653683119250979,0.00126494383514721,168
"411",0.54412774819188,0.204691655996898,7,0.653683119250881,0.00126494383514721,168
"412",0.544127748196662,0.204691655996898,7,0.653683119250928,0.00126494383514721,168
"413",0.54412774819645,0.204691655996898,7,0.653683119250986,0.00126494383514721,168
"414",0.544127748190944,0.204691655996898,7,0.653683119250924,0.00126494383514721,168
"415",0.54412774819779,0.204691655996898,7,0.653683119251023,0.00126494383514721,168
"416",0.544127748196447,0.204691655996898,7,0.653683119250983,0.00126494383514721,168
"417",0.544127748193752,0.204691655996898,7,0.653683119250975,0.00126494383514721,168
"418",0.544127748201604,0.204691655996898,7,0.653683119250961,0.00126494383514721,168
"419",0.544127748192127,0.204691655996898,7,0.653683119250844,0.00126494383514721,168
"420",0.544127748198888,0.204691655996898,7,0.65368311925091,0.00126494383514721,168
"421",0.544127748197378,0.204691655996898,7,0.653683119250857,0.00126494383514721,168
"422",0.544127748192869,0.204691655996898,7,0.653683119251021,0.00126494383514721,168
"423",0.544127748187887,0.204691655996898,7,0.653683119251283,0.00126494383514721,168
"424",0.54412774819726,0.204691655996898,7,0.65368311925072,0.00126494383514721,168
"425",0.544127748198565,0.204691655996898,7,0.653683119250783,0.00126494383514721,168
"426",0.544127748201437,0.204691655996898,7,0.653683119250834,0.00126494383514721,168
"427",0.544127748195394,0.204691655996898,7,0.653683119250925,0.00126494383514721,168
"428",0.544127748194058,0.204691655996898,7,0.653683119250987,0.00126494383514721,168
"429",0.5441277481926,0.204691655996898,7,0.653683119251034,0.00126494383514721,168
"430",0.544127748198257,0.204691655996898,7,0.653683119250983,0.00126494383514721,168
"431",0.544127748198977,0.204691655996898,7,0.653683119251066,0.00126494383514721,168
"432",0.544127748200188,0.204691655996898,7,0.653683119251121,0.00126494383514721,168
"433",0.544127748193519,0.204691655996898,7,0.653683119251097,0.00126494383514721,168
"434",0.544127748190467,0.204691655996898,7,0.653683119251199,0.00126494383514721,168
"435",0.544127748189258,0.204691655996898,7,0.653683119251267,0.00126494383514721,168
"436",0.544127748196413,0.204691655996898,7,0.653683119251226,0.00126494383514721,168
"437",0.544127748193751,0.204691655996898,7,0.653683119251384,0.00126494383514721,168
"438",0.544127748193843,0.204691655996898,7,0.631694881464477,0.00126494383514721,168
"439",0.544127748197333,0.204691655996898,7,0.434674754759862,0.00126494383514721,168
"440",0.544127748197298,0.204691655996898,7,0.370371197760431,0.00126494383514721,168
"441",0.54412774818922,0.204691655996898,7,0.370371197760454,0.00126494383514721,168
"442",0.544127748195272,0.204691655996898,7,0.3703711977606,0.00126494383514721,168
"443",0.544127748196305,0.204691655996898,7,0.370371197760724,0.00126494383514721,168
"444",0.544127748192795,0.204691655996898,7,0.370371197760805,0.00126494383514721,168
"445",0.544127748197054,0.204691655996898,7,0.370371197760763,0.00126494383514721,168
"446",0.544127748197988,0.204691655996898,7,0.370371197760762,0.00126494383514721,168
"447",0.544127748195465,0.204691655996898,7,0.252112778941511,0.00126494383514721,168
"448",0.544127748194505,0.204691655996898,7,0.252112778941634,0.00126494383514721,168
"449",0.544127748193088,0.204691655996898,7,0.252112778941607,0.00126494383514721,168
"450",0.544127748194585,0.204691655996898,7,0.252112778941683,0.00126494383514721,168
"451",0.544127748195355,0.204691655996898,7,0.252112778941708,0.00126494383514721,168
"452",0.544127748189647,0.204691655996898,7,0.252112778941672,0.00126494383514721,168
"453",0.544127748193811,0.204691655996898,7,0.252112778941485,0.00126494383514721,168
"454",0.544127748189817,0.204691655996898,7,0.25211277894148,0.00126494383514721,168
"455",0.544127748198442,0.204691655996898,7,0.252112778941561,0.00126494383514721,168
"456",0.544127748197226,0.204691655996898,7,0.252112778941553,0.00126494383514721,168
"457",0.544127748192176,0.204691655996898,7,0.252112778941574,0.00126494383514721,168
"458",0.544127748195489,0.204691655996898,7,0.252112778941306,0.00126494383514721,168
"459",0.54412774819095,0.204691655996898,7,0.252112778941342,0.00126494383514721,168
"460",0.544127748198027,0.204691655996898,7,0.252112778941272,0.00126494383514721,168
"461",0.544127748199659,0.204691655996898,7,0.252112778941186,0.00126494383514721,168
"462",0.544127748194944,0.204691655996898,7,0.252112778941097,0.00126494383514721,168
"463",0.544127748198632,0.204691655996898,7,0.252112778940972,0.00126494383514721,168
"464",0.544127748198846,0.204691655996898,7,0.252112778940873,0.00126494383514721,168
"465",0.544127748190286,0.204691655996898,7,0.252112778941027,0.00126494383514721,168
"466",0.544127748199164,0.204691655996898,7,0.252112778942044,0.00126494383514721,168
"467",0.544127748198132,0.204691655996898,7,0.252112778942089,0.00126494383514721,168
"468",0.544127748199416,0.204691655996898,7,0.252112778941983,0.00126494383514721,168
"469",0.544127748191497,0.204691655996898,7,0.252112778942066,0.00126494383514721,168
"470",0.544127748191284,0.204691655996898,7,0.252112778942132,0.00126494383514721,168
"471",0.544127748200801,0.204691655996898,7,0.252112778942058,0.00126494383514721,168
"472",0.54412774820043,0.204691655996898,7,0.25211277894206,0.00126494383514721,168
"473",0.544127748199219,0.204691655996898,7,0.252112778941989,0.00126494383514721,168
"474",0.544127748201133,0.204691655996898,7,0.252112778941762,0.00126494383514721,168
"475",0.544127748201007,0.204691655996898,7,0.252112778941585,0.00126494383514721,168
"476",0.544127748200808,0.204691655996898,7,0.252112778941512,0.00126494383514721,168
"477",0.544127748193898,0.204691655996898,7,0.252112778941545,0.00126494383514721,168
"478",0.544127748194591,0.204691655996898,7,0.252112778941539,0.00126494383514721,168
"479",0.544127748199687,0.204691655996898,7,0.252112778941496,0.00126494383514721,168
"480",0.544127748198216,0.204691655996898,7,0.252112778941302,0.00126494383514721,168
"481",0.544127748193275,0.204691655996898,7,0.252112778941117,0.00126494383514721,168
"482",0.544127748195575,0.204691655996898,7,0.252112778941313,0.00126494383514721,168
"483",0.544127748197022,0.204691655996898,7,0.252112778941439,0.00126494383514721,168
"484",0.544127748199354,0.204691655996898,7,0.252112778941379,0.00126494383514721,168
"485",0.544127748192991,0.204691655996898,7,0.252112778941284,0.00126494383514721,168
"486",0.544127748207538,0.204691655996898,7,0.252112778941228,0.00126494383514721,168
"487",0.544127748196399,0.204691655996898,7,0.252112778941066,0.00126494383514721,168
"488",0.544127748195966,0.204691655996898,7,0.252112778940941,0.00126494383514721,168
"489",0.544127748193024,0.204691655996898,7,0.252112778940931,0.00126494383514721,168
"490",0.544127748199287,0.204691655996898,7,0.252112778941252,0.00126494383514721,168
"491",0.544127748187862,0.204691655996898,7,0.252112778941104,0.00126494383514721,168
"492",0.544127748194104,0.204691655996898,7,0.252112778940945,0.00126494383514721,168
"493",0.544127748191511,0.204691655996898,7,0.252112778940921,0.00126494383514721,168
"494",0.544127748201411,0.204691655996898,7,0.252112778940936,0.00126494383514721,168
"495",0.544127748193023,0.204691655996898,7,0.25211277894091,0.00126494383514721,168
"496",0.544127748194614,0.204691655996898,7,0.252112778940951,0.00126494383514721,168
"497",0.544127748187267,0.204691655996898,7,0.25211277894084,0.00126494383514721,168
"498",0.544127748194991,0.204691655996898,7,0.252112778940904,0.00126494383514721,168
"499",0.544127748196805,0.204691655996898,7,0.252112778940844,0.00126494383514721,168
"500",0.54412774819855,0.204691655996898,7,0.252112778941011,0.00126494383514721,168
"501",0.544127748197029,0.204691655996898,7,0.252112778940974,0.00126494383514721,168
"502",0.544127748194687,0.204691655996898,7,0.252112778940971,0.00126494383514721,168
"503",0.544127748192699,0.204691655996898,7,0.252112778940971,0.00126494383514721,168
"504",0.544127748198135,0.204691655996898,7,0.252112778941003,0.00126494383514721,168
"505",0.544127748197002,0.204691655996898,7,0.252112778940927,0.00126494383514721,168
"506",0.544127748191012,0.204691655996898,7,0.252112778941053,0.00126494383514721,168
"507",0.54412774819452,0.204691655996898,7,0.252112778941513,0.00126494383514721,168
"508",0.544127748198513,0.204691655996898,7,0.252112778942249,0.00126494383514721,168
"509",0.544127748194081,0.204691655996898,7,0.252112778942159,0.00126494383514721,168
"510",0.544127748194805,0.204691655996898,7,0.252112778942189,0.00126494383514721,168
"511",0.544127748201123,0.204691655996898,7,0.252112778942277,0.00126494383514721,168
"512",0.54412774819576,0.204691655996898,7,0.252112778942277,0.00126494383514721,168
"513",0.544127748200085,0.204691655996898,7,0.252112778942244,0.00126494383514721,168
"514",0.544127748197043,0.204691655996898,7,0.252112778942243,0.00126494383514721,168
"515",0.544127748201232,0.204691655996898,7,0.252112778942384,0.00126494383514721,168
"516",0.544127748200716,0.204691655996898,7,0.252112778942426,0.00126494383514721,168
"517",0.544127748198359,0.204691655996898,7,0.252112778942333,0.00126494383514721,168
"518",0.544127748196277,0.204691655996898,7,0.252112778942344,0.00126494383514721,168
"519",0.544127748197172,0.204691655996898,7,0.252112778942438,0.00126494383514721,168
"520",0.54412774819783,0.204691655996898,7,0.252112778942404,0.00126494383514721,168
"521",0.544127748199819,0.204691655996898,7,0.252112778942355,0.00126494383514721,168
"522",0.544127748201068,0.204691655996898,7,0.252112778942309,0.00126494383514721,168
"523",0.544127748200612,0.204691655996898,7,0.252112778942373,0.00126494383514721,168
"524",0.544127748201113,0.204691655996898,7,0.252112778942349,0.00126494383514721,168
"525",0.544127748196541,0.204691655996898,7,0.252112778942272,0.00126494383514721,168
"526",0.544127748200827,0.204691655996898,7,0.252112778941948,0.00126494383514721,168
"527",0.544127748199407,0.204691655996898,7,0.252112778942008,0.00126494383514721,168
"528",0.544127748198737,0.204691655996898,7,0.25211277894203,0.00126494383514721,168
"529",0.544127748197261,0.204691655996898,7,0.252112778942164,0.00126494383514721,168
"530",0.544127748195869,0.204691655996898,7,0.252112778942106,0.00126494383514721,168
"531",0.544127748198601,0.204691655996898,7,0.252112778942136,0.00126494383514721,168
"532",0.544127748200132,0.204691655996898,7,0.252112778942339,0.00126494383514721,168
"533",0.544127748199527,0.204691655996898,7,0.252112778942384,0.00126494383514721,168
"534",0.544127748198941,0.204691655996898,7,0.252112778942229,0.00126494383514721,168
"535",0.544127748198302,0.204691655996898,7,0.252112778942091,0.00126494383514721,168
"536",0.544127748197604,0.204691655996898,7,0.2521127789422,0.00126494383514721,168
"537",0.544127748199071,0.204691655996898,7,0.2521127789421,0.00126494383514721,168
"538",0.544127748196033,0.204691655996898,7,0.196353892727862,0.00126494383514721,168
"539",0.544127748201559,0.204691655996898,7,0.196353892727856,0.00126494383514721,168
"540",0.544127748196244,0.204691655996898,7,0.19635389272774,0.00126494383514721,168
"541",0.544127748198092,0.204691655996898,7,0.196353892727787,0.00126494383514721,168
"542",0.544127748198654,0.204691655996898,7,0.196353892727599,0.00126494383514721,168
"543",0.544127748197201,0.204691655996898,7,0.196353892727576,0.00126494383514721,168
"544",0.544127748196866,0.204691655996898,7,0.196353892727538,0.00126494383514721,168
"545",0.544127748195868,0.204691655996898,7,0.196353892727498,0.00126494383514721,168
"546",0.544127748194766,0.204691655996898,7,0.196353892727617,0.00126494383514721,168
"547",0.544127748197753,0.204691655996898,7,0.196353892727652,0.00126494383514721,168
"548",0.54412774819917,0.204691655996898,7,0.196353892727555,0.00126494383514721,168
"549",0.544127748199382,0.204691655996898,7,0.196353892727855,0.00126494383514721,168
"550",0.544127748198765,0.204691655996898,7,0.196353892728088,0.00126494383514721,168
"551",0.544127748198826,0.204691655996898,7,0.196353892728231,0.00126494383514721,168
"552",0.544127748199402,0.204691655996898,7,0.1963538927282,0.00126494383514721,168
"553",0.544127748199767,0.204691655996898,7,0.196353892728244,0.00126494383514721,168
"554",0.544127748197831,0.204691655996898,7,0.196353892728423,0.00126494383514721,168
"555",0.544127748197167,0.204691655996898,7,0.196353892728388,0.00126494383514721,168
"556",0.544127748196869,0.204691655996898,7,0.196353892728423,0.00126494383514721,168
"557",0.544127748196934,0.204691655996898,7,0.19635389272847,0.00126494383514721,168
"558",0.544127748196956,0.204691655996898,7,0.196353892728473,0.00126494383514721,168
"559",0.544127748196937,0.204691655996898,7,0.1963538927284,0.00126494383514721,168
"560",0.54412774819816,0.204691655996898,7,0.196353892728378,0.00126494383514721,168
"561",0.544127748198012,0.204691655996898,7,0.196353892728429,0.00126494383514721,168
"562",0.544127748198121,0.204691655996898,7,0.196353892728495,0.00126494383514721,168
"563",0.544127748197763,0.204691655996898,7,0.196353892728611,0.00126494383514721,168
"564",0.544127748197516,0.204691655996898,7,0.196353892728513,0.00126494383514721,168
"565",0.544127748197849,0.204691655996898,7,0.196353892728543,0.00126494383514721,168
"566",0.544127748197848,0.204691655996898,7,0.196353892728409,0.00126494383514721,168
"567",0.544127748197972,0.204691655996898,7,0.196353892728369,0.00126494383514721,168
"568",0.544127748197418,0.204691655996898,7,0.196353892728621,0.00126494383514721,168
"569",0.544127748196803,0.204691655996898,7,0.196353892728476,0.00126494383514721,168
"570",0.544127748197074,0.204691655996898,7,0.196353892728435,0.00126494383514721,168
"571",0.544127748197171,0.204691655996898,7,0.196353892728318,0.00126494383514721,168
"572",0.544127748196967,0.204691655996898,7,0.196353892728279,0.00126494383514721,168
"573",0.54412774819672,0.204691655996898,7,0.196353892728281,0.00126494383514721,168
"574",0.544127748196869,0.204691655996898,7,0.196353892728226,0.00126494383514721,168
"575",0.544127748196489,0.204691655996898,7,0.196353892728291,0.00126494383514721,168
"576",0.544127748196,0.204691655996898,7,0.19635389272827,0.00126494383514721,168
"577",0.544127748195996,0.204691655996898,7,0.196353892728124,0.00126494383514721,168
"578",0.544127748196298,0.204691655996898,7,0.196353892728119,0.00126494383514721,168
"579",0.544127748196223,0.204691655996898,7,0.196353892727917,0.00126494383514721,168
"580",0.544127748195823,0.204691655996898,7,0.196353892727922,0.00126494383514721,168
"581",0.544127748195541,0.204691655996898,7,0.196353892727912,0.00126494383514721,168
"582",0.544127748195604,0.204691655996898,7,0.196353892727905,0.00126494383514721,168
"583",0.544127748194996,0.204691655996898,7,0.196353892727909,0.00126494383514721,168
"584",0.544127748196133,0.204691655996898,7,0.196353892727933,0.00126494383514721,168
"585",0.544127748196138,0.204691655996898,7,0.196353892727973,0.00126494383514721,168
"586",0.544127748196582,0.204691655996898,7,0.196353892727795,0.00126494383514721,168
"587",0.544127748196341,0.204691655996898,7,0.196353892727923,0.00126494383514721,168
"588",0.544127748196057,0.204691655996898,7,0.643795457402695,0.00126494383514721,168
"589",0.544127748197352,0.204691655996898,7,0.731195618138918,0.00126494383514721,168
"590",0.544127748197249,0.204691655996898,7,0.731195618139388,0.00126494383514721,168
"591",0.544127748197674,0.204691655996898,7,0.731195618139413,0.00126494383514721,168
"592",0.544127748197422,0.204691655996898,7,0.731195618139584,0.00126494383514721,168
"593",0.544127748196998,0.204691655996898,7,0.73119561813963,0.00126494383514721,168
"594",0.544127748196588,0.204691655996898,7,0.731195618139558,0.00126494383514721,168
"595",0.54412774819812,0.204691655996898,7,0.731195618139589,0.00126494383514721,168
"596",0.544127748198575,0.204691655996898,7,0.731195618139593,0.00126494383514721,168
"597",0.544127748197919,0.204691655996898,7,0.731195618139688,0.00126494383514721,168
"598",0.544127748197415,0.204691655996898,7,0.73119561813975,0.00126494383514721,168
"599",0.544127748197893,0.204691655996898,7,0.731195618139746,0.00126494383514721,168
"600",0.54412774819433,0.204691655996898,7,0.731195618139823,0.00126494383514721,168
"601",0.544127748194803,0.204691655996898,7,0.73119561813968,0.00126494383514721,168
"602",0.544127748197196,0.204691655996898,7,0.731195618139691,0.00126494383514721,168
"603",0.544127748197225,0.204691655996898,7,0.731195618139679,0.00126494383514721,168
"604",0.54412774819884,0.204691655996898,7,0.731195618139655,0.00126494383514721,168
"605",0.544127748198752,0.204691655996898,7,0.73119561813954,0.00126494383514721,168
"606",0.544127748194467,0.204691655996898,7,0.731195618139621,0.00126494383514721,168
"607",0.544127748197258,0.204691655996898,7,0.73119561813962,0.00126494383514721,168
"608",0.544127748199553,0.204691655996898,7,0.731195618139502,0.00126494383514721,168
"609",0.54412774819543,0.204691655996898,7,-0.0437441228018465,0.00126494383514721,168
"610",0.544127748197893,0.204691655996898,7,-0.043744122801793,0.00126494383514721,168
"611",0.544127748196317,0.204691655996898,7,-0.0437441228019786,0.00126494383514721,168
"612",0.544127748193934,0.204691655996898,7,-0.0437441228017386,0.00126494383514721,168
"613",0.544127748198412,0.204691655996898,7,-0.0437441228014586,0.00126494383514721,168
"614",0.544127748189866,0.204691655996898,7,-0.0437441228017382,0.00126494383514721,168
"615",0.544127748193859,0.204691655996898,7,-0.0437441228016837,0.00126494383514721,168
"616",0.544127748194964,0.204691655996898,7,-0.0437441228018477,0.00126494383514721,168
"617",0.544127748199368,0.204691655996898,7,-0.0437441228018606,0.00126494383514721,168
"618",0.544127748196521,0.204691655996898,7,-0.0437441228019234,0.00126494383514721,168
"619",0.544127748195395,0.204691655996898,7,-0.0437441228019098,0.00126494383514721,168
"620",0.544127748191461,0.204691655996898,7,-0.0437441228019627,0.00126494383514721,168
"621",0.54412774819525,0.204691655996898,7,0.0143956483955588,0.00126494383514721,168
"622",0.544127748199398,0.204691655996898,7,0.284879697046835,0.00126494383514721,168
"623",0.544127748200049,0.204691655996898,7,0.727986200951599,0.00126494383514721,168
"624",0.544127748201404,0.204691655996898,7,1.50803977030937,0.00126494383514721,168
"625",0.544127748198093,0.204691655996898,7,2.58063553434728,0.00126494383514721,168
"626",0.544127748192865,0.204691655996898,7,3.39176356900776,0.00126494383514721,168
"627",0.544127748199212,0.204691655996898,7,3.39176356900753,0.00126494383514721,168
"628",0.544127748202026,0.204691655996898,7,3.39176356900736,0.00126494383514721,168
"629",0.544127748191964,0.204691655996898,7,3.39176356900753,0.00126494383514721,168
"630",0.544127748201739,0.204691655996898,7,3.39176356900724,0.00126494383514721,168
"631",0.544127748195427,0.204691655996898,7,3.39176356900744,0.00126494383514721,168
"632",0.544127748193732,0.204691655996898,7,3.39176356900721,0.00126494383514721,168
"633",0.544127748192375,0.204691655996898,7,3.39176356900694,0.00126494383514721,168
"634",0.544127748196507,0.204691655996898,7,3.39176356900605,0.00126494383514721,168
"635",0.544127748195215,0.204691655996898,7,3.39176356900611,0.00126494383514721,168
"636",0.544127748191878,0.204691655996898,7,3.39176356900634,0.00126494383514721,168
"637",0.544127748199205,0.204691655996898,7,3.39176356900624,0.00126494383514721,168
"638",0.544127748193396,0.204691655996898,7,3.39176356900612,0.00126494383514721,168
"639",0.544127748200281,0.204691655996898,7,3.39176356900604,0.00126494383514721,168
"640",0.544127748198945,0.204691655996898,7,3.39176356900622,0.00126494383514721,168
"641",0.544127748191753,0.204691655996898,7,3.39176356900601,0.00126494383514721,168
"642",0.544127748197889,0.204691655996898,7,3.3917635690062,0.00126494383514721,168
"643",0.544127748194031,0.204691655996898,7,3.39176356900621,0.00126494383514721,168
"644",0.544127748203143,0.204691655996898,7,3.41117696817997,0.00126494383514721,168
"645",0.544127748200688,0.204691655996898,7,4.55712901038018,0.00126494383514721,168
"646",0.544127748190761,0.204691655996898,7,4.55712901038008,0.00126494383514721,168
"647",0.54412774818946,0.204691655996898,7,4.55712901038045,0.00126494383514721,168
"648",0.544127748195281,0.204691655996898,7,4.55712901038001,0.00126494383514721,168
"649",0.544127748196673,0.204691655996898,7,4.5571290103803,0.00126494383514721,168
"650",0.544127748196491,0.204691655996898,7,4.55712901038002,0.00126494383514721,168
"651",0.544127748199318,0.204691655996898,7,4.55712901038006,0.00126494383514721,168
"652",0.544127748199858,0.204691655996898,7,4.55712901038033,0.00126494383514721,168
"653",0.544127748197048,0.204691655996898,7,4.60627842134363,0.00126494383514721,168
"654",0.544127748198741,0.204691655996898,7,4.60627842134381,0.00126494383514721,168
"655",0.544127748204021,0.204691655996898,7,4.60627842134377,0.00126494383514721,168
"656",0.54412774819448,0.204691655996898,7,4.60627842134404,0.00126494383514721,168
"657",0.544127748194121,0.204691655996898,7,4.60627842134381,0.00126494383514721,168
"658",0.544127748196929,0.204691655996898,7,4.60627842134438,0.00126494383514721,168
"659",-0.325101682262543,0.204691655996898,7,4.60627842134413,0.00126494383514721,168
"660",-0.325101682262393,0.204691655996898,7,4.60627842134399,0.00126494383514721,168
"661",-0.325101682263888,0.204691655996898,7,3.35779292264266,0.00126494383514721,168
"662",-0.32510168226336,0.204691655996898,7,3.35779292264261,0.00126494383514721,168
"663",-0.325101682262509,0.204691655996898,7,3.35779292264241,0.00126494383514721,168
"664",-0.32510168226172,0.204691655996898,7,3.35779292264248,0.00126494383514721,168
"665",-0.325101682263289,0.204691655996898,7,3.35779292264251,0.00126494383514721,168
"666",-0.325101682261571,0.204691655996898,7,3.35779292264236,0.00126494383514721,168
"667",-0.325101682260565,0.204691655996898,7,3.35779292264258,0.00126494383514721,168
"668",-0.325101682263439,0.204691655996898,7,0.89539940219297,0.00126494383514721,168
"669",-0.325101682265173,0.204691655996898,7,-2.29372555308948,0.00126494383514721,168
"670",-0.325101682265562,0.204691655996898,7,-2.2937255530896,0.00126494383514721,168
"671",-0.325101682262983,0.204691655996898,7,-2.29372555308983,0.00126494383514721,168
"672",-0.325101682265072,0.204691655996898,7,-2.29372555308974,0.00126494383514721,168
"673",-0.325101682262047,0.204691655996898,7,-2.29372555309005,0.00126494383514721,168
"674",-0.325101682262471,0.204691655996898,7,-2.29372555308951,0.00126494383514721,168
"675",-0.3251016822624,0.204691655996898,7,-2.29372555308969,0.00126494383514721,168
"676",-0.325101682265155,0.204691655996898,7,-2.29372555308979,0.00126494383514721,168
"677",-0.325101682261897,0.204691655996898,7,-2.29372555308953,0.00126494383514721,168
"678",-0.325101682266892,0.204691655996898,7,-3.04304127157326,0.00126494383514721,168
"679",-0.325101682265964,0.204691655996898,7,-4.98266236449103,0.00126494383514721,168
"680",-0.325101682266636,0.204691655996898,7,-4.98266236449073,0.00126494383514721,168
"681",-0.325101682264729,0.204691655996898,7,-4.98266236449073,0.00126494383514721,168
"682",-0.325101682261869,0.204691655996898,7,-4.98266236449076,0.00126494383514721,168
"683",-0.325101682268087,0.204691655996898,7,-4.98266236449074,0.00126494383514721,168
"684",-0.325101682263727,0.204691655996898,7,-4.98266236449111,0.00126494383514721,168
"685",-0.325101682266304,0.204691655996898,7,-4.98266236449118,0.00126494383514721,168
"686",-0.325101682267751,0.204691655996898,7,-4.98266236449117,0.00126494383514721,168
"687",-0.325101682263869,0.204691655996898,7,-4.98266236449098,0.00126494383514721,168
"688",-0.325101682263287,0.204691655996898,7,-4.98266236449099,0.00126494383514721,168
"689",-0.325101682262644,0.204691655996898,7,-4.64487469017365,0.00126494383514721,168
"690",-0.325101682262939,0.204691655996898,7,-3.88506441060182,0.00126494383514721,168
"691",-0.325101682264183,0.204691655996898,7,-3.88506441060182,0.00126494383514721,168
"692",-0.32510168226292,0.204691655996898,7,-3.88506441060172,0.00126494383514721,168
"693",-0.325101682263384,0.204691655996898,7,-3.8850644106018,0.00126494383514721,168
"694",-0.325101682263111,0.204691655996898,7,-3.88506441060171,0.00126494383514721,168
"695",-0.325101682262726,0.204691655996898,7,-3.88506441060171,0.00126494383514721,168
"696",-0.325101682262564,0.204691655996898,7,-3.88506441060157,0.00126494383514721,168
"697",-0.3251016822623,0.204691655996898,7,-3.88506441060187,0.00126494383514721,168
"698",-0.325101682263369,0.204691655996898,7,-3.88506441060184,0.00126494383514721,168
"699",-0.325101682263971,0.204691655996898,7,-3.88506441060193,0.00126494383514721,168
"700",-0.325101682264631,0.204691655996898,7,-3.88506441060178,0.00126494383514721,168
"701",-0.3251016822644,0.204691655996898,7,-3.88506441060189,0.00126494383514721,168
"702",-0.325101682262431,0.204691655996898,7,-3.79664543726035,0.00126494383514721,168
"703",-0.325101682262995,0.204691655996898,7,-3.79664543726038,0.00126494383514721,168
"704",-0.325101682265371,0.204691655996898,7,-3.79664543726061,0.00126494383514721,168
"705",-0.325101682263665,0.204691655996898,7,-3.79664543726036,0.00126494383514721,168
"706",-0.32510168226384,0.204691655996898,7,0.900010418369215,0.00126494383514721,168
"707",-0.325101682262721,0.204691655996898,7,1.14863658385063,0.00126494383514721,168
"708",-0.325101682260219,0.204691655996898,7,1.14863658385053,0.00126494383514721,168
"709",-0.325101682262936,0.204691655996898,7,1.1486365838507,0.00126494383514721,168
"710",-0.325101682260697,0.204691655996898,7,1.14863658385058,0.00126494383514721,168
"711",-0.325101682264238,0.204691655996898,7,1.14863658385063,0.00126494383514721,168
"712",-0.325101682261424,0.204691655996898,7,1.14863658385072,0.00126494383514721,168
"713",-0.325101682262241,0.204691655996898,7,1.14863658385093,0.00126494383514721,168
"714",-0.325101682262233,0.204691655996898,7,1.14863658385061,0.00126494383514721,168
"715",-0.325101682263383,0.204691655996898,7,1.14863658385064,0.00126494383514721,168
"716",-0.325101682264016,0.204691655996898,7,4.04076329993864,0.00126494383514721,168
"717",-0.325101682260452,0.204691655996898,7,4.04076329993847,0.00126494383514721,168
"718",-0.325101682262661,0.204691655996898,7,4.0407632999387,0.00126494383514721,168
"719",-0.32510168225976,0.204691655996898,7,4.0407632999387,0.00126494383514721,168
"720",-0.32510168225886,0.204691655996898,7,4.04076329993873,0.00126494383514721,168
"721",-0.325101682261778,0.204691655996898,7,4.04076329993866,0.00126494383514721,168
"722",-0.325101682260248,0.204691655996898,7,0.372356026216931,0.00126494383514721,168
"723",-0.325101682263595,0.204691655996898,7,0.372356026216885,0.00126494383514721,168
"724",-0.325101682258347,0.204691655996898,7,0.372356026216894,0.00126494383514721,168
"725",-0.325101682262172,0.204691655996898,7,0.372356026216905,0.00126494383514721,168
"726",-0.325101682265228,0.204691655996898,7,0.372356026217024,0.00126494383514721,168
"727",-0.325101682263704,0.204691655996898,7,1.42164456110264,0.00126494383514721,168
"728",-0.325101682259203,0.204691655996898,7,1.4216445611027,0.00126494383514721,168
"729",-0.325101682260854,0.204691655996898,7,1.42164456110286,0.00126494383514721,168
"730",-0.325101682263501,0.204691655996898,7,1.42164456110276,0.00126494383514721,168
"731",-0.325101682257876,0.204691655996898,7,1.42164456110288,0.00126494383514721,168
"732",-0.325101682260339,0.204691655996898,7,1.31321115365853,0.00126494383514721,168
"733",-0.325101682261275,0.204691655996898,7,-5.48746025274093,0.00126494383514721,168
"734",-0.325101682256385,0.204691655996898,7,-6.91596036602324,0.00126494383514721,168
"735",-0.325101682260188,0.204691655996898,7,-6.91596036602313,0.00126494383514721,168
"736",-0.32510168226163,0.204691655996898,7,-6.91596036602343,0.00126494383514721,168
"737",-0.325101682262298,0.204691655996898,7,-6.91596036602304,0.00126494383514721,168
"738",-0.325101682264061,0.204691655996898,7,-4.71077733184975,0.00126494383514721,168
"739",0.417368401438151,0.204691655996898,7,-4.71077733184957,0.00126494383514721,168
"740",0.417368401447037,0.204691655996898,7,-4.71077733184978,0.00126494383514721,168
"741",0.417368401439917,0.204691655996898,7,-4.7107773318497,0.00126494383514721,168
"742",0.417368401442024,0.204691655996898,7,-4.71077733184966,0.00126494383514721,168
"743",0.417368401449341,0.204691655996898,7,-4.71077733184979,0.00126494383514721,168
"744",0.417368401444296,0.204691655996898,7,-4.71077733185001,0.00126494383514721,168
"745",0.41736840144457,0.204691655996898,7,-4.71077733184996,0.00126494383514721,168
"746",0.417368401434183,0.204691655996898,7,-4.71077733185,0.00126494383514721,168
"747",0.417368401441385,0.204691655996898,7,-4.71077733184976,0.00126494383514721,168
"748",0.417368401436685,0.204691655996898,7,-5.40041603885492,0.00126494383514721,168
"749",0.417368401434858,0.204691655996898,7,-5.40041603885498,0.00126494383514721,168
"750",0.417368401441615,0.204691655996898,7,-5.40041603885538,0.00126494383514721,168
"751",0.417368401441793,0.204691655996898,7,-5.40041603885522,0.00126494383514721,168
"752",0.417368401439145,0.204691655996898,7,1.90627497621136,0.00126494383514721,168
"753",0.417368401440586,0.204691655996898,7,3.99495017827049,0.00126494383514721,168
"754",0.417368401432359,0.204691655996898,7,3.99495017827057,0.00126494383514721,168
"755",0.417368401437018,0.204691655996898,7,3.99495017827061,0.00126494383514721,168
"756",0.417368401444538,0.204691655996898,7,3.9949501782709,0.00126494383514721,168
"757",0.417368401440651,0.204691655996898,7,4.83833558068485,0.00126494383514721,168
"758",0.417368401442549,0.204691655996898,7,5.90394800533279,0.00126494383514721,168
"759",0.417368401446379,0.204691655996898,7,5.90394800533289,0.00126494383514721,168
"760",0.417368401440613,0.204691655996898,7,5.90394800533274,0.00126494383514721,168
"761",0.41736840144298,0.204691655996898,7,5.90394800533283,0.00126494383514721,168
"762",0.417368401443544,0.204691655996898,7,5.90394800533295,0.00126494383514721,168
"763",0.417368401441712,0.204691655996898,7,5.90394800533292,0.00126494383514721,168
"764",0.417368401442002,0.204691655996898,7,5.90394800533283,0.00126494383514721,168
"765",0.41736840144396,0.204691655996898,7,5.20175353635466,0.00126494383514721,168
"766",0.417368401442324,0.204691655996898,7,5.20175353635432,0.00126494383514721,168
"767",0.417368401439331,0.204691655996898,7,3.32487732428423,0.00126494383514721,168
"768",0.417368401439187,0.204691655996898,7,3.32487732428467,0.00126494383514721,168
"769",0.417368401440086,0.204691655996898,7,3.3248773242844,0.00126494383514721,168
"770",0.417368401446868,0.204691655996898,7,3.32487732428448,0.00126494383514721,168
"771",0.417368401447768,0.204691655996898,7,3.32487732428482,0.00126494383514721,168
"772",0.417368401448621,0.204691655996898,7,3.32487732428508,0.00126494383514721,168
"773",0.417368401443408,0.204691655996898,7,3.3248773242847,0.00126494383514721,168
"774",0.417368401438459,0.204691655996898,7,3.32487732428467,0.00126494383514721,168
"775",0.417368401442632,0.204691655996898,7,2.40617709804471,0.00126494383514721,168
"776",0.41736840144128,0.204691655996898,7,2.4061770980448,0.00126494383514721,168
"777",0.417368401446019,0.204691655996898,7,2.40617709804461,0.00126494383514721,168
"778",0.417368401439045,0.204691655996898,7,2.40617709804465,0.00126494383514721,168
"779",0.417368401439633,0.204691655996898,7,2.40617709804414,0.00126494383514721,168
"780",0.417368401441797,0.204691655996898,7,2.40617709804425,0.00126494383514721,168
"781",0.417368401446926,0.204691655996898,7,2.40617709804437,0.00126494383514721,168
"782",0.4173684014466,0.204691655996898,7,2.40617709804414,0.00126494383514721,168
"783",0.417368401443287,0.204691655996898,7,2.40617709804424,0.00126494383514721,168
"784",0.417368401438716,0.204691655996898,7,2.40617709804427,0.00126494383514721,168
"785",0.417368401444162,0.204691655996898,7,1.96502095711582,0.00126494383514721,168
"786",0.417368401439568,0.204691655996898,7,-3.47197444936181,0.00126494383514721,168
"787",0.417368401439711,0.204691655996898,7,-6.11245382654869,0.00126494383514721,168
"788",-6.24660024285596e-12,0.204691655996898,7,-8.33402741862352,0.00126494383514721,168
"789",2.38186119058533e-12,0.204691655996898,7,-8.72295058560462,0.00126494383514721,168
"790",2.0774327980004e-12,0.204691655996898,7,-8.72295058560494,0.00126494383514721,168
"791",-5.7151344476419e-13,0.204691655996898,7,-8.7229505856045,0.00126494383514721,168
"792",4.48355149772275e-13,0.204691655996898,7,-8.72295058560462,0.00126494383514721,168
"793",-1.05918775085786e-13,0.204691655996898,7,-8.74404324836117,0.00126494383514721,168
"794",6.91316009959855e-13,0.204691655996898,7,-8.7440432483611,0.00126494383514721,168
"795",-1.35321456409675e-12,0.204691655996898,7,-9.11085977751325,0.00126494383514721,168
"796",1.149796227505e-12,0.204691655996898,7,-9.61062786529731,0.00126494383514721,168
"797",1.99396582817123e-13,0.204691655996898,7,-9.61062786529713,0.00126494383514721,168
"798",1.37574856745791e-12,0.204691655996898,7,-9.61062786529723,0.00126494383514721,168
"799",1.0210422497061e-12,0.204691655996898,7,-9.61062786529706,0.00126494383514721,168
"800",-4.7076729996536e-12,0.204691655996898,7,-9.61062786529739,0.00126494383514721,168
"801",1.45799226708593e-12,0.204691655996898,7,-9.6106278652973,0.00126494383514721,168
"802",-5.6623140644378e-12,0.204691655996898,7,-9.61062786529732,0.00126494383514721,168
"803",-3.71214916426673e-12,0.204691655996898,7,-9.61062786529727,0.00126494383514721,168
"804",-3.40126443468224e-13,0.204691655996898,7,-9.61062786529736,0.00126494383514721,168
"805",4.30837712513714e-12,0.204691655996898,7,-9.61062786529724,0.00126494383514721,168
"806",1.23901771772641e-13,0.204691655996898,7,-9.6106278652975,0.00126494383514721,168
"807",-1.14296792389113e-12,0.204691655996898,7,-9.06887821511155,0.00126494383514721,168
"808",-4.83987435479614e-12,0.204691655996898,7,-8.30705701446757,0.00126494383514721,168
"809",4.77797459478656e-12,0.204691655996898,7,-7.65864693492727,0.00126494383514721,168
"810",5.16563917779283e-12,0.204691655996898,7,-7.18296306555571,0.00126494383514721,168
"811",-8.54965349534473e-12,0.204691655996898,7,-6.88236575940317,0.00126494383514721,168
"812",-1.15740420242211e-12,0.204691655996898,7,-6.70201455266626,0.00126494383514721,168
"813",-1.37293669182378e-12,0.204691655996898,7,-6.61039564388503,0.00126494383514721,168
"814",2.51333043164258e-12,0.204691655996898,7,-6.6103956438851,0.00126494383514721,168
"815",-4.47272533922421e-12,0.204691655996898,7,-6.61039564388497,0.00126494383514721,168
"816",-2.39283428140549e-12,0.204691655996898,7,-6.61039564388497,0.00126494383514721,168
"817",-1.76105595872143e-12,0.204691655996898,7,-6.61039564388515,0.00126494383514721,168
"818",4.01815851242009e-13,0.204691655996898,7,-6.61039564388502,0.00126494383514721,168
"819",-1.87930244487499e-12,0.204691655996898,7,-6.61039564388512,0.00126494383514721,168
"820",-1.0117192283557e-12,0.204691655996898,7,-6.59363809690552,0.00126494383514721,168
"821",-3.79597447795357e-12,0.204691655996898,7,-6.4997761117498,0.00126494383514721,168
"822",-5.96472253127697e-12,0.204691655996898,7,-6.33505437394376,0.00126494383514721,168
"823",2.49614880613738e-12,0.204691655996898,7,-6.10132205053458,0.00126494383514721,168
"824",-5.64505235249275e-12,0.204691655996898,7,-5.80792899192721,0.00126494383514721,168
"825",-1.25286202853135e-12,0.204691655996898,7,-5.45448886099866,0.00126494383514721,168
"826",-7.45403364872653e-13,0.204691655996898,7,-5.05539146329928,0.00126494383514721,168
"827",7.12485566309228e-12,0.204691655996898,7,-4.64829002000763,0.00126494383514721,168
"828",-7.46868736296972e-12,0.204691655996898,7,-4.64571398291322,0.00126494383514721,168
"829",-3.41005562827927e-12,0.204691655996898,7,-4.6457139829133,0.00126494383514721,168
"830",-4.50047591402597e-12,0.204691655996898,7,-4.64571398291335,0.00126494383514721,168
"831",4.33300458325709e-13,0.204691655996898,7,-4.64571398291324,0.00126494383514721,168
"832",-1.40752305459782e-12,0.204691655996898,7,-4.64571398291321,0.00126494383514721,168
"833",-4.04759491971805e-13,0.204691655996898,7,-4.64571398291323,0.00126494383514721,168
"834",1.9480257573661e-12,0.204691655996898,7,-4.6457139829132,0.00126494383514721,168
"835",-2.119697685681e-12,0.204691655996898,7,-4.64571398291318,0.00126494383514721,168
"836",-4.53075585985697e-13,0.204691655996898,7,-4.64571398291322,0.00126494383514721,168
"837",-9.42112841881344e-14,0.204691655996898,7,-4.6457139829131,0.00126494383514721,168
"838",2.12616774244646e-12,0.204691655996898,7,-4.64571398291321,0.00126494383514721,168
"839",3.21899573512623e-13,0.204691655996898,7,-4.64571398291317,0.00126494383514721,168
"840",1.73411350222094e-13,0.204691655996898,7,-4.64571398291316,0.00126494383514721,168
"841",-7.76323657661819e-12,0.204691655996898,7,-4.6457139829131,0.00126494383514721,168
"842",-5.02345091573035e-13,0.204691655996898,7,-4.64571398291306,0.00126494383514721,168
"843",3.43921870184335e-12,0.204691655996898,7,-4.57467307901956,0.00126494383514721,168
"844",-3.14705176813841e-12,0.204691655996898,7,-4.24731172549278,0.00126494383514721,168
"845",-3.23789906093656e-12,0.204691655996898,7,-3.93116646609518,0.00126494383514721,168
"846",-1.64247993480495e-12,0.204691655996898,7,-3.64364581312556,0.00126494383514721,168
"847",2.23564186189348e-12,0.204691655996898,7,-3.3964561423699,0.00126494383514721,168
"848",2.04168397632522e-13,0.204691655996898,7,-3.20863921176083,0.00126494383514721,168
"849",2.01466573996811e-12,0.204691655996898,7,-3.14287721272994,0.00126494383514721,168
"850",1.01942752443252e-12,0.204691655996898,7,-3.14287721272997,0.00126494383514721,168
"851",-4.10941303769628e-12,0.204691655996898,7,-3.1428772127299,0.00126494383514721,168
"852",7.4101461476198e-12,0.204691655996898,7,-3.14287721272983,0.00126494383514721,168
"853",1.04067623876302e-12,0.204691655996898,7,-3.14287721272982,0.00126494383514721,168
"854",-1.1573940213165e-12,0.204691655996898,7,-3.14287721272987,0.00126494383514721,168
"855",-1.22850432930989e-12,0.204691655996898,7,-3.14287721272985,0.00126494383514721,168
"856",-1.61784811979376e-12,0.204691655996898,7,-3.14287721272981,0.00126494383514721,168
"857",2.43770733494406e-12,0.204691655996898,7,-3.14287721272992,0.00126494383514721,168
"858",-2.59355293746581e-12,0.204691655996898,7,-3.14287721272984,0.00126494383514721,168
"859",2.92627948784478e-12,0.204691655996898,7,-3.14287721272983,0.00126494383514721,168
"860",8.59582086068373e-13,0.204691655996898,7,-3.14287721272986,0.00126494383514721,168
"861",2.2159532974438e-12,0.204691655996898,7,-3.11284074705508,0.00126494383514721,168
"862",-2.95155642698835e-12,0.204691655996898,7,-3.02027815729378,0.00126494383514721,168
"863",4.52215283675483e-12,0.204691655996898,7,-2.91839656324622,0.00126494383514721,168
"864",-2.22534103348225e-12,0.204691655996898,7,-2.81052603514693,0.00126494383514721,168
"865",-1.34474004804495e-12,0.204691655996898,7,-2.7016191045871,0.00126494383514721,168
"866",4.05450216593724e-12,0.204691655996898,7,-2.5933918011416,0.00126494383514721,168
"867",-9.62321734406701e-13,0.204691655996898,7,-2.48687389406138,0.00126494383514721,168
"868",-1.30781981737078e-13,0.204691655996898,7,-2.38347616925337,0.00126494383514721,168
"869",-3.12504396356791e-12,0.204691655996898,7,-2.28328804822998,0.00126494383514721,168
"870",-3.42601806214708e-12,0.204691655996898,7,-2.18660618674531,0.00126494383514721,168
"871",2.13021048497432e-12,0.204691655996898,7,-2.09726040064354,0.00126494383514721,168
"872",-5.90689506174365e-13,0.204691655996898,7,-2.02204496809843,0.00126494383514721,168
"873",3.01907186069768e-13,0.204691655996898,7,-2.00572114083537,0.00126494383514721,168
"874",-1.78307442695142e-12,0.204691655996898,7,-2.00572114083532,0.00126494383514721,168
"875",-1.73720642018223e-12,0.204691655996898,7,-2.0057211408353,0.00126494383514721,168
"876",7.353540427722e-13,0.204691655996898,7,-2.00572114083531,0.00126494383514721,168
"877",7.04878242591002e-13,0.204691655996898,7,-2.00572114083537,0.00126494383514721,168
"878",1.33771071439276e-12,0.204691655996898,7,-2.00572114083537,0.00126494383514721,168
"879",-7.8111383551998e-12,0.204691655996898,7,-2.00572114083527,0.00126494383514721,168
"880",4.39517910524709e-12,0.204691655996898,7,-2.00572114083535,0.00126494383514721,168
"881",-3.67530629719415e-12,0.204691655996898,7,-2.00572114083532,0.00126494383514721,168
"882",-3.96968127247538e-12,0.204691655996898,7,-2.00572114083537,0.00126494383514721,168
"883",6.15764260551511e-13,0.204691655996898,7,-2.00572114083536,0.00126494383514721,168
"884",5.44538261829372e-12,0.204691655996898,7,-2.00572114083532,0.00126494383514721,168
"885",2.4665166396488e-12,0.204691655996898,7,-2.00572114083533,0.00126494383514721,168
"886",-4.74522128981846e-13,0.204691655996898,7,-1.98030889589348,0.00126494383514721,168
"887",-2.82650667179838e-12,0.204691655996898,7,-1.94889313304696,0.00126494383514721,168
"888",5.76221246513289e-13,0.204691655996898,7,-1.91757301879539,0.00126494383514721,168
"889",-3.38674762800328e-13,0.204691655996898,7,-1.88927909791857,0.00126494383514721,168
"890",3.22187542868122e-13,0.204691655996898,7,-1.86627320319277,0.00126494383514721,168
"891",-2.62978845865134e-13,0.204691655996898,7,-1.84737366477358,0.00126494383514721,168
"892",3.0697249261855e-13,0.204691655996898,7,-1.8276641747856,0.00126494383514721,168
"893",-5.71401354468748e-12,0.204691655996898,7,-1.80321917648324,0.00126494383514721,168
"894",-4.49407466506966e-13,0.204691655996898,7,-1.7731404152976,0.00126494383514721,168
"895",-2.65665897087782e-13,0.204691655996898,7,-1.73307800281063,0.00126494383514721,168
"896",-3.0204269178232e-12,0.204691655996898,7,-1.67872136691593,0.00126494383514721,168
"897",-1.02327982366471e-12,0.204691655996898,7,-1.60845412072532,0.00126494383514721,168
"898",-4.62443796900648e-13,0.204691655996898,7,-1.52565117143757,0.00126494383514721,168
"899",2.36025681251181e-12,0.204691655996898,7,-1.4604656480906,0.00126494383514721,168
"900",-4.41958911122678e-13,0.204691655996898,7,-1.46046564809063,0.00126494383514721,168
"901",-1.09417304671518e-12,0.204691655996898,7,-1.46046564809058,0.00126494383514721,168
"902",-2.45475604683498e-12,0.204691655996898,7,-1.4604656480906,0.00126494383514721,168
"903",-1.28493480996508e-12,0.204691655996898,7,-1.46046564809063,0.00126494383514721,168
"904",-2.05826434634099e-12,0.204691655996898,7,-1.46046564809015,0.00126494383514721,168
"905",-1.60853183006421e-12,0.204691655996898,7,-1.46046564809059,0.00126494383514721,168
"906",8.62494371252139e-13,0.204691655996898,7,-1.46046564809044,0.00126494383514721,168
"907",-9.76594719489634e-13,0.204691655996898,7,-1.46046564809057,0.00126494383514721,168
"908",-1.43188221889445e-12,0.204691655996898,7,-1.46046564809052,0.00126494383514721,168
"909",1.52562141356413e-12,0.204691655996898,7,-1.4604656480906,0.00126494383514721,168
"910",-2.52090258524189e-12,0.204691655996898,7,-1.46046564809061,0.00126494383514721,168
"911",-3.42423924313037e-12,0.204691655996898,7,-1.46046564809061,0.00126494383514721,168
"912",2.19311002297223e-13,0.204691655996898,7,-1.46046564809062,0.00126494383514721,168
"913",1.58172939861419e-12,0.204691655996898,7,-1.46046564809059,0.00126494383514721,168
"914",-4.18134157425357e-12,0.204691655996898,7,-1.46046564809053,0.00126494383514721,168
"915",-3.02669973978176e-12,0.204691655996898,7,-1.46046564809052,0.00126494383514721,168
"916",-1.6529033282569e-12,0.204691655996898,7,-1.46046564809044,0.00126494383514721,168
"917",4.34153859127317e-13,0.204691655996898,7,-1.46046564809048,0.00126494383514721,168
"918",3.39797486484932e-12,0.204691655996898,7,-1.46046564809055,0.00126494383514721,168
"919",-3.17276251368894e-12,0.204691655996898,7,-1.46046564809047,0.00126494383514721,168
"920",4.75891920280926e-13,0.204691655996898,7,-1.46046564809051,0.00126494383514721,168
"921",-4.74095959815606e-12,0.204691655996898,7,-1.42323729099266,0.00126494383514721,168
"922",-4.28405171571234e-12,0.204691655996898,7,-1.36519902124087,0.00126494383514721,168
"923",-2.8471171492243e-12,0.204691655996898,7,-1.31751480606135,0.00126494383514721,168
"924",-4.79245003330199e-12,0.204691655996898,7,-1.28017106119086,0.00126494383514721,168
"925",4.42700715538433e-12,0.204691655996898,7,-1.25215522296855,0.00126494383514721,168
"926",9.55235848052253e-13,0.204691655996898,7,-1.23186392920357,0.00126494383514721,168
"927",-5.3457910525183e-12,0.204691655996898,7,-1.21598567057951,0.00126494383514721,168
"928",3.83488318389346e-12,0.204691655996898,7,-1.20321808999908,0.00126494383514721,168
"929",1.45640822968791e-13,0.204691655996898,7,-1.19203227205501,0.00126494383514721,168
"930",-9.369989664214e-13,0.204691655996898,7,-1.18100252448973,0.00126494383514721,168
"931",3.30697914015852e-12,0.204691655996898,7,-1.16871621412093,0.00126494383514721,168
"932",-2.96653494985387e-12,0.204691655996898,7,-1.15267738138677,0.00126494383514721,168
"933",1.43444595932228e-12,0.204691655996898,7,-1.13111421558628,0.00126494383514721,168
"934",-2.3256896783903e-12,0.204691655996898,7,-1.10517929620869,0.00126494383514721,168
"935",-2.0808596273802e-12,0.204691655996898,7,-1.075136447816,0.00126494383514721,168
"936",2.23705518360674e-12,0.204691655996898,7,-1.04336495323239,0.00126494383514721,168
"937",-1.2488299043161e-12,0.204691655996898,7,-1.01526959889129,0.00126494383514721,168
"938",1.81302878933906e-12,0.204691655996898,7,-1.01526959889134,0.00126494383514721,168
"939",-8.30883414661036e-13,0.204691655996898,7,-1.01526959889132,0.00126494383514721,168
"940",-1.65608910918703e-12,0.204691655996898,7,-1.01526959889135,0.00126494383514721,168
"941",-3.18520374175353e-12,0.204691655996898,7,-1.01526959889128,0.00126494383514721,168
"942",1.94038700863204e-13,0.204691655996898,7,-1.01526959889138,0.00126494383514721,168
"943",-3.85664766604947e-12,0.204691655996898,7,-1.0152695988913,0.00126494383514721,168
"944",-2.25751618980757e-13,0.204691655996898,7,-1.01526959889128,0.00126494383514721,168
"945",3.2646444463191e-12,0.204691655996898,7,-1.01526959889135,0.00126494383514721,168
"946",-2.53418482837301e-12,0.204691655996898,7,-1.01526959889127,0.00126494383514721,168
"947",4.08248448954665e-13,0.204691655996898,7,-1.01526959889109,0.00126494383514721,168
"948",-1.90047376809124e-12,0.204691655996898,7,-1.01526959889102,0.00126494383514721,168
"949",7.09133907099409e-14,0.204691655996898,7,-1.01526959889123,0.00126494383514721,168
"950",5.13696012385973e-13,0.204691655996898,7,-1.0152695988911,0.00126494383514721,168
"951",-7.45417422826551e-13,0.204691655996898,7,-1.00788393018847,0.00126494383514721,168
"952",2.35876678301164e-12,0.204691655996898,7,-0.975865361322091,0.00126494383514721,168
"953",-5.42446445124703e-13,0.204691655996898,7,-0.937012480267054,0.00126494383514721,168
"954",-2.60380340375137e-12,0.204691655996898,7,-0.892356271599951,0.00126494383514721,168
"955",-8.00899484373642e-15,0.204691655996898,7,-0.84460440583158,0.00126494383514721,168
"956",-1.06715434241512e-12,0.204691655996898,7,-0.798189078497928,0.00126494383514721,168
"957",-2.51234830117545e-12,0.204691655996898,7,-0.759287401462378,0.00126494383514721,168
"958",1.93391597908193e-12,0.204691655996898,7,-0.759287401462315,0.00126494383514721,168
"959",-4.07568923313861e-12,0.204691655996898,7,-0.759287401462292,0.00126494383514721,168
"960",6.80759435269734e-15,0.204691655996898,7,-0.759287401462363,0.00126494383514721,168
"961",-4.50657654668952e-12,0.204691655996898,7,-0.759287401462329,0.00126494383514721,168
"962",1.55985960551764e-12,0.204691655996898,7,-0.759287401462316,0.00126494383514721,168
"963",-3.58822991685933e-12,0.204691655996898,7,-0.759287401462314,0.00126494383514721,168
"964",-1.81266408447239e-13,0.204691655996898,7,-0.759287401462329,0.00126494383514721,168
"965",6.79468899643844e-13,0.204691655996898,7,-0.759287401462358,0.00126494383514721,168
"966",1.4459088343381e-12,0.204691655996898,7,-0.759287401462341,0.00126494383514721,168
"967",-3.25864430271374e-12,0.204691655996898,7,-0.759287401462326,0.00126494383514721,168
"968",-7.53749074381065e-12,0.204691655996898,7,-0.759287401462257,0.00126494383514721,168
"969",1.55548949106106e-13,0.204691655996898,7,-0.727408283938099,0.00126494383514721,168
"970",-9.09154028490296e-13,0.204691655996898,7,-0.680627634189778,0.00126494383514721,168
"971",-3.62773034570828e-12,0.204691655996898,7,-0.680627634189644,0.00126494383514721,168
"972",2.47098879401995e-12,0.204691655996898,7,-0.680627634189706,0.00126494383514721,168
"973",1.11458049509527e-12,0.204691655996898,7,-0.680627634189683,0.00126494383514721,168
"974",-2.63247121823311e-13,0.204691655996898,7,-0.680627634189626,0.00126494383514721,168
"975",-9.18047269834829e-13,0.204691655996898,7,-0.680627634189691,0.00126494383514721,168
"976",5.97524980869457e-13,0.204691655996898,7,-0.68062763418969,0.00126494383514721,168
"977",-1.50243659510253e-13,0.204691655996898,7,-0.680627634189723,0.00126494383514721,168
"978",2.42591969577112e-12,0.204691655996898,7,-0.680627634189722,0.00126494383514721,168
"979",-2.24677875854354e-12,0.204691655996898,7,-0.680627634189665,0.00126494383514721,168
"980",-5.09320024284419e-12,0.204691655996898,7,-0.68062763418964,0.00126494383514721,168
"981",1.49154294435452e-12,0.204691655996898,7,-0.68062763418967,0.00126494383514721,168
"982",4.58907618542567e-12,0.204691655996898,7,-0.680627634189763,0.00126494383514721,168
"983",4.18136775565751e-13,0.204691655996898,7,-0.680627634189714,0.00126494383514721,168
"984",5.37299406026151e-13,0.204691655996898,7,-0.680627634189704,0.00126494383514721,168
"985",-1.63993831294495e-12,0.204691655996898,7,-0.680627634189677,0.00126494383514721,168
"986",6.16277714175845e-14,0.204691655996898,7,-0.680627634189693,0.00126494383514721,168
"987",-5.32305861061709e-12,0.204691655996898,7,-0.680627634189666,0.00126494383514721,168
"988",-1.19963655250434e-12,0.204691655996898,7,-0.68062763418965,0.00126494383514721,168
"989",-1.2458195135832e-12,0.204691655996898,7,-0.680627634189544,0.00126494383514721,168
"990",-2.37950280347443e-12,0.204691655996898,7,-0.680627634189593,0.00126494383514721,168
"991",-2.16395761352645e-12,0.204691655996898,7,-0.680627634189548,0.00126494383514721,168
"992",2.4314347927536e-12,0.204691655996898,7,-0.680627634189655,0.00126494383514721,168
"993",-6.62082181692487e-13,0.204691655996898,7,-0.680627634189613,0.00126494383514721,168
"994",-4.76668785189437e-12,0.204691655996898,7,-0.680627634189607,0.00126494383514721,168
"995",-2.86695248817406e-13,0.204691655996898,7,-0.680627634189604,0.00126494383514721,168
"996",3.45368717867882e-12,0.204691655996898,7,-0.680627634189648,0.00126494383514721,168
"997",7.91726879890184e-13,0.204691655996898,7,-0.680627634189661,0.00126494383514721,168
"998",-1.03853485329205e-12,0.204691655996898,7,-0.680627634189667,0.00126494383514721,168
"999",1.38328795230269e-13,0.204691655996898,7,-0.680627634189648,0.00126494383514721,168
"1000",-3.15290967893249e-12,0.204691655996898,7,-0.680627634189719,0.00126494383514721,168
